participant_id,video_no,conflict,action,score,score_type,target_kind,scale,item_no,item_text
2,1,葛藤あり,行動あり,4.333333333333333,post,scale,勇気尺度,,
4,1,葛藤あり,行動あり,4.333333333333333,post,scale,勇気尺度,,
5,1,葛藤あり,行動あり,3.5,post,scale,勇気尺度,,
6,1,葛藤あり,行動あり,5.333333333333333,post,scale,勇気尺度,,
8,1,葛藤あり,行動あり,1.5,post,scale,勇気尺度,,
9,1,葛藤あり,行動あり,4.5,post,scale,勇気尺度,,
11,1,葛藤あり,行動あり,5.5,post,scale,勇気尺度,,
14,1,葛藤あり,行動あり,5.0,post,scale,勇気尺度,,
16,1,葛藤あり,行動あり,5.833333333333333,post,scale,勇気尺度,,
17,1,葛藤あり,行動あり,4.833333333333333,post,scale,勇気尺度,,
20,1,葛藤あり,行動あり,3.8333333333333335,post,scale,勇気尺度,,
22,1,葛藤あり,行動あり,4.5,post,scale,勇気尺度,,
23,1,葛藤あり,行動あり,6.0,post,scale,勇気尺度,,
24,1,葛藤あり,行動あり,2.3333333333333335,post,scale,勇気尺度,,
25,1,葛藤あり,行動あり,4.5,post,scale,勇気尺度,,
28,1,葛藤あり,行動あり,6.0,post,scale,勇気尺度,,
29,1,葛藤あり,行動あり,6.666666666666667,post,scale,勇気尺度,,
30,1,葛藤あり,行動あり,2.6666666666666665,post,scale,勇気尺度,,
33,1,葛藤あり,行動あり,5.333333333333333,post,scale,勇気尺度,,
34,1,葛藤あり,行動あり,5.0,post,scale,勇気尺度,,
35,1,葛藤あり,行動あり,5.166666666666667,post,scale,勇気尺度,,
37,1,葛藤あり,行動あり,3.8333333333333335,post,scale,勇気尺度,,
38,1,葛藤あり,行動あり,3.3333333333333335,post,scale,勇気尺度,,
42,1,葛藤あり,行動あり,3.1666666666666665,post,scale,勇気尺度,,
45,1,葛藤あり,行動あり,2.0,post,scale,勇気尺度,,
47,1,葛藤あり,行動あり,5.0,post,scale,勇気尺度,,
49,1,葛藤あり,行動あり,4.166666666666667,post,scale,勇気尺度,,
52,1,葛藤あり,行動あり,4.5,post,scale,勇気尺度,,
55,1,葛藤あり,行動あり,5.833333333333333,post,scale,勇気尺度,,
60,1,葛藤あり,行動あり,4.833333333333333,post,scale,勇気尺度,,
61,1,葛藤あり,行動あり,4.0,post,scale,勇気尺度,,
63,1,葛藤あり,行動あり,4.666666666666667,post,scale,勇気尺度,,
64,1,葛藤あり,行動あり,5.666666666666667,post,scale,勇気尺度,,
65,1,葛藤あり,行動あり,3.0,post,scale,勇気尺度,,
66,1,葛藤あり,行動あり,3.3333333333333335,post,scale,勇気尺度,,
68,1,葛藤あり,行動あり,4.0,post,scale,勇気尺度,,
69,1,葛藤あり,行動あり,5.833333333333333,post,scale,勇気尺度,,
70,1,葛藤あり,行動あり,2.6666666666666665,post,scale,勇気尺度,,
71,1,葛藤あり,行動あり,3.8333333333333335,post,scale,勇気尺度,,
74,1,葛藤あり,行動あり,5.333333333333333,post,scale,勇気尺度,,
75,1,葛藤あり,行動あり,3.3333333333333335,post,scale,勇気尺度,,
78,1,葛藤あり,行動あり,4.333333333333333,post,scale,勇気尺度,,
79,1,葛藤あり,行動あり,5.333333333333333,post,scale,勇気尺度,,
80,1,葛藤あり,行動あり,3.8333333333333335,post,scale,勇気尺度,,
81,1,葛藤あり,行動あり,4.5,post,scale,勇気尺度,,
82,1,葛藤あり,行動あり,5.0,post,scale,勇気尺度,,
86,1,葛藤あり,行動あり,4.0,post,scale,勇気尺度,,
89,1,葛藤あり,行動あり,7.0,post,scale,勇気尺度,,
90,1,葛藤あり,行動あり,5.666666666666667,post,scale,勇気尺度,,
91,1,葛藤あり,行動あり,4.5,post,scale,勇気尺度,,
92,1,葛藤あり,行動あり,5.0,post,scale,勇気尺度,,
93,1,葛藤あり,行動あり,5.0,post,scale,勇気尺度,,
97,1,葛藤あり,行動あり,4.5,post,scale,勇気尺度,,
98,1,葛藤あり,行動あり,4.666666666666667,post,scale,勇気尺度,,
102,1,葛藤あり,行動あり,4.333333333333333,post,scale,勇気尺度,,
106,1,葛藤あり,行動あり,4.5,post,scale,勇気尺度,,
110,1,葛藤あり,行動あり,4.333333333333333,post,scale,勇気尺度,,
111,1,葛藤あり,行動あり,4.0,post,scale,勇気尺度,,
112,1,葛藤あり,行動あり,5.833333333333333,post,scale,勇気尺度,,
113,1,葛藤あり,行動あり,5.166666666666667,post,scale,勇気尺度,,
117,1,葛藤あり,行動あり,4.833333333333333,post,scale,勇気尺度,,
121,1,葛藤あり,行動あり,6.833333333333333,post,scale,勇気尺度,,
123,1,葛藤あり,行動あり,4.0,post,scale,勇気尺度,,
2,1,葛藤あり,行動あり,-0.3333333333333339,diff,scale,勇気尺度,,
4,1,葛藤あり,行動あり,0.6666666666666665,diff,scale,勇気尺度,,
5,1,葛藤あり,行動あり,1.1666666666666665,diff,scale,勇気尺度,,
6,1,葛藤あり,行動あり,0.6666666666666661,diff,scale,勇気尺度,,
8,1,葛藤あり,行動あり,-1.8333333333333335,diff,scale,勇気尺度,,
9,1,葛藤あり,行動あり,0.5,diff,scale,勇気尺度,,
11,1,葛藤あり,行動あり,-0.833333333333333,diff,scale,勇気尺度,,
14,1,葛藤あり,行動あり,-0.16666666666666696,diff,scale,勇気尺度,,
16,1,葛藤あり,行動あり,0.16666666666666607,diff,scale,勇気尺度,,
17,1,葛藤あり,行動あり,0.33333333333333304,diff,scale,勇気尺度,,
20,1,葛藤あり,行動あり,-0.6666666666666665,diff,scale,勇気尺度,,
22,1,葛藤あり,行動あり,0.0,diff,scale,勇気尺度,,
23,1,葛藤あり,行動あり,0.16666666666666696,diff,scale,勇気尺度,,
24,1,葛藤あり,行動あり,-1.1666666666666665,diff,scale,勇気尺度,,
25,1,葛藤あり,行動あり,0.33333333333333304,diff,scale,勇気尺度,,
28,1,葛藤あり,行動あり,0.666666666666667,diff,scale,勇気尺度,,
29,1,葛藤あり,行動あり,0.666666666666667,diff,scale,勇気尺度,,
30,1,葛藤あり,行動あり,0.8333333333333333,diff,scale,勇気尺度,,
33,1,葛藤あり,行動あり,-0.16666666666666696,diff,scale,勇気尺度,,
34,1,葛藤あり,行動あり,-0.16666666666666696,diff,scale,勇気尺度,,
35,1,葛藤あり,行動あり,0.0,diff,scale,勇気尺度,,
37,1,葛藤あり,行動あり,0.3333333333333335,diff,scale,勇気尺度,,
38,1,葛藤あり,行動あり,-0.5,diff,scale,勇気尺度,,
42,1,葛藤あり,行動あり,0.33333333333333304,diff,scale,勇気尺度,,
45,1,葛藤あり,行動あり,-1.5,diff,scale,勇気尺度,,
47,1,葛藤あり,行動あり,-0.16666666666666696,diff,scale,勇気尺度,,
49,1,葛藤あり,行動あり,0.5000000000000004,diff,scale,勇気尺度,,
52,1,葛藤あり,行動あり,0.33333333333333304,diff,scale,勇気尺度,,
55,1,葛藤あり,行動あり,0.5,diff,scale,勇気尺度,,
60,1,葛藤あり,行動あり,-0.5,diff,scale,勇気尺度,,
61,1,葛藤あり,行動あり,-0.666666666666667,diff,scale,勇気尺度,,
63,1,葛藤あり,行動あり,0.3333333333333339,diff,scale,勇気尺度,,
64,1,葛藤あり,行動あり,-0.16666666666666607,diff,scale,勇気尺度,,
65,1,葛藤あり,行動あり,0.5,diff,scale,勇気尺度,,
66,1,葛藤あり,行動あり,-1.1666666666666665,diff,scale,勇気尺度,,
68,1,葛藤あり,行動あり,-0.16666666666666696,diff,scale,勇気尺度,,
69,1,葛藤あり,行動あり,1.0,diff,scale,勇気尺度,,
70,1,葛藤あり,行動あり,0.0,diff,scale,勇気尺度,,
71,1,葛藤あり,行動あり,-0.8333333333333335,diff,scale,勇気尺度,,
74,1,葛藤あり,行動あり,0.5,diff,scale,勇気尺度,,
75,1,葛藤あり,行動あり,1.5000000000000002,diff,scale,勇気尺度,,
78,1,葛藤あり,行動あり,0.16666666666666607,diff,scale,勇気尺度,,
79,1,葛藤あり,行動あり,0.833333333333333,diff,scale,勇気尺度,,
80,1,葛藤あり,行動あり,-0.3333333333333335,diff,scale,勇気尺度,,
81,1,葛藤あり,行動あり,0.16666666666666696,diff,scale,勇気尺度,,
82,1,葛藤あり,行動あり,1.5,diff,scale,勇気尺度,,
86,1,葛藤あり,行動あり,0.0,diff,scale,勇気尺度,,
89,1,葛藤あり,行動あり,0.0,diff,scale,勇気尺度,,
90,1,葛藤あり,行動あり,-0.16666666666666607,diff,scale,勇気尺度,,
91,1,葛藤あり,行動あり,-0.33333333333333304,diff,scale,勇気尺度,,
92,1,葛藤あり,行動あり,0.0,diff,scale,勇気尺度,,
93,1,葛藤あり,行動あり,1.0,diff,scale,勇気尺度,,
97,1,葛藤あり,行動あり,1.0,diff,scale,勇気尺度,,
98,1,葛藤あり,行動あり,1.3333333333333335,diff,scale,勇気尺度,,
102,1,葛藤あり,行動あり,-0.3333333333333339,diff,scale,勇気尺度,,
106,1,葛藤あり,行動あり,-0.16666666666666696,diff,scale,勇気尺度,,
110,1,葛藤あり,行動あり,0.16666666666666607,diff,scale,勇気尺度,,
111,1,葛藤あり,行動あり,0.16666666666666652,diff,scale,勇気尺度,,
112,1,葛藤あり,行動あり,2.1666666666666665,diff,scale,勇気尺度,,
113,1,葛藤あり,行動あり,0.0,diff,scale,勇気尺度,,
117,1,葛藤あり,行動あり,1.1666666666666665,diff,scale,勇気尺度,,
121,1,葛藤あり,行動あり,0.0,diff,scale,勇気尺度,,
123,1,葛藤あり,行動あり,0.6666666666666665,diff,scale,勇気尺度,,
2,2,葛藤あり,行動なし,5.0,post,scale,勇気尺度,,
4,2,葛藤あり,行動なし,4.0,post,scale,勇気尺度,,
5,2,葛藤あり,行動なし,3.0,post,scale,勇気尺度,,
6,2,葛藤あり,行動なし,4.333333333333333,post,scale,勇気尺度,,
8,2,葛藤あり,行動なし,1.1666666666666667,post,scale,勇気尺度,,
9,2,葛藤あり,行動なし,4.5,post,scale,勇気尺度,,
11,2,葛藤あり,行動なし,6.166666666666667,post,scale,勇気尺度,,
14,2,葛藤あり,行動なし,5.5,post,scale,勇気尺度,,
16,2,葛藤あり,行動なし,5.833333333333333,post,scale,勇気尺度,,
17,2,葛藤あり,行動なし,4.666666666666667,post,scale,勇気尺度,,
20,2,葛藤あり,行動なし,5.166666666666667,post,scale,勇気尺度,,
22,2,葛藤あり,行動なし,4.833333333333333,post,scale,勇気尺度,,
23,2,葛藤あり,行動なし,6.0,post,scale,勇気尺度,,
24,2,葛藤あり,行動なし,3.6666666666666665,post,scale,勇気尺度,,
25,2,葛藤あり,行動なし,1.6666666666666667,post,scale,勇気尺度,,
28,2,葛藤あり,行動なし,6.166666666666667,post,scale,勇気尺度,,
29,2,葛藤あり,行動なし,6.5,post,scale,勇気尺度,,
30,2,葛藤あり,行動なし,2.1666666666666665,post,scale,勇気尺度,,
33,2,葛藤あり,行動なし,5.666666666666667,post,scale,勇気尺度,,
34,2,葛藤あり,行動なし,6.5,post,scale,勇気尺度,,
35,2,葛藤あり,行動なし,4.833333333333333,post,scale,勇気尺度,,
37,2,葛藤あり,行動なし,4.0,post,scale,勇気尺度,,
38,2,葛藤あり,行動なし,3.1666666666666665,post,scale,勇気尺度,,
42,2,葛藤あり,行動なし,3.0,post,scale,勇気尺度,,
45,2,葛藤あり,行動なし,3.6666666666666665,post,scale,勇気尺度,,
47,2,葛藤あり,行動なし,5.833333333333333,post,scale,勇気尺度,,
49,2,葛藤あり,行動なし,4.166666666666667,post,scale,勇気尺度,,
52,2,葛藤あり,行動なし,4.666666666666667,post,scale,勇気尺度,,
55,2,葛藤あり,行動なし,5.666666666666667,post,scale,勇気尺度,,
60,2,葛藤あり,行動なし,4.833333333333333,post,scale,勇気尺度,,
61,2,葛藤あり,行動なし,3.8333333333333335,post,scale,勇気尺度,,
63,2,葛藤あり,行動なし,4.0,post,scale,勇気尺度,,
64,2,葛藤あり,行動なし,6.0,post,scale,勇気尺度,,
65,2,葛藤あり,行動なし,2.5,post,scale,勇気尺度,,
66,2,葛藤あり,行動なし,2.6666666666666665,post,scale,勇気尺度,,
68,2,葛藤あり,行動なし,4.0,post,scale,勇気尺度,,
69,2,葛藤あり,行動なし,5.833333333333333,post,scale,勇気尺度,,
70,2,葛藤あり,行動なし,2.8333333333333335,post,scale,勇気尺度,,
71,2,葛藤あり,行動なし,4.666666666666667,post,scale,勇気尺度,,
74,2,葛藤あり,行動なし,5.0,post,scale,勇気尺度,,
75,2,葛藤あり,行動なし,4.166666666666667,post,scale,勇気尺度,,
78,2,葛藤あり,行動なし,4.0,post,scale,勇気尺度,,
79,2,葛藤あり,行動なし,3.5,post,scale,勇気尺度,,
80,2,葛藤あり,行動なし,3.8333333333333335,post,scale,勇気尺度,,
81,2,葛藤あり,行動なし,4.333333333333333,post,scale,勇気尺度,,
82,2,葛藤あり,行動なし,5.0,post,scale,勇気尺度,,
86,2,葛藤あり,行動なし,4.0,post,scale,勇気尺度,,
89,2,葛藤あり,行動なし,7.0,post,scale,勇気尺度,,
90,2,葛藤あり,行動なし,5.5,post,scale,勇気尺度,,
91,2,葛藤あり,行動なし,3.5,post,scale,勇気尺度,,
92,2,葛藤あり,行動なし,5.0,post,scale,勇気尺度,,
93,2,葛藤あり,行動なし,5.333333333333333,post,scale,勇気尺度,,
97,2,葛藤あり,行動なし,4.166666666666667,post,scale,勇気尺度,,
98,2,葛藤あり,行動なし,2.5,post,scale,勇気尺度,,
102,2,葛藤あり,行動なし,4.666666666666667,post,scale,勇気尺度,,
106,2,葛藤あり,行動なし,3.8333333333333335,post,scale,勇気尺度,,
110,2,葛藤あり,行動なし,4.333333333333333,post,scale,勇気尺度,,
111,2,葛藤あり,行動なし,4.833333333333333,post,scale,勇気尺度,,
112,2,葛藤あり,行動なし,5.0,post,scale,勇気尺度,,
113,2,葛藤あり,行動なし,5.166666666666667,post,scale,勇気尺度,,
117,2,葛藤あり,行動なし,4.0,post,scale,勇気尺度,,
121,2,葛藤あり,行動なし,6.666666666666667,post,scale,勇気尺度,,
123,2,葛藤あり,行動なし,4.166666666666667,post,scale,勇気尺度,,
2,2,葛藤あり,行動なし,0.33333333333333304,diff,scale,勇気尺度,,
4,2,葛藤あり,行動なし,0.3333333333333335,diff,scale,勇気尺度,,
5,2,葛藤あり,行動なし,0.6666666666666665,diff,scale,勇気尺度,,
6,2,葛藤あり,行動なし,-0.3333333333333339,diff,scale,勇気尺度,,
8,2,葛藤あり,行動なし,-2.166666666666667,diff,scale,勇気尺度,,
9,2,葛藤あり,行動なし,0.5,diff,scale,勇気尺度,,
11,2,葛藤あり,行動なし,-0.16666666666666607,diff,scale,勇気尺度,,
14,2,葛藤あり,行動なし,0.33333333333333304,diff,scale,勇気尺度,,
16,2,葛藤あり,行動なし,0.16666666666666607,diff,scale,勇気尺度,,
17,2,葛藤あり,行動なし,0.16666666666666696,diff,scale,勇気尺度,,
20,2,葛藤あり,行動なし,0.666666666666667,diff,scale,勇気尺度,,
22,2,葛藤あり,行動なし,0.33333333333333304,diff,scale,勇気尺度,,
23,2,葛藤あり,行動なし,0.16666666666666696,diff,scale,勇気尺度,,
24,2,葛藤あり,行動なし,0.16666666666666652,diff,scale,勇気尺度,,
25,2,葛藤あり,行動なし,-2.5,diff,scale,勇気尺度,,
28,2,葛藤あり,行動なし,0.8333333333333339,diff,scale,勇気尺度,,
29,2,葛藤あり,行動なし,0.5,diff,scale,勇気尺度,,
30,2,葛藤あり,行動なし,0.33333333333333326,diff,scale,勇気尺度,,
33,2,葛藤あり,行動なし,0.16666666666666696,diff,scale,勇気尺度,,
34,2,葛藤あり,行動なし,1.333333333333333,diff,scale,勇気尺度,,
35,2,葛藤あり,行動なし,-0.3333333333333339,diff,scale,勇気尺度,,
37,2,葛藤あり,行動なし,0.5,diff,scale,勇気尺度,,
38,2,葛藤あり,行動なし,-0.666666666666667,diff,scale,勇気尺度,,
42,2,葛藤あり,行動なし,0.16666666666666652,diff,scale,勇気尺度,,
45,2,葛藤あり,行動なし,0.16666666666666652,diff,scale,勇気尺度,,
47,2,葛藤あり,行動なし,0.6666666666666661,diff,scale,勇気尺度,,
49,2,葛藤あり,行動なし,0.5000000000000004,diff,scale,勇気尺度,,
52,2,葛藤あり,行動なし,0.5,diff,scale,勇気尺度,,
55,2,葛藤あり,行動なし,0.3333333333333339,diff,scale,勇気尺度,,
60,2,葛藤あり,行動なし,-0.5,diff,scale,勇気尺度,,
61,2,葛藤あり,行動なし,-0.8333333333333335,diff,scale,勇気尺度,,
63,2,葛藤あり,行動なし,-0.33333333333333304,diff,scale,勇気尺度,,
64,2,葛藤あり,行動なし,0.16666666666666696,diff,scale,勇気尺度,,
65,2,葛藤あり,行動なし,0.0,diff,scale,勇気尺度,,
66,2,葛藤あり,行動なし,-1.8333333333333335,diff,scale,勇気尺度,,
68,2,葛藤あり,行動なし,-0.16666666666666696,diff,scale,勇気尺度,,
69,2,葛藤あり,行動なし,1.0,diff,scale,勇気尺度,,
70,2,葛藤あり,行動なし,0.16666666666666696,diff,scale,勇気尺度,,
71,2,葛藤あり,行動なし,0.0,diff,scale,勇気尺度,,
74,2,葛藤あり,行動なし,0.16666666666666696,diff,scale,勇気尺度,,
75,2,葛藤あり,行動なし,2.333333333333334,diff,scale,勇気尺度,,
78,2,葛藤あり,行動なし,-0.16666666666666696,diff,scale,勇気尺度,,
79,2,葛藤あり,行動なし,-1.0,diff,scale,勇気尺度,,
80,2,葛藤あり,行動なし,-0.3333333333333335,diff,scale,勇気尺度,,
81,2,葛藤あり,行動なし,0.0,diff,scale,勇気尺度,,
82,2,葛藤あり,行動なし,1.5,diff,scale,勇気尺度,,
86,2,葛藤あり,行動なし,0.0,diff,scale,勇気尺度,,
89,2,葛藤あり,行動なし,0.0,diff,scale,勇気尺度,,
90,2,葛藤あり,行動なし,-0.33333333333333304,diff,scale,勇気尺度,,
91,2,葛藤あり,行動なし,-1.333333333333333,diff,scale,勇気尺度,,
92,2,葛藤あり,行動なし,0.0,diff,scale,勇気尺度,,
93,2,葛藤あり,行動なし,1.333333333333333,diff,scale,勇気尺度,,
97,2,葛藤あり,行動なし,0.666666666666667,diff,scale,勇気尺度,,
98,2,葛藤あり,行動なし,-0.8333333333333335,diff,scale,勇気尺度,,
102,2,葛藤あり,行動なし,0.0,diff,scale,勇気尺度,,
106,2,葛藤あり,行動なし,-0.8333333333333335,diff,scale,勇気尺度,,
110,2,葛藤あり,行動なし,0.16666666666666607,diff,scale,勇気尺度,,
111,2,葛藤あり,行動なし,0.9999999999999996,diff,scale,勇気尺度,,
112,2,葛藤あり,行動なし,1.3333333333333335,diff,scale,勇気尺度,,
113,2,葛藤あり,行動なし,0.0,diff,scale,勇気尺度,,
117,2,葛藤あり,行動なし,0.3333333333333335,diff,scale,勇気尺度,,
121,2,葛藤あり,行動なし,-0.16666666666666607,diff,scale,勇気尺度,,
123,2,葛藤あり,行動なし,0.8333333333333335,diff,scale,勇気尺度,,
2,3,葛藤なし,行動あり,4.666666666666667,post,scale,勇気尺度,,
4,3,葛藤なし,行動あり,4.0,post,scale,勇気尺度,,
5,3,葛藤なし,行動あり,3.0,post,scale,勇気尺度,,
6,3,葛藤なし,行動あり,4.5,post,scale,勇気尺度,,
8,3,葛藤なし,行動あり,1.3333333333333333,post,scale,勇気尺度,,
9,3,葛藤なし,行動あり,4.333333333333333,post,scale,勇気尺度,,
11,3,葛藤なし,行動あり,5.833333333333333,post,scale,勇気尺度,,
14,3,葛藤なし,行動あり,5.333333333333333,post,scale,勇気尺度,,
16,3,葛藤なし,行動あり,5.666666666666667,post,scale,勇気尺度,,
17,3,葛藤なし,行動あり,4.833333333333333,post,scale,勇気尺度,,
20,3,葛藤なし,行動あり,5.166666666666667,post,scale,勇気尺度,,
22,3,葛藤なし,行動あり,5.166666666666667,post,scale,勇気尺度,,
23,3,葛藤なし,行動あり,6.166666666666667,post,scale,勇気尺度,,
24,3,葛藤なし,行動あり,3.5,post,scale,勇気尺度,,
25,3,葛藤なし,行動あり,4.833333333333333,post,scale,勇気尺度,,
28,3,葛藤なし,行動あり,6.666666666666667,post,scale,勇気尺度,,
29,3,葛藤なし,行動あり,6.5,post,scale,勇気尺度,,
30,3,葛藤なし,行動あり,2.1666666666666665,post,scale,勇気尺度,,
33,3,葛藤なし,行動あり,5.333333333333333,post,scale,勇気尺度,,
34,3,葛藤なし,行動あり,6.5,post,scale,勇気尺度,,
35,3,葛藤なし,行動あり,5.0,post,scale,勇気尺度,,
37,3,葛藤なし,行動あり,4.0,post,scale,勇気尺度,,
38,3,葛藤なし,行動あり,3.0,post,scale,勇気尺度,,
42,3,葛藤なし,行動あり,3.3333333333333335,post,scale,勇気尺度,,
45,3,葛藤なし,行動あり,4.5,post,scale,勇気尺度,,
47,3,葛藤なし,行動あり,5.0,post,scale,勇気尺度,,
49,3,葛藤なし,行動あり,3.0,post,scale,勇気尺度,,
52,3,葛藤なし,行動あり,4.833333333333333,post,scale,勇気尺度,,
55,3,葛藤なし,行動あり,5.5,post,scale,勇気尺度,,
60,3,葛藤なし,行動あり,5.0,post,scale,勇気尺度,,
61,3,葛藤なし,行動あり,4.166666666666667,post,scale,勇気尺度,,
63,3,葛藤なし,行動あり,4.333333333333333,post,scale,勇気尺度,,
64,3,葛藤なし,行動あり,5.833333333333333,post,scale,勇気尺度,,
65,3,葛藤なし,行動あり,2.3333333333333335,post,scale,勇気尺度,,
66,3,葛藤なし,行動あり,3.3333333333333335,post,scale,勇気尺度,,
68,3,葛藤なし,行動あり,4.333333333333333,post,scale,勇気尺度,,
69,3,葛藤なし,行動あり,6.0,post,scale,勇気尺度,,
70,3,葛藤なし,行動あり,2.5,post,scale,勇気尺度,,
71,3,葛藤なし,行動あり,5.333333333333333,post,scale,勇気尺度,,
74,3,葛藤なし,行動あり,6.0,post,scale,勇気尺度,,
75,3,葛藤なし,行動あり,2.3333333333333335,post,scale,勇気尺度,,
78,3,葛藤なし,行動あり,3.8333333333333335,post,scale,勇気尺度,,
79,3,葛藤なし,行動あり,5.833333333333333,post,scale,勇気尺度,,
80,3,葛藤なし,行動あり,3.6666666666666665,post,scale,勇気尺度,,
81,3,葛藤なし,行動あり,4.666666666666667,post,scale,勇気尺度,,
82,3,葛藤なし,行動あり,5.0,post,scale,勇気尺度,,
86,3,葛藤なし,行動あり,4.0,post,scale,勇気尺度,,
89,3,葛藤なし,行動あり,7.0,post,scale,勇気尺度,,
90,3,葛藤なし,行動あり,5.666666666666667,post,scale,勇気尺度,,
91,3,葛藤なし,行動あり,5.333333333333333,post,scale,勇気尺度,,
92,3,葛藤なし,行動あり,5.0,post,scale,勇気尺度,,
93,3,葛藤なし,行動あり,4.5,post,scale,勇気尺度,,
97,3,葛藤なし,行動あり,4.5,post,scale,勇気尺度,,
98,3,葛藤なし,行動あり,4.833333333333333,post,scale,勇気尺度,,
102,3,葛藤なし,行動あり,4.5,post,scale,勇気尺度,,
106,3,葛藤なし,行動あり,4.333333333333333,post,scale,勇気尺度,,
110,3,葛藤なし,行動あり,4.5,post,scale,勇気尺度,,
111,3,葛藤なし,行動あり,4.5,post,scale,勇気尺度,,
112,3,葛藤なし,行動あり,5.0,post,scale,勇気尺度,,
113,3,葛藤なし,行動あり,5.5,post,scale,勇気尺度,,
117,3,葛藤なし,行動あり,5.0,post,scale,勇気尺度,,
121,3,葛藤なし,行動あり,6.833333333333333,post,scale,勇気尺度,,
123,3,葛藤なし,行動あり,4.0,post,scale,勇気尺度,,
2,3,葛藤なし,行動あり,0.0,diff,scale,勇気尺度,,
4,3,葛藤なし,行動あり,0.3333333333333335,diff,scale,勇気尺度,,
5,3,葛藤なし,行動あり,0.6666666666666665,diff,scale,勇気尺度,,
6,3,葛藤なし,行動あり,-0.16666666666666696,diff,scale,勇気尺度,,
8,3,葛藤なし,行動あり,-2.0,diff,scale,勇気尺度,,
9,3,葛藤なし,行動あり,0.33333333333333304,diff,scale,勇気尺度,,
11,3,葛藤なし,行動あり,-0.5,diff,scale,勇気尺度,,
14,3,葛藤なし,行動あり,0.16666666666666607,diff,scale,勇気尺度,,
16,3,葛藤なし,行動あり,0.0,diff,scale,勇気尺度,,
17,3,葛藤なし,行動あり,0.33333333333333304,diff,scale,勇気尺度,,
20,3,葛藤なし,行動あり,0.666666666666667,diff,scale,勇気尺度,,
22,3,葛藤なし,行動あり,0.666666666666667,diff,scale,勇気尺度,,
23,3,葛藤なし,行動あり,0.3333333333333339,diff,scale,勇気尺度,,
24,3,葛藤なし,行動あり,0.0,diff,scale,勇気尺度,,
25,3,葛藤なし,行動あり,0.6666666666666661,diff,scale,勇気尺度,,
28,3,葛藤なし,行動あり,1.333333333333334,diff,scale,勇気尺度,,
29,3,葛藤なし,行動あり,0.5,diff,scale,勇気尺度,,
30,3,葛藤なし,行動あり,0.33333333333333326,diff,scale,勇気尺度,,
33,3,葛藤なし,行動あり,-0.16666666666666696,diff,scale,勇気尺度,,
34,3,葛藤なし,行動あり,1.333333333333333,diff,scale,勇気尺度,,
35,3,葛藤なし,行動あり,-0.16666666666666696,diff,scale,勇気尺度,,
37,3,葛藤なし,行動あり,0.5,diff,scale,勇気尺度,,
38,3,葛藤なし,行動あり,-0.8333333333333335,diff,scale,勇気尺度,,
42,3,葛藤なし,行動あり,0.5,diff,scale,勇気尺度,,
45,3,葛藤なし,行動あり,1.0,diff,scale,勇気尺度,,
47,3,葛藤なし,行動あり,-0.16666666666666696,diff,scale,勇気尺度,,
49,3,葛藤なし,行動あり,-0.6666666666666665,diff,scale,勇気尺度,,
52,3,葛藤なし,行動あり,0.6666666666666661,diff,scale,勇気尺度,,
55,3,葛藤なし,行動あり,0.16666666666666696,diff,scale,勇気尺度,,
60,3,葛藤なし,行動あり,-0.33333333333333304,diff,scale,勇気尺度,,
61,3,葛藤なし,行動あり,-0.5,diff,scale,勇気尺度,,
63,3,葛藤なし,行動あり,0.0,diff,scale,勇気尺度,,
64,3,葛藤なし,行動あり,0.0,diff,scale,勇気尺度,,
65,3,葛藤なし,行動あり,-0.16666666666666652,diff,scale,勇気尺度,,
66,3,葛藤なし,行動あり,-1.1666666666666665,diff,scale,勇気尺度,,
68,3,葛藤なし,行動あり,0.16666666666666607,diff,scale,勇気尺度,,
69,3,葛藤なし,行動あり,1.166666666666667,diff,scale,勇気尺度,,
70,3,葛藤なし,行動あり,-0.16666666666666652,diff,scale,勇気尺度,,
71,3,葛藤なし,行動あり,0.6666666666666661,diff,scale,勇気尺度,,
74,3,葛藤なし,行動あり,1.166666666666667,diff,scale,勇気尺度,,
75,3,葛藤なし,行動あり,0.5000000000000002,diff,scale,勇気尺度,,
78,3,葛藤なし,行動あり,-0.3333333333333335,diff,scale,勇気尺度,,
79,3,葛藤なし,行動あり,1.333333333333333,diff,scale,勇気尺度,,
80,3,葛藤なし,行動あり,-0.5000000000000004,diff,scale,勇気尺度,,
81,3,葛藤なし,行動あり,0.3333333333333339,diff,scale,勇気尺度,,
82,3,葛藤なし,行動あり,1.5,diff,scale,勇気尺度,,
86,3,葛藤なし,行動あり,0.0,diff,scale,勇気尺度,,
89,3,葛藤なし,行動あり,0.0,diff,scale,勇気尺度,,
90,3,葛藤なし,行動あり,-0.16666666666666607,diff,scale,勇気尺度,,
91,3,葛藤なし,行動あり,0.5,diff,scale,勇気尺度,,
92,3,葛藤なし,行動あり,0.0,diff,scale,勇気尺度,,
93,3,葛藤なし,行動あり,0.5,diff,scale,勇気尺度,,
97,3,葛藤なし,行動あり,1.0,diff,scale,勇気尺度,,
98,3,葛藤なし,行動あり,1.4999999999999996,diff,scale,勇気尺度,,
102,3,葛藤なし,行動あり,-0.16666666666666696,diff,scale,勇気尺度,,
106,3,葛藤なし,行動あり,-0.3333333333333339,diff,scale,勇気尺度,,
110,3,葛藤なし,行動あり,0.33333333333333304,diff,scale,勇気尺度,,
111,3,葛藤なし,行動あり,0.6666666666666665,diff,scale,勇気尺度,,
112,3,葛藤なし,行動あり,1.3333333333333335,diff,scale,勇気尺度,,
113,3,葛藤なし,行動あり,0.33333333333333304,diff,scale,勇気尺度,,
117,3,葛藤なし,行動あり,1.3333333333333335,diff,scale,勇気尺度,,
121,3,葛藤なし,行動あり,0.0,diff,scale,勇気尺度,,
123,3,葛藤なし,行動あり,0.6666666666666665,diff,scale,勇気尺度,,
2,4,葛藤なし,行動なし,4.5,post,scale,勇気尺度,,
4,4,葛藤なし,行動なし,4.0,post,scale,勇気尺度,,
5,4,葛藤なし,行動なし,4.0,post,scale,勇気尺度,,
6,4,葛藤なし,行動なし,5.166666666666667,post,scale,勇気尺度,,
8,4,葛藤なし,行動なし,2.0,post,scale,勇気尺度,,
9,4,葛藤なし,行動なし,4.5,post,scale,勇気尺度,,
11,4,葛藤なし,行動なし,5.666666666666667,post,scale,勇気尺度,,
14,4,葛藤なし,行動なし,4.5,post,scale,勇気尺度,,
16,4,葛藤なし,行動なし,6.166666666666667,post,scale,勇気尺度,,
17,4,葛藤なし,行動なし,4.833333333333333,post,scale,勇気尺度,,
20,4,葛藤なし,行動なし,3.5,post,scale,勇気尺度,,
22,4,葛藤なし,行動なし,5.0,post,scale,勇気尺度,,
23,4,葛藤なし,行動なし,6.166666666666667,post,scale,勇気尺度,,
24,4,葛藤なし,行動なし,3.5,post,scale,勇気尺度,,
25,4,葛藤なし,行動なし,1.8333333333333333,post,scale,勇気尺度,,
28,4,葛藤なし,行動なし,6.666666666666667,post,scale,勇気尺度,,
29,4,葛藤なし,行動なし,7.0,post,scale,勇気尺度,,
30,4,葛藤なし,行動なし,2.5,post,scale,勇気尺度,,
33,4,葛藤なし,行動なし,5.833333333333333,post,scale,勇気尺度,,
34,4,葛藤なし,行動なし,6.333333333333333,post,scale,勇気尺度,,
35,4,葛藤なし,行動なし,5.0,post,scale,勇気尺度,,
37,4,葛藤なし,行動なし,3.5,post,scale,勇気尺度,,
38,4,葛藤なし,行動なし,3.0,post,scale,勇気尺度,,
42,4,葛藤なし,行動なし,3.6666666666666665,post,scale,勇気尺度,,
45,4,葛藤なし,行動なし,4.166666666666667,post,scale,勇気尺度,,
47,4,葛藤なし,行動なし,5.666666666666667,post,scale,勇気尺度,,
49,4,葛藤なし,行動なし,3.1666666666666665,post,scale,勇気尺度,,
52,4,葛藤なし,行動なし,4.666666666666667,post,scale,勇気尺度,,
55,4,葛藤なし,行動なし,5.833333333333333,post,scale,勇気尺度,,
60,4,葛藤なし,行動なし,4.833333333333333,post,scale,勇気尺度,,
61,4,葛藤なし,行動なし,4.0,post,scale,勇気尺度,,
63,4,葛藤なし,行動なし,4.333333333333333,post,scale,勇気尺度,,
64,4,葛藤なし,行動なし,6.0,post,scale,勇気尺度,,
65,4,葛藤なし,行動なし,2.5,post,scale,勇気尺度,,
66,4,葛藤なし,行動なし,3.1666666666666665,post,scale,勇気尺度,,
68,4,葛藤なし,行動なし,4.333333333333333,post,scale,勇気尺度,,
69,4,葛藤なし,行動なし,5.833333333333333,post,scale,勇気尺度,,
70,4,葛藤なし,行動なし,2.0,post,scale,勇気尺度,,
71,4,葛藤なし,行動なし,5.5,post,scale,勇気尺度,,
74,4,葛藤なし,行動なし,5.666666666666667,post,scale,勇気尺度,,
75,4,葛藤なし,行動なし,2.6666666666666665,post,scale,勇気尺度,,
78,4,葛藤なし,行動なし,3.5,post,scale,勇気尺度,,
79,4,葛藤なし,行動なし,3.8333333333333335,post,scale,勇気尺度,,
80,4,葛藤なし,行動なし,3.5,post,scale,勇気尺度,,
81,4,葛藤なし,行動なし,4.5,post,scale,勇気尺度,,
82,4,葛藤なし,行動なし,5.0,post,scale,勇気尺度,,
86,4,葛藤なし,行動なし,4.0,post,scale,勇気尺度,,
89,4,葛藤なし,行動なし,7.0,post,scale,勇気尺度,,
90,4,葛藤なし,行動なし,6.0,post,scale,勇気尺度,,
91,4,葛藤なし,行動なし,4.0,post,scale,勇気尺度,,
92,4,葛藤なし,行動なし,5.0,post,scale,勇気尺度,,
93,4,葛藤なし,行動なし,5.166666666666667,post,scale,勇気尺度,,
97,4,葛藤なし,行動なし,4.333333333333333,post,scale,勇気尺度,,
98,4,葛藤なし,行動なし,2.0,post,scale,勇気尺度,,
102,4,葛藤なし,行動なし,5.333333333333333,post,scale,勇気尺度,,
106,4,葛藤なし,行動なし,3.8333333333333335,post,scale,勇気尺度,,
110,4,葛藤なし,行動なし,4.166666666666667,post,scale,勇気尺度,,
111,4,葛藤なし,行動なし,2.5,post,scale,勇気尺度,,
112,4,葛藤なし,行動なし,5.333333333333333,post,scale,勇気尺度,,
113,4,葛藤なし,行動なし,5.166666666666667,post,scale,勇気尺度,,
117,4,葛藤なし,行動なし,2.3333333333333335,post,scale,勇気尺度,,
121,4,葛藤なし,行動なし,6.666666666666667,post,scale,勇気尺度,,
123,4,葛藤なし,行動なし,4.166666666666667,post,scale,勇気尺度,,
2,4,葛藤なし,行動なし,-0.16666666666666696,diff,scale,勇気尺度,,
4,4,葛藤なし,行動なし,0.3333333333333335,diff,scale,勇気尺度,,
5,4,葛藤なし,行動なし,1.6666666666666665,diff,scale,勇気尺度,,
6,4,葛藤なし,行動なし,0.5,diff,scale,勇気尺度,,
8,4,葛藤なし,行動なし,-1.3333333333333335,diff,scale,勇気尺度,,
9,4,葛藤なし,行動なし,0.5,diff,scale,勇気尺度,,
11,4,葛藤なし,行動なし,-0.6666666666666661,diff,scale,勇気尺度,,
14,4,葛藤なし,行動なし,-0.666666666666667,diff,scale,勇気尺度,,
16,4,葛藤なし,行動なし,0.5,diff,scale,勇気尺度,,
17,4,葛藤なし,行動なし,0.33333333333333304,diff,scale,勇気尺度,,
20,4,葛藤なし,行動なし,-1.0,diff,scale,勇気尺度,,
22,4,葛藤なし,行動なし,0.5,diff,scale,勇気尺度,,
23,4,葛藤なし,行動なし,0.3333333333333339,diff,scale,勇気尺度,,
24,4,葛藤なし,行動なし,0.0,diff,scale,勇気尺度,,
25,4,葛藤なし,行動なし,-2.333333333333334,diff,scale,勇気尺度,,
28,4,葛藤なし,行動なし,1.333333333333334,diff,scale,勇気尺度,,
29,4,葛藤なし,行動なし,1.0,diff,scale,勇気尺度,,
30,4,葛藤なし,行動なし,0.6666666666666667,diff,scale,勇気尺度,,
33,4,葛藤なし,行動なし,0.33333333333333304,diff,scale,勇気尺度,,
34,4,葛藤なし,行動なし,1.166666666666666,diff,scale,勇気尺度,,
35,4,葛藤なし,行動なし,-0.16666666666666696,diff,scale,勇気尺度,,
37,4,葛藤なし,行動なし,0.0,diff,scale,勇気尺度,,
38,4,葛藤なし,行動なし,-0.8333333333333335,diff,scale,勇気尺度,,
42,4,葛藤なし,行動なし,0.833333333333333,diff,scale,勇気尺度,,
45,4,葛藤なし,行動なし,0.666666666666667,diff,scale,勇気尺度,,
47,4,葛藤なし,行動なし,0.5,diff,scale,勇気尺度,,
49,4,葛藤なし,行動なし,-0.5,diff,scale,勇気尺度,,
52,4,葛藤なし,行動なし,0.5,diff,scale,勇気尺度,,
55,4,葛藤なし,行動なし,0.5,diff,scale,勇気尺度,,
60,4,葛藤なし,行動なし,-0.5,diff,scale,勇気尺度,,
61,4,葛藤なし,行動なし,-0.666666666666667,diff,scale,勇気尺度,,
63,4,葛藤なし,行動なし,0.0,diff,scale,勇気尺度,,
64,4,葛藤なし,行動なし,0.16666666666666696,diff,scale,勇気尺度,,
65,4,葛藤なし,行動なし,0.0,diff,scale,勇気尺度,,
66,4,葛藤なし,行動なし,-1.3333333333333335,diff,scale,勇気尺度,,
68,4,葛藤なし,行動なし,0.16666666666666607,diff,scale,勇気尺度,,
69,4,葛藤なし,行動なし,1.0,diff,scale,勇気尺度,,
70,4,葛藤なし,行動なし,-0.6666666666666665,diff,scale,勇気尺度,,
71,4,葛藤なし,行動なし,0.833333333333333,diff,scale,勇気尺度,,
74,4,葛藤なし,行動なし,0.8333333333333339,diff,scale,勇気尺度,,
75,4,葛藤なし,行動なし,0.8333333333333333,diff,scale,勇気尺度,,
78,4,葛藤なし,行動なし,-0.666666666666667,diff,scale,勇気尺度,,
79,4,葛藤なし,行動なし,-0.6666666666666665,diff,scale,勇気尺度,,
80,4,葛藤なし,行動なし,-0.666666666666667,diff,scale,勇気尺度,,
81,4,葛藤なし,行動なし,0.16666666666666696,diff,scale,勇気尺度,,
82,4,葛藤なし,行動なし,1.5,diff,scale,勇気尺度,,
86,4,葛藤なし,行動なし,0.0,diff,scale,勇気尺度,,
89,4,葛藤なし,行動なし,0.0,diff,scale,勇気尺度,,
90,4,葛藤なし,行動なし,0.16666666666666696,diff,scale,勇気尺度,,
91,4,葛藤なし,行動なし,-0.833333333333333,diff,scale,勇気尺度,,
92,4,葛藤なし,行動なし,0.0,diff,scale,勇気尺度,,
93,4,葛藤なし,行動なし,1.166666666666667,diff,scale,勇気尺度,,
97,4,葛藤なし,行動なし,0.833333333333333,diff,scale,勇気尺度,,
98,4,葛藤なし,行動なし,-1.3333333333333335,diff,scale,勇気尺度,,
102,4,葛藤なし,行動なし,0.6666666666666661,diff,scale,勇気尺度,,
106,4,葛藤なし,行動なし,-0.8333333333333335,diff,scale,勇気尺度,,
110,4,葛藤なし,行動なし,0.0,diff,scale,勇気尺度,,
111,4,葛藤なし,行動なし,-1.3333333333333335,diff,scale,勇気尺度,,
112,4,葛藤なし,行動なし,1.6666666666666665,diff,scale,勇気尺度,,
113,4,葛藤なし,行動なし,0.0,diff,scale,勇気尺度,,
117,4,葛藤なし,行動なし,-1.333333333333333,diff,scale,勇気尺度,,
121,4,葛藤なし,行動なし,-0.16666666666666607,diff,scale,勇気尺度,,
123,4,葛藤なし,行動なし,0.8333333333333335,diff,scale,勇気尺度,,
2,1,葛藤あり,行動あり,3.1,post,scale,CZO尺度,,
4,1,葛藤あり,行動あり,3.2,post,scale,CZO尺度,,
5,1,葛藤あり,行動あり,3.7,post,scale,CZO尺度,,
6,1,葛藤あり,行動あり,3.3,post,scale,CZO尺度,,
8,1,葛藤あり,行動あり,3.2,post,scale,CZO尺度,,
9,1,葛藤あり,行動あり,3.7,post,scale,CZO尺度,,
11,1,葛藤あり,行動あり,4.3,post,scale,CZO尺度,,
14,1,葛藤あり,行動あり,3.1,post,scale,CZO尺度,,
16,1,葛藤あり,行動あり,4.0,post,scale,CZO尺度,,
17,1,葛藤あり,行動あり,3.1,post,scale,CZO尺度,,
20,1,葛藤あり,行動あり,2.7,post,scale,CZO尺度,,
22,1,葛藤あり,行動あり,3.9,post,scale,CZO尺度,,
23,1,葛藤あり,行動あり,3.7,post,scale,CZO尺度,,
24,1,葛藤あり,行動あり,3.1,post,scale,CZO尺度,,
25,1,葛藤あり,行動あり,3.9,post,scale,CZO尺度,,
28,1,葛藤あり,行動あり,4.5,post,scale,CZO尺度,,
29,1,葛藤あり,行動あり,4.8,post,scale,CZO尺度,,
30,1,葛藤あり,行動あり,3.1,post,scale,CZO尺度,,
33,1,葛藤あり,行動あり,3.1,post,scale,CZO尺度,,
34,1,葛藤あり,行動あり,3.7,post,scale,CZO尺度,,
35,1,葛藤あり,行動あり,3.4,post,scale,CZO尺度,,
37,1,葛藤あり,行動あり,3.2,post,scale,CZO尺度,,
38,1,葛藤あり,行動あり,3.6,post,scale,CZO尺度,,
42,1,葛藤あり,行動あり,3.9,post,scale,CZO尺度,,
45,1,葛藤あり,行動あり,3.4,post,scale,CZO尺度,,
47,1,葛藤あり,行動あり,3.7,post,scale,CZO尺度,,
49,1,葛藤あり,行動あり,2.8,post,scale,CZO尺度,,
52,1,葛藤あり,行動あり,4.0,post,scale,CZO尺度,,
55,1,葛藤あり,行動あり,3.0,post,scale,CZO尺度,,
60,1,葛藤あり,行動あり,3.7,post,scale,CZO尺度,,
61,1,葛藤あり,行動あり,3.2,post,scale,CZO尺度,,
63,1,葛藤あり,行動あり,4.1,post,scale,CZO尺度,,
64,1,葛藤あり,行動あり,3.5,post,scale,CZO尺度,,
65,1,葛藤あり,行動あり,3.0,post,scale,CZO尺度,,
66,1,葛藤あり,行動あり,2.8,post,scale,CZO尺度,,
68,1,葛藤あり,行動あり,3.7,post,scale,CZO尺度,,
69,1,葛藤あり,行動あり,4.8,post,scale,CZO尺度,,
70,1,葛藤あり,行動あり,3.1,post,scale,CZO尺度,,
71,1,葛藤あり,行動あり,4.1,post,scale,CZO尺度,,
74,1,葛藤あり,行動あり,3.9,post,scale,CZO尺度,,
75,1,葛藤あり,行動あり,2.8,post,scale,CZO尺度,,
78,1,葛藤あり,行動あり,3.6,post,scale,CZO尺度,,
79,1,葛藤あり,行動あり,4.6,post,scale,CZO尺度,,
80,1,葛藤あり,行動あり,3.1,post,scale,CZO尺度,,
81,1,葛藤あり,行動あり,3.2,post,scale,CZO尺度,,
82,1,葛藤あり,行動あり,4.3,post,scale,CZO尺度,,
86,1,葛藤あり,行動あり,3.0,post,scale,CZO尺度,,
89,1,葛藤あり,行動あり,2.7,post,scale,CZO尺度,,
90,1,葛藤あり,行動あり,3.8,post,scale,CZO尺度,,
91,1,葛藤あり,行動あり,2.9,post,scale,CZO尺度,,
92,1,葛藤あり,行動あり,3.8,post,scale,CZO尺度,,
93,1,葛藤あり,行動あり,3.0,post,scale,CZO尺度,,
97,1,葛藤あり,行動あり,3.9,post,scale,CZO尺度,,
98,1,葛藤あり,行動あり,3.5,post,scale,CZO尺度,,
102,1,葛藤あり,行動あり,3.6,post,scale,CZO尺度,,
106,1,葛藤あり,行動あり,4.4,post,scale,CZO尺度,,
110,1,葛藤あり,行動あり,3.8,post,scale,CZO尺度,,
111,1,葛藤あり,行動あり,3.1,post,scale,CZO尺度,,
112,1,葛藤あり,行動あり,2.9,post,scale,CZO尺度,,
113,1,葛藤あり,行動あり,3.7,post,scale,CZO尺度,,
117,1,葛藤あり,行動あり,4.0,post,scale,CZO尺度,,
121,1,葛藤あり,行動あり,4.5,post,scale,CZO尺度,,
123,1,葛藤あり,行動あり,3.4,post,scale,CZO尺度,,
2,1,葛藤あり,行動あり,0.0,diff,scale,CZO尺度,,
4,1,葛藤あり,行動あり,0.0,diff,scale,CZO尺度,,
5,1,葛藤あり,行動あり,0.6000000000000001,diff,scale,CZO尺度,,
6,1,葛藤あり,行動あり,0.09999999999999964,diff,scale,CZO尺度,,
8,1,葛藤あり,行動あり,0.0,diff,scale,CZO尺度,,
9,1,葛藤あり,行動あり,0.40000000000000036,diff,scale,CZO尺度,,
11,1,葛藤あり,行動あり,-0.10000000000000053,diff,scale,CZO尺度,,
14,1,葛藤あり,行動あり,0.0,diff,scale,CZO尺度,,
16,1,葛藤あり,行動あり,-0.09999999999999964,diff,scale,CZO尺度,,
17,1,葛藤あり,行動あり,-0.10000000000000009,diff,scale,CZO尺度,,
20,1,葛藤あり,行動あり,-1.0,diff,scale,CZO尺度,,
22,1,葛藤あり,行動あり,-0.10000000000000009,diff,scale,CZO尺度,,
23,1,葛藤あり,行動あり,0.0,diff,scale,CZO尺度,,
24,1,葛藤あり,行動あり,-0.10000000000000009,diff,scale,CZO尺度,,
25,1,葛藤あり,行動あり,0.6000000000000001,diff,scale,CZO尺度,,
28,1,葛藤あり,行動あり,0.2999999999999998,diff,scale,CZO尺度,,
29,1,葛藤あり,行動あり,0.09999999999999964,diff,scale,CZO尺度,,
30,1,葛藤あり,行動あり,-0.2999999999999998,diff,scale,CZO尺度,,
33,1,葛藤あり,行動あり,-0.19999999999999973,diff,scale,CZO尺度,,
34,1,葛藤あり,行動あり,0.40000000000000036,diff,scale,CZO尺度,,
35,1,葛藤あり,行動あり,0.0,diff,scale,CZO尺度,,
37,1,葛藤あり,行動あり,-0.19999999999999973,diff,scale,CZO尺度,,
38,1,葛藤あり,行動あり,0.5,diff,scale,CZO尺度,,
42,1,葛藤あり,行動あり,0.5,diff,scale,CZO尺度,,
45,1,葛藤あり,行動あり,0.0,diff,scale,CZO尺度,,
47,1,葛藤あり,行動あり,0.6000000000000001,diff,scale,CZO尺度,,
49,1,葛藤あり,行動あり,-0.40000000000000036,diff,scale,CZO尺度,,
52,1,葛藤あり,行動あり,0.20000000000000018,diff,scale,CZO尺度,,
55,1,葛藤あり,行動あり,-0.10000000000000009,diff,scale,CZO尺度,,
60,1,葛藤あり,行動あり,0.10000000000000009,diff,scale,CZO尺度,,
61,1,葛藤あり,行動あり,0.0,diff,scale,CZO尺度,,
63,1,葛藤あり,行動あり,0.09999999999999964,diff,scale,CZO尺度,,
64,1,葛藤あり,行動あり,-0.10000000000000009,diff,scale,CZO尺度,,
65,1,葛藤あり,行動あり,-0.10000000000000009,diff,scale,CZO尺度,,
66,1,葛藤あり,行動あり,-0.40000000000000036,diff,scale,CZO尺度,,
68,1,葛藤あり,行動あり,-0.19999999999999973,diff,scale,CZO尺度,,
69,1,葛藤あり,行動あり,1.0,diff,scale,CZO尺度,,
70,1,葛藤あり,行動あり,-0.10000000000000009,diff,scale,CZO尺度,,
71,1,葛藤あり,行動あり,0.2999999999999998,diff,scale,CZO尺度,,
74,1,葛藤あり,行動あり,0.5,diff,scale,CZO尺度,,
75,1,葛藤あり,行動あり,-0.30000000000000027,diff,scale,CZO尺度,,
78,1,葛藤あり,行動あり,0.10000000000000009,diff,scale,CZO尺度,,
79,1,葛藤あり,行動あり,0.8999999999999995,diff,scale,CZO尺度,,
80,1,葛藤あり,行動あり,-0.19999999999999973,diff,scale,CZO尺度,,
81,1,葛藤あり,行動あり,-0.09999999999999964,diff,scale,CZO尺度,,
82,1,葛藤あり,行動あり,0.2999999999999998,diff,scale,CZO尺度,,
86,1,葛藤あり,行動あり,-0.20000000000000018,diff,scale,CZO尺度,,
89,1,葛藤あり,行動あり,-0.8999999999999999,diff,scale,CZO尺度,,
90,1,葛藤あり,行動あり,-0.20000000000000018,diff,scale,CZO尺度,,
91,1,葛藤あり,行動あり,-0.20000000000000018,diff,scale,CZO尺度,,
92,1,葛藤あり,行動あり,0.2999999999999998,diff,scale,CZO尺度,,
93,1,葛藤あり,行動あり,-0.10000000000000009,diff,scale,CZO尺度,,
97,1,葛藤あり,行動あり,0.10000000000000009,diff,scale,CZO尺度,,
98,1,葛藤あり,行動あり,0.20000000000000018,diff,scale,CZO尺度,,
102,1,葛藤あり,行動あり,-0.2999999999999998,diff,scale,CZO尺度,,
106,1,葛藤あり,行動あり,0.8000000000000003,diff,scale,CZO尺度,,
110,1,葛藤あり,行動あり,0.2999999999999998,diff,scale,CZO尺度,,
111,1,葛藤あり,行動あり,0.0,diff,scale,CZO尺度,,
112,1,葛藤あり,行動あり,-0.5,diff,scale,CZO尺度,,
113,1,葛藤あり,行動あり,0.40000000000000036,diff,scale,CZO尺度,,
117,1,葛藤あり,行動あり,0.2999999999999998,diff,scale,CZO尺度,,
121,1,葛藤あり,行動あり,0.40000000000000036,diff,scale,CZO尺度,,
123,1,葛藤あり,行動あり,0.10000000000000009,diff,scale,CZO尺度,,
2,2,葛藤あり,行動なし,2.6,post,scale,CZO尺度,,
4,2,葛藤あり,行動なし,2.8,post,scale,CZO尺度,,
5,2,葛藤あり,行動なし,3.8,post,scale,CZO尺度,,
6,2,葛藤あり,行動なし,3.2,post,scale,CZO尺度,,
8,2,葛藤あり,行動なし,3.0,post,scale,CZO尺度,,
9,2,葛藤あり,行動なし,3.4,post,scale,CZO尺度,,
11,2,葛藤あり,行動なし,4.4,post,scale,CZO尺度,,
14,2,葛藤あり,行動なし,3.6,post,scale,CZO尺度,,
16,2,葛藤あり,行動なし,4.1,post,scale,CZO尺度,,
17,2,葛藤あり,行動なし,3.0,post,scale,CZO尺度,,
20,2,葛藤あり,行動なし,3.1,post,scale,CZO尺度,,
22,2,葛藤あり,行動なし,4.1,post,scale,CZO尺度,,
23,2,葛藤あり,行動なし,3.6,post,scale,CZO尺度,,
24,2,葛藤あり,行動なし,3.2,post,scale,CZO尺度,,
25,2,葛藤あり,行動なし,3.1,post,scale,CZO尺度,,
28,2,葛藤あり,行動なし,4.3,post,scale,CZO尺度,,
29,2,葛藤あり,行動なし,4.8,post,scale,CZO尺度,,
30,2,葛藤あり,行動なし,3.1,post,scale,CZO尺度,,
33,2,葛藤あり,行動なし,3.1,post,scale,CZO尺度,,
34,2,葛藤あり,行動なし,4.1,post,scale,CZO尺度,,
35,2,葛藤あり,行動なし,3.5,post,scale,CZO尺度,,
37,2,葛藤あり,行動なし,3.2,post,scale,CZO尺度,,
38,2,葛藤あり,行動なし,3.2,post,scale,CZO尺度,,
42,2,葛藤あり,行動なし,3.8,post,scale,CZO尺度,,
45,2,葛藤あり,行動なし,2.9,post,scale,CZO尺度,,
47,2,葛藤あり,行動なし,3.9,post,scale,CZO尺度,,
49,2,葛藤あり,行動なし,3.3,post,scale,CZO尺度,,
52,2,葛藤あり,行動なし,3.8,post,scale,CZO尺度,,
55,2,葛藤あり,行動なし,2.4,post,scale,CZO尺度,,
60,2,葛藤あり,行動なし,3.7,post,scale,CZO尺度,,
61,2,葛藤あり,行動なし,2.9,post,scale,CZO尺度,,
63,2,葛藤あり,行動なし,4.1,post,scale,CZO尺度,,
64,2,葛藤あり,行動なし,3.6,post,scale,CZO尺度,,
65,2,葛藤あり,行動なし,3.1,post,scale,CZO尺度,,
66,2,葛藤あり,行動なし,2.5,post,scale,CZO尺度,,
68,2,葛藤あり,行動なし,3.8,post,scale,CZO尺度,,
69,2,葛藤あり,行動なし,4.9,post,scale,CZO尺度,,
70,2,葛藤あり,行動なし,2.9,post,scale,CZO尺度,,
71,2,葛藤あり,行動なし,4.5,post,scale,CZO尺度,,
74,2,葛藤あり,行動なし,4.0,post,scale,CZO尺度,,
75,2,葛藤あり,行動なし,2.9,post,scale,CZO尺度,,
78,2,葛藤あり,行動なし,3.5,post,scale,CZO尺度,,
79,2,葛藤あり,行動なし,3.8,post,scale,CZO尺度,,
80,2,葛藤あり,行動なし,2.9,post,scale,CZO尺度,,
81,2,葛藤あり,行動なし,3.4,post,scale,CZO尺度,,
82,2,葛藤あり,行動なし,4.3,post,scale,CZO尺度,,
86,2,葛藤あり,行動なし,3.0,post,scale,CZO尺度,,
89,2,葛藤あり,行動なし,2.6,post,scale,CZO尺度,,
90,2,葛藤あり,行動なし,3.8,post,scale,CZO尺度,,
91,2,葛藤あり,行動なし,3.0,post,scale,CZO尺度,,
92,2,葛藤あり,行動なし,3.8,post,scale,CZO尺度,,
93,2,葛藤あり,行動なし,3.1,post,scale,CZO尺度,,
97,2,葛藤あり,行動なし,3.6,post,scale,CZO尺度,,
98,2,葛藤あり,行動なし,2.6,post,scale,CZO尺度,,
102,2,葛藤あり,行動なし,3.9,post,scale,CZO尺度,,
106,2,葛藤あり,行動なし,3.3,post,scale,CZO尺度,,
110,2,葛藤あり,行動なし,4.0,post,scale,CZO尺度,,
111,2,葛藤あり,行動なし,2.9,post,scale,CZO尺度,,
112,2,葛藤あり,行動なし,3.2,post,scale,CZO尺度,,
113,2,葛藤あり,行動なし,3.4,post,scale,CZO尺度,,
117,2,葛藤あり,行動なし,3.0,post,scale,CZO尺度,,
121,2,葛藤あり,行動なし,4.0,post,scale,CZO尺度,,
123,2,葛藤あり,行動なし,3.6,post,scale,CZO尺度,,
2,2,葛藤あり,行動なし,-0.5,diff,scale,CZO尺度,,
4,2,葛藤あり,行動なし,-0.40000000000000036,diff,scale,CZO尺度,,
5,2,葛藤あり,行動なし,0.6999999999999997,diff,scale,CZO尺度,,
6,2,葛藤あり,行動なし,0.0,diff,scale,CZO尺度,,
8,2,葛藤あり,行動なし,-0.20000000000000018,diff,scale,CZO尺度,,
9,2,葛藤あり,行動なし,0.10000000000000009,diff,scale,CZO尺度,,
11,2,葛藤あり,行動なし,0.0,diff,scale,CZO尺度,,
14,2,葛藤あり,行動なし,0.5,diff,scale,CZO尺度,,
16,2,葛藤あり,行動なし,0.0,diff,scale,CZO尺度,,
17,2,葛藤あり,行動なし,-0.20000000000000018,diff,scale,CZO尺度,,
20,2,葛藤あり,行動なし,-0.6000000000000001,diff,scale,CZO尺度,,
22,2,葛藤あり,行動なし,0.09999999999999964,diff,scale,CZO尺度,,
23,2,葛藤あり,行動なし,-0.10000000000000009,diff,scale,CZO尺度,,
24,2,葛藤あり,行動なし,0.0,diff,scale,CZO尺度,,
25,2,葛藤あり,行動なし,-0.19999999999999973,diff,scale,CZO尺度,,
28,2,葛藤あり,行動なし,0.09999999999999964,diff,scale,CZO尺度,,
29,2,葛藤あり,行動なし,0.09999999999999964,diff,scale,CZO尺度,,
30,2,葛藤あり,行動なし,-0.2999999999999998,diff,scale,CZO尺度,,
33,2,葛藤あり,行動なし,-0.19999999999999973,diff,scale,CZO尺度,,
34,2,葛藤あり,行動なし,0.7999999999999998,diff,scale,CZO尺度,,
35,2,葛藤あり,行動なし,0.10000000000000009,diff,scale,CZO尺度,,
37,2,葛藤あり,行動なし,-0.19999999999999973,diff,scale,CZO尺度,,
38,2,葛藤あり,行動なし,0.10000000000000009,diff,scale,CZO尺度,,
42,2,葛藤あり,行動なし,0.3999999999999999,diff,scale,CZO尺度,,
45,2,葛藤あり,行動なし,-0.5,diff,scale,CZO尺度,,
47,2,葛藤あり,行動なし,0.7999999999999998,diff,scale,CZO尺度,,
49,2,葛藤あり,行動なし,0.09999999999999964,diff,scale,CZO尺度,,
52,2,葛藤あり,行動なし,0.0,diff,scale,CZO尺度,,
55,2,葛藤あり,行動なし,-0.7000000000000002,diff,scale,CZO尺度,,
60,2,葛藤あり,行動なし,0.10000000000000009,diff,scale,CZO尺度,,
61,2,葛藤あり,行動なし,-0.30000000000000027,diff,scale,CZO尺度,,
63,2,葛藤あり,行動なし,0.09999999999999964,diff,scale,CZO尺度,,
64,2,葛藤あり,行動なし,0.0,diff,scale,CZO尺度,,
65,2,葛藤あり,行動なし,0.0,diff,scale,CZO尺度,,
66,2,葛藤あり,行動なし,-0.7000000000000002,diff,scale,CZO尺度,,
68,2,葛藤あり,行動なし,-0.10000000000000009,diff,scale,CZO尺度,,
69,2,葛藤あり,行動なし,1.1000000000000005,diff,scale,CZO尺度,,
70,2,葛藤あり,行動なし,-0.30000000000000027,diff,scale,CZO尺度,,
71,2,葛藤あり,行動なし,0.7000000000000002,diff,scale,CZO尺度,,
74,2,葛藤あり,行動なし,0.6000000000000001,diff,scale,CZO尺度,,
75,2,葛藤あり,行動なし,-0.20000000000000018,diff,scale,CZO尺度,,
78,2,葛藤あり,行動なし,0.0,diff,scale,CZO尺度,,
79,2,葛藤あり,行動なし,0.09999999999999964,diff,scale,CZO尺度,,
80,2,葛藤あり,行動なし,-0.3999999999999999,diff,scale,CZO尺度,,
81,2,葛藤あり,行動なし,0.10000000000000009,diff,scale,CZO尺度,,
82,2,葛藤あり,行動なし,0.2999999999999998,diff,scale,CZO尺度,,
86,2,葛藤あり,行動なし,-0.20000000000000018,diff,scale,CZO尺度,,
89,2,葛藤あり,行動なし,-1.0,diff,scale,CZO尺度,,
90,2,葛藤あり,行動なし,-0.20000000000000018,diff,scale,CZO尺度,,
91,2,葛藤あり,行動なし,-0.10000000000000009,diff,scale,CZO尺度,,
92,2,葛藤あり,行動なし,0.2999999999999998,diff,scale,CZO尺度,,
93,2,葛藤あり,行動なし,0.0,diff,scale,CZO尺度,,
97,2,葛藤あり,行動なし,-0.19999999999999973,diff,scale,CZO尺度,,
98,2,葛藤あり,行動なし,-0.6999999999999997,diff,scale,CZO尺度,,
102,2,葛藤あり,行動なし,0.0,diff,scale,CZO尺度,,
106,2,葛藤あり,行動なし,-0.30000000000000027,diff,scale,CZO尺度,,
110,2,葛藤あり,行動なし,0.5,diff,scale,CZO尺度,,
111,2,葛藤あり,行動なし,-0.20000000000000018,diff,scale,CZO尺度,,
112,2,葛藤あり,行動なし,-0.19999999999999973,diff,scale,CZO尺度,,
113,2,葛藤あり,行動なし,0.10000000000000009,diff,scale,CZO尺度,,
117,2,葛藤あり,行動なし,-0.7000000000000002,diff,scale,CZO尺度,,
121,2,葛藤あり,行動なし,-0.09999999999999964,diff,scale,CZO尺度,,
123,2,葛藤あり,行動なし,0.30000000000000027,diff,scale,CZO尺度,,
2,3,葛藤なし,行動あり,2.9,post,scale,CZO尺度,,
4,3,葛藤なし,行動あり,3.0,post,scale,CZO尺度,,
5,3,葛藤なし,行動あり,3.7,post,scale,CZO尺度,,
6,3,葛藤なし,行動あり,3.3,post,scale,CZO尺度,,
8,3,葛藤なし,行動あり,3.4,post,scale,CZO尺度,,
9,3,葛藤なし,行動あり,3.2,post,scale,CZO尺度,,
11,3,葛藤なし,行動あり,4.7,post,scale,CZO尺度,,
14,3,葛藤なし,行動あり,3.5,post,scale,CZO尺度,,
16,3,葛藤なし,行動あり,3.9,post,scale,CZO尺度,,
17,3,葛藤なし,行動あり,2.9,post,scale,CZO尺度,,
20,3,葛藤なし,行動あり,3.3,post,scale,CZO尺度,,
22,3,葛藤なし,行動あり,3.8,post,scale,CZO尺度,,
23,3,葛藤なし,行動あり,3.5,post,scale,CZO尺度,,
24,3,葛藤なし,行動あり,2.9,post,scale,CZO尺度,,
25,3,葛藤なし,行動あり,3.9,post,scale,CZO尺度,,
28,3,葛藤なし,行動あり,4.2,post,scale,CZO尺度,,
29,3,葛藤なし,行動あり,4.8,post,scale,CZO尺度,,
30,3,葛藤なし,行動あり,3.0,post,scale,CZO尺度,,
33,3,葛藤なし,行動あり,2.9,post,scale,CZO尺度,,
34,3,葛藤なし,行動あり,3.9,post,scale,CZO尺度,,
35,3,葛藤なし,行動あり,3.4,post,scale,CZO尺度,,
37,3,葛藤なし,行動あり,3.0,post,scale,CZO尺度,,
38,3,葛藤なし,行動あり,3.8,post,scale,CZO尺度,,
42,3,葛藤なし,行動あり,3.8,post,scale,CZO尺度,,
45,3,葛藤なし,行動あり,3.0,post,scale,CZO尺度,,
47,3,葛藤なし,行動あり,3.7,post,scale,CZO尺度,,
49,3,葛藤なし,行動あり,2.9,post,scale,CZO尺度,,
52,3,葛藤なし,行動あり,3.6,post,scale,CZO尺度,,
55,3,葛藤なし,行動あり,3.2,post,scale,CZO尺度,,
60,3,葛藤なし,行動あり,3.7,post,scale,CZO尺度,,
61,3,葛藤なし,行動あり,2.9,post,scale,CZO尺度,,
63,3,葛藤なし,行動あり,4.0,post,scale,CZO尺度,,
64,3,葛藤なし,行動あり,3.5,post,scale,CZO尺度,,
65,3,葛藤なし,行動あり,3.0,post,scale,CZO尺度,,
66,3,葛藤なし,行動あり,2.8,post,scale,CZO尺度,,
68,3,葛藤なし,行動あり,3.7,post,scale,CZO尺度,,
69,3,葛藤なし,行動あり,4.9,post,scale,CZO尺度,,
70,3,葛藤なし,行動あり,2.8,post,scale,CZO尺度,,
71,3,葛藤なし,行動あり,4.4,post,scale,CZO尺度,,
74,3,葛藤なし,行動あり,4.4,post,scale,CZO尺度,,
75,3,葛藤なし,行動あり,3.1,post,scale,CZO尺度,,
78,3,葛藤なし,行動あり,3.7,post,scale,CZO尺度,,
79,3,葛藤なし,行動あり,3.9,post,scale,CZO尺度,,
80,3,葛藤なし,行動あり,2.9,post,scale,CZO尺度,,
81,3,葛藤なし,行動あり,3.3,post,scale,CZO尺度,,
82,3,葛藤なし,行動あり,4.3,post,scale,CZO尺度,,
86,3,葛藤なし,行動あり,3.0,post,scale,CZO尺度,,
89,3,葛藤なし,行動あり,2.6,post,scale,CZO尺度,,
90,3,葛藤なし,行動あり,3.9,post,scale,CZO尺度,,
91,3,葛藤なし,行動あり,2.9,post,scale,CZO尺度,,
92,3,葛藤なし,行動あり,3.8,post,scale,CZO尺度,,
93,3,葛藤なし,行動あり,3.1,post,scale,CZO尺度,,
97,3,葛藤なし,行動あり,3.5,post,scale,CZO尺度,,
98,3,葛藤なし,行動あり,3.5,post,scale,CZO尺度,,
102,3,葛藤なし,行動あり,4.0,post,scale,CZO尺度,,
106,3,葛藤なし,行動あり,4.2,post,scale,CZO尺度,,
110,3,葛藤なし,行動あり,4.0,post,scale,CZO尺度,,
111,3,葛藤なし,行動あり,3.2,post,scale,CZO尺度,,
112,3,葛藤なし,行動あり,3.0,post,scale,CZO尺度,,
113,3,葛藤なし,行動あり,3.7,post,scale,CZO尺度,,
117,3,葛藤なし,行動あり,3.8,post,scale,CZO尺度,,
121,3,葛藤なし,行動あり,4.5,post,scale,CZO尺度,,
123,3,葛藤なし,行動あり,3.6,post,scale,CZO尺度,,
2,3,葛藤なし,行動あり,-0.20000000000000018,diff,scale,CZO尺度,,
4,3,葛藤なし,行動あり,-0.20000000000000018,diff,scale,CZO尺度,,
5,3,葛藤なし,行動あり,0.6000000000000001,diff,scale,CZO尺度,,
6,3,葛藤なし,行動あり,0.09999999999999964,diff,scale,CZO尺度,,
8,3,葛藤なし,行動あり,0.19999999999999973,diff,scale,CZO尺度,,
9,3,葛藤なし,行動あり,-0.09999999999999964,diff,scale,CZO尺度,,
11,3,葛藤なし,行動あり,0.2999999999999998,diff,scale,CZO尺度,,
14,3,葛藤なし,行動あり,0.3999999999999999,diff,scale,CZO尺度,,
16,3,葛藤なし,行動あり,-0.19999999999999973,diff,scale,CZO尺度,,
17,3,葛藤なし,行動あり,-0.30000000000000027,diff,scale,CZO尺度,,
20,3,葛藤なし,行動あり,-0.40000000000000036,diff,scale,CZO尺度,,
22,3,葛藤なし,行動あり,-0.20000000000000018,diff,scale,CZO尺度,,
23,3,葛藤なし,行動あり,-0.20000000000000018,diff,scale,CZO尺度,,
24,3,葛藤なし,行動あり,-0.30000000000000027,diff,scale,CZO尺度,,
25,3,葛藤なし,行動あり,0.6000000000000001,diff,scale,CZO尺度,,
28,3,葛藤なし,行動あり,0.0,diff,scale,CZO尺度,,
29,3,葛藤なし,行動あり,0.09999999999999964,diff,scale,CZO尺度,,
30,3,葛藤なし,行動あり,-0.3999999999999999,diff,scale,CZO尺度,,
33,3,葛藤なし,行動あり,-0.3999999999999999,diff,scale,CZO尺度,,
34,3,葛藤なし,行動あり,0.6000000000000001,diff,scale,CZO尺度,,
35,3,葛藤なし,行動あり,0.0,diff,scale,CZO尺度,,
37,3,葛藤なし,行動あり,-0.3999999999999999,diff,scale,CZO尺度,,
38,3,葛藤なし,行動あり,0.6999999999999997,diff,scale,CZO尺度,,
42,3,葛藤なし,行動あり,0.3999999999999999,diff,scale,CZO尺度,,
45,3,葛藤なし,行動あり,-0.3999999999999999,diff,scale,CZO尺度,,
47,3,葛藤なし,行動あり,0.6000000000000001,diff,scale,CZO尺度,,
49,3,葛藤なし,行動あり,-0.30000000000000027,diff,scale,CZO尺度,,
52,3,葛藤なし,行動あり,-0.19999999999999973,diff,scale,CZO尺度,,
55,3,葛藤なし,行動あり,0.10000000000000009,diff,scale,CZO尺度,,
60,3,葛藤なし,行動あり,0.10000000000000009,diff,scale,CZO尺度,,
61,3,葛藤なし,行動あり,-0.30000000000000027,diff,scale,CZO尺度,,
63,3,葛藤なし,行動あり,0.0,diff,scale,CZO尺度,,
64,3,葛藤なし,行動あり,-0.10000000000000009,diff,scale,CZO尺度,,
65,3,葛藤なし,行動あり,-0.10000000000000009,diff,scale,CZO尺度,,
66,3,葛藤なし,行動あり,-0.40000000000000036,diff,scale,CZO尺度,,
68,3,葛藤なし,行動あり,-0.19999999999999973,diff,scale,CZO尺度,,
69,3,葛藤なし,行動あり,1.1000000000000005,diff,scale,CZO尺度,,
70,3,葛藤なし,行動あり,-0.40000000000000036,diff,scale,CZO尺度,,
71,3,葛藤なし,行動あり,0.6000000000000005,diff,scale,CZO尺度,,
74,3,葛藤なし,行動あり,1.0000000000000004,diff,scale,CZO尺度,,
75,3,葛藤なし,行動あり,0.0,diff,scale,CZO尺度,,
78,3,葛藤なし,行動あり,0.20000000000000018,diff,scale,CZO尺度,,
79,3,葛藤なし,行動あり,0.19999999999999973,diff,scale,CZO尺度,,
80,3,葛藤なし,行動あり,-0.3999999999999999,diff,scale,CZO尺度,,
81,3,葛藤なし,行動あり,0.0,diff,scale,CZO尺度,,
82,3,葛藤なし,行動あり,0.2999999999999998,diff,scale,CZO尺度,,
86,3,葛藤なし,行動あり,-0.20000000000000018,diff,scale,CZO尺度,,
89,3,葛藤なし,行動あり,-1.0,diff,scale,CZO尺度,,
90,3,葛藤なし,行動あり,-0.10000000000000009,diff,scale,CZO尺度,,
91,3,葛藤なし,行動あり,-0.20000000000000018,diff,scale,CZO尺度,,
92,3,葛藤なし,行動あり,0.2999999999999998,diff,scale,CZO尺度,,
93,3,葛藤なし,行動あり,0.0,diff,scale,CZO尺度,,
97,3,葛藤なし,行動あり,-0.2999999999999998,diff,scale,CZO尺度,,
98,3,葛藤なし,行動あり,0.20000000000000018,diff,scale,CZO尺度,,
102,3,葛藤なし,行動あり,0.10000000000000009,diff,scale,CZO尺度,,
106,3,葛藤なし,行動あり,0.6000000000000001,diff,scale,CZO尺度,,
110,3,葛藤なし,行動あり,0.5,diff,scale,CZO尺度,,
111,3,葛藤なし,行動あり,0.10000000000000009,diff,scale,CZO尺度,,
112,3,葛藤なし,行動あり,-0.3999999999999999,diff,scale,CZO尺度,,
113,3,葛藤なし,行動あり,0.40000000000000036,diff,scale,CZO尺度,,
117,3,葛藤なし,行動あり,0.09999999999999964,diff,scale,CZO尺度,,
121,3,葛藤なし,行動あり,0.40000000000000036,diff,scale,CZO尺度,,
123,3,葛藤なし,行動あり,0.30000000000000027,diff,scale,CZO尺度,,
2,4,葛藤なし,行動なし,2.9,post,scale,CZO尺度,,
4,4,葛藤なし,行動なし,3.0,post,scale,CZO尺度,,
5,4,葛藤なし,行動なし,3.0,post,scale,CZO尺度,,
6,4,葛藤なし,行動なし,3.2,post,scale,CZO尺度,,
8,4,葛藤なし,行動なし,3.1,post,scale,CZO尺度,,
9,4,葛藤なし,行動なし,3.7,post,scale,CZO尺度,,
11,4,葛藤なし,行動なし,4.6,post,scale,CZO尺度,,
14,4,葛藤なし,行動なし,3.4,post,scale,CZO尺度,,
16,4,葛藤なし,行動なし,4.0,post,scale,CZO尺度,,
17,4,葛藤なし,行動なし,2.7,post,scale,CZO尺度,,
20,4,葛藤なし,行動なし,3.1,post,scale,CZO尺度,,
22,4,葛藤なし,行動なし,3.8,post,scale,CZO尺度,,
23,4,葛藤なし,行動なし,3.7,post,scale,CZO尺度,,
24,4,葛藤なし,行動なし,2.9,post,scale,CZO尺度,,
25,4,葛藤なし,行動なし,2.4,post,scale,CZO尺度,,
28,4,葛藤なし,行動なし,4.3,post,scale,CZO尺度,,
29,4,葛藤なし,行動なし,4.8,post,scale,CZO尺度,,
30,4,葛藤なし,行動なし,2.8,post,scale,CZO尺度,,
33,4,葛藤なし,行動なし,2.8,post,scale,CZO尺度,,
34,4,葛藤なし,行動なし,3.5,post,scale,CZO尺度,,
35,4,葛藤なし,行動なし,3.4,post,scale,CZO尺度,,
37,4,葛藤なし,行動なし,3.1,post,scale,CZO尺度,,
38,4,葛藤なし,行動なし,3.6,post,scale,CZO尺度,,
42,4,葛藤なし,行動なし,3.7,post,scale,CZO尺度,,
45,4,葛藤なし,行動なし,3.0,post,scale,CZO尺度,,
47,4,葛藤なし,行動なし,3.7,post,scale,CZO尺度,,
49,4,葛藤なし,行動なし,2.9,post,scale,CZO尺度,,
52,4,葛藤なし,行動なし,4.0,post,scale,CZO尺度,,
55,4,葛藤なし,行動なし,3.0,post,scale,CZO尺度,,
60,4,葛藤なし,行動なし,3.7,post,scale,CZO尺度,,
61,4,葛藤なし,行動なし,3.0,post,scale,CZO尺度,,
63,4,葛藤なし,行動なし,4.1,post,scale,CZO尺度,,
64,4,葛藤なし,行動なし,3.3,post,scale,CZO尺度,,
65,4,葛藤なし,行動なし,3.1,post,scale,CZO尺度,,
66,4,葛藤なし,行動なし,3.3,post,scale,CZO尺度,,
68,4,葛藤なし,行動なし,3.9,post,scale,CZO尺度,,
69,4,葛藤なし,行動なし,4.9,post,scale,CZO尺度,,
70,4,葛藤なし,行動なし,2.8,post,scale,CZO尺度,,
71,4,葛藤なし,行動なし,4.3,post,scale,CZO尺度,,
74,4,葛藤なし,行動なし,4.2,post,scale,CZO尺度,,
75,4,葛藤なし,行動なし,3.0,post,scale,CZO尺度,,
78,4,葛藤なし,行動なし,3.6,post,scale,CZO尺度,,
79,4,葛藤なし,行動なし,4.0,post,scale,CZO尺度,,
80,4,葛藤なし,行動なし,2.8,post,scale,CZO尺度,,
81,4,葛藤なし,行動なし,3.4,post,scale,CZO尺度,,
82,4,葛藤なし,行動なし,4.3,post,scale,CZO尺度,,
86,4,葛藤なし,行動なし,3.0,post,scale,CZO尺度,,
89,4,葛藤なし,行動なし,2.2,post,scale,CZO尺度,,
90,4,葛藤なし,行動なし,3.9,post,scale,CZO尺度,,
91,4,葛藤なし,行動なし,2.9,post,scale,CZO尺度,,
92,4,葛藤なし,行動なし,3.8,post,scale,CZO尺度,,
93,4,葛藤なし,行動なし,3.0,post,scale,CZO尺度,,
97,4,葛藤なし,行動なし,3.5,post,scale,CZO尺度,,
98,4,葛藤なし,行動なし,2.5,post,scale,CZO尺度,,
102,4,葛藤なし,行動なし,4.4,post,scale,CZO尺度,,
106,4,葛藤なし,行動なし,3.6,post,scale,CZO尺度,,
110,4,葛藤なし,行動なし,4.0,post,scale,CZO尺度,,
111,4,葛藤なし,行動なし,3.1,post,scale,CZO尺度,,
112,4,葛藤なし,行動なし,3.4,post,scale,CZO尺度,,
113,4,葛藤なし,行動なし,3.5,post,scale,CZO尺度,,
117,4,葛藤なし,行動なし,3.0,post,scale,CZO尺度,,
121,4,葛藤なし,行動なし,3.3,post,scale,CZO尺度,,
123,4,葛藤なし,行動なし,3.7,post,scale,CZO尺度,,
2,4,葛藤なし,行動なし,-0.20000000000000018,diff,scale,CZO尺度,,
4,4,葛藤なし,行動なし,-0.20000000000000018,diff,scale,CZO尺度,,
5,4,葛藤なし,行動なし,-0.10000000000000009,diff,scale,CZO尺度,,
6,4,葛藤なし,行動なし,0.0,diff,scale,CZO尺度,,
8,4,葛藤なし,行動なし,-0.10000000000000009,diff,scale,CZO尺度,,
9,4,葛藤なし,行動なし,0.40000000000000036,diff,scale,CZO尺度,,
11,4,葛藤なし,行動なし,0.1999999999999993,diff,scale,CZO尺度,,
14,4,葛藤なし,行動なし,0.2999999999999998,diff,scale,CZO尺度,,
16,4,葛藤なし,行動なし,-0.09999999999999964,diff,scale,CZO尺度,,
17,4,葛藤なし,行動なし,-0.5,diff,scale,CZO尺度,,
20,4,葛藤なし,行動なし,-0.6000000000000001,diff,scale,CZO尺度,,
22,4,葛藤なし,行動なし,-0.20000000000000018,diff,scale,CZO尺度,,
23,4,葛藤なし,行動なし,0.0,diff,scale,CZO尺度,,
24,4,葛藤なし,行動なし,-0.30000000000000027,diff,scale,CZO尺度,,
25,4,葛藤なし,行動なし,-0.8999999999999999,diff,scale,CZO尺度,,
28,4,葛藤なし,行動なし,0.09999999999999964,diff,scale,CZO尺度,,
29,4,葛藤なし,行動なし,0.09999999999999964,diff,scale,CZO尺度,,
30,4,葛藤なし,行動なし,-0.6000000000000001,diff,scale,CZO尺度,,
33,4,葛藤なし,行動なし,-0.5,diff,scale,CZO尺度,,
34,4,葛藤なし,行動なし,0.20000000000000018,diff,scale,CZO尺度,,
35,4,葛藤なし,行動なし,0.0,diff,scale,CZO尺度,,
37,4,葛藤なし,行動なし,-0.2999999999999998,diff,scale,CZO尺度,,
38,4,葛藤なし,行動なし,0.5,diff,scale,CZO尺度,,
42,4,葛藤なし,行動なし,0.30000000000000027,diff,scale,CZO尺度,,
45,4,葛藤なし,行動なし,-0.3999999999999999,diff,scale,CZO尺度,,
47,4,葛藤なし,行動なし,0.6000000000000001,diff,scale,CZO尺度,,
49,4,葛藤なし,行動なし,-0.30000000000000027,diff,scale,CZO尺度,,
52,4,葛藤なし,行動なし,0.20000000000000018,diff,scale,CZO尺度,,
55,4,葛藤なし,行動なし,-0.10000000000000009,diff,scale,CZO尺度,,
60,4,葛藤なし,行動なし,0.10000000000000009,diff,scale,CZO尺度,,
61,4,葛藤なし,行動なし,-0.20000000000000018,diff,scale,CZO尺度,,
63,4,葛藤なし,行動なし,0.09999999999999964,diff,scale,CZO尺度,,
64,4,葛藤なし,行動なし,-0.30000000000000027,diff,scale,CZO尺度,,
65,4,葛藤なし,行動なし,0.0,diff,scale,CZO尺度,,
66,4,葛藤なし,行動なし,0.09999999999999964,diff,scale,CZO尺度,,
68,4,葛藤なし,行動なし,0.0,diff,scale,CZO尺度,,
69,4,葛藤なし,行動なし,1.1000000000000005,diff,scale,CZO尺度,,
70,4,葛藤なし,行動なし,-0.40000000000000036,diff,scale,CZO尺度,,
71,4,葛藤なし,行動なし,0.5,diff,scale,CZO尺度,,
74,4,葛藤なし,行動なし,0.8000000000000003,diff,scale,CZO尺度,,
75,4,葛藤なし,行動なし,-0.10000000000000009,diff,scale,CZO尺度,,
78,4,葛藤なし,行動なし,0.10000000000000009,diff,scale,CZO尺度,,
79,4,葛藤なし,行動なし,0.2999999999999998,diff,scale,CZO尺度,,
80,4,葛藤なし,行動なし,-0.5,diff,scale,CZO尺度,,
81,4,葛藤なし,行動なし,0.10000000000000009,diff,scale,CZO尺度,,
82,4,葛藤なし,行動なし,0.2999999999999998,diff,scale,CZO尺度,,
86,4,葛藤なし,行動なし,-0.20000000000000018,diff,scale,CZO尺度,,
89,4,葛藤なし,行動なし,-1.4,diff,scale,CZO尺度,,
90,4,葛藤なし,行動なし,-0.10000000000000009,diff,scale,CZO尺度,,
91,4,葛藤なし,行動なし,-0.20000000000000018,diff,scale,CZO尺度,,
92,4,葛藤なし,行動なし,0.2999999999999998,diff,scale,CZO尺度,,
93,4,葛藤なし,行動なし,-0.10000000000000009,diff,scale,CZO尺度,,
97,4,葛藤なし,行動なし,-0.2999999999999998,diff,scale,CZO尺度,,
98,4,葛藤なし,行動なし,-0.7999999999999998,diff,scale,CZO尺度,,
102,4,葛藤なし,行動なし,0.5000000000000004,diff,scale,CZO尺度,,
106,4,葛藤なし,行動なし,0.0,diff,scale,CZO尺度,,
110,4,葛藤なし,行動なし,0.5,diff,scale,CZO尺度,,
111,4,葛藤なし,行動なし,0.0,diff,scale,CZO尺度,,
112,4,葛藤なし,行動なし,0.0,diff,scale,CZO尺度,,
113,4,葛藤なし,行動なし,0.20000000000000018,diff,scale,CZO尺度,,
117,4,葛藤なし,行動なし,-0.7000000000000002,diff,scale,CZO尺度,,
121,4,葛藤なし,行動なし,-0.7999999999999998,diff,scale,CZO尺度,,
123,4,葛藤なし,行動なし,0.40000000000000036,diff,scale,CZO尺度,,
2,1,葛藤あり,行動あり,4.5,post,scale,葛藤尺度,,
4,1,葛藤あり,行動あり,5.0,post,scale,葛藤尺度,,
5,1,葛藤あり,行動あり,4.25,post,scale,葛藤尺度,,
6,1,葛藤あり,行動あり,5.5,post,scale,葛藤尺度,,
8,1,葛藤あり,行動あり,6.5,post,scale,葛藤尺度,,
9,1,葛藤あり,行動あり,4.75,post,scale,葛藤尺度,,
11,1,葛藤あり,行動あり,6.75,post,scale,葛藤尺度,,
14,1,葛藤あり,行動あり,6.25,post,scale,葛藤尺度,,
16,1,葛藤あり,行動あり,6.0,post,scale,葛藤尺度,,
17,1,葛藤あり,行動あり,5.0,post,scale,葛藤尺度,,
20,1,葛藤あり,行動あり,6.75,post,scale,葛藤尺度,,
22,1,葛藤あり,行動あり,6.5,post,scale,葛藤尺度,,
23,1,葛藤あり,行動あり,5.5,post,scale,葛藤尺度,,
24,1,葛藤あり,行動あり,2.25,post,scale,葛藤尺度,,
25,1,葛藤あり,行動あり,7.0,post,scale,葛藤尺度,,
28,1,葛藤あり,行動あり,6.5,post,scale,葛藤尺度,,
29,1,葛藤あり,行動あり,4.5,post,scale,葛藤尺度,,
30,1,葛藤あり,行動あり,6.0,post,scale,葛藤尺度,,
33,1,葛藤あり,行動あり,6.75,post,scale,葛藤尺度,,
34,1,葛藤あり,行動あり,6.5,post,scale,葛藤尺度,,
35,1,葛藤あり,行動あり,6.75,post,scale,葛藤尺度,,
37,1,葛藤あり,行動あり,6.5,post,scale,葛藤尺度,,
38,1,葛藤あり,行動あり,5.75,post,scale,葛藤尺度,,
42,1,葛藤あり,行動あり,5.25,post,scale,葛藤尺度,,
45,1,葛藤あり,行動あり,4.0,post,scale,葛藤尺度,,
47,1,葛藤あり,行動あり,2.0,post,scale,葛藤尺度,,
49,1,葛藤あり,行動あり,3.0,post,scale,葛藤尺度,,
52,1,葛藤あり,行動あり,5.75,post,scale,葛藤尺度,,
55,1,葛藤あり,行動あり,6.0,post,scale,葛藤尺度,,
60,1,葛藤あり,行動あり,6.0,post,scale,葛藤尺度,,
61,1,葛藤あり,行動あり,5.0,post,scale,葛藤尺度,,
63,1,葛藤あり,行動あり,6.0,post,scale,葛藤尺度,,
64,1,葛藤あり,行動あり,6.0,post,scale,葛藤尺度,,
65,1,葛藤あり,行動あり,2.75,post,scale,葛藤尺度,,
66,1,葛藤あり,行動あり,4.25,post,scale,葛藤尺度,,
68,1,葛藤あり,行動あり,5.5,post,scale,葛藤尺度,,
69,1,葛藤あり,行動あり,6.5,post,scale,葛藤尺度,,
70,1,葛藤あり,行動あり,5.0,post,scale,葛藤尺度,,
71,1,葛藤あり,行動あり,4.25,post,scale,葛藤尺度,,
74,1,葛藤あり,行動あり,4.75,post,scale,葛藤尺度,,
75,1,葛藤あり,行動あり,4.5,post,scale,葛藤尺度,,
78,1,葛藤あり,行動あり,5.25,post,scale,葛藤尺度,,
79,1,葛藤あり,行動あり,5.75,post,scale,葛藤尺度,,
80,1,葛藤あり,行動あり,6.0,post,scale,葛藤尺度,,
81,1,葛藤あり,行動あり,5.0,post,scale,葛藤尺度,,
82,1,葛藤あり,行動あり,5.0,post,scale,葛藤尺度,,
86,1,葛藤あり,行動あり,4.0,post,scale,葛藤尺度,,
89,1,葛藤あり,行動あり,5.75,post,scale,葛藤尺度,,
90,1,葛藤あり,行動あり,5.25,post,scale,葛藤尺度,,
91,1,葛藤あり,行動あり,6.0,post,scale,葛藤尺度,,
92,1,葛藤あり,行動あり,6.0,post,scale,葛藤尺度,,
93,1,葛藤あり,行動あり,4.75,post,scale,葛藤尺度,,
97,1,葛藤あり,行動あり,5.25,post,scale,葛藤尺度,,
98,1,葛藤あり,行動あり,5.0,post,scale,葛藤尺度,,
102,1,葛藤あり,行動あり,4.5,post,scale,葛藤尺度,,
106,1,葛藤あり,行動あり,5.5,post,scale,葛藤尺度,,
110,1,葛藤あり,行動あり,5.0,post,scale,葛藤尺度,,
111,1,葛藤あり,行動あり,3.25,post,scale,葛藤尺度,,
112,1,葛藤あり,行動あり,6.0,post,scale,葛藤尺度,,
113,1,葛藤あり,行動あり,4.0,post,scale,葛藤尺度,,
117,1,葛藤あり,行動あり,5.0,post,scale,葛藤尺度,,
121,1,葛藤あり,行動あり,5.75,post,scale,葛藤尺度,,
123,1,葛藤あり,行動あり,4.5,post,scale,葛藤尺度,,
2,2,葛藤あり,行動なし,4.75,post,scale,葛藤尺度,,
4,2,葛藤あり,行動なし,5.5,post,scale,葛藤尺度,,
5,2,葛藤あり,行動なし,4.75,post,scale,葛藤尺度,,
6,2,葛藤あり,行動なし,6.25,post,scale,葛藤尺度,,
8,2,葛藤あり,行動なし,6.75,post,scale,葛藤尺度,,
9,2,葛藤あり,行動なし,5.0,post,scale,葛藤尺度,,
11,2,葛藤あり,行動なし,6.0,post,scale,葛藤尺度,,
14,2,葛藤あり,行動なし,5.5,post,scale,葛藤尺度,,
16,2,葛藤あり,行動なし,6.75,post,scale,葛藤尺度,,
17,2,葛藤あり,行動なし,5.0,post,scale,葛藤尺度,,
20,2,葛藤あり,行動なし,6.25,post,scale,葛藤尺度,,
22,2,葛藤あり,行動なし,6.0,post,scale,葛藤尺度,,
23,2,葛藤あり,行動なし,5.25,post,scale,葛藤尺度,,
24,2,葛藤あり,行動なし,2.5,post,scale,葛藤尺度,,
25,2,葛藤あり,行動なし,6.75,post,scale,葛藤尺度,,
28,2,葛藤あり,行動なし,6.5,post,scale,葛藤尺度,,
29,2,葛藤あり,行動なし,4.75,post,scale,葛藤尺度,,
30,2,葛藤あり,行動なし,6.0,post,scale,葛藤尺度,,
33,2,葛藤あり,行動なし,5.25,post,scale,葛藤尺度,,
34,2,葛藤あり,行動なし,6.75,post,scale,葛藤尺度,,
35,2,葛藤あり,行動なし,6.0,post,scale,葛藤尺度,,
37,2,葛藤あり,行動なし,6.5,post,scale,葛藤尺度,,
38,2,葛藤あり,行動なし,6.25,post,scale,葛藤尺度,,
42,2,葛藤あり,行動なし,5.25,post,scale,葛藤尺度,,
45,2,葛藤あり,行動なし,3.5,post,scale,葛藤尺度,,
47,2,葛藤あり,行動なし,3.0,post,scale,葛藤尺度,,
49,2,葛藤あり,行動なし,4.5,post,scale,葛藤尺度,,
52,2,葛藤あり,行動なし,6.0,post,scale,葛藤尺度,,
55,2,葛藤あり,行動なし,6.25,post,scale,葛藤尺度,,
60,2,葛藤あり,行動なし,6.0,post,scale,葛藤尺度,,
61,2,葛藤あり,行動なし,4.0,post,scale,葛藤尺度,,
63,2,葛藤あり,行動なし,6.5,post,scale,葛藤尺度,,
64,2,葛藤あり,行動なし,6.5,post,scale,葛藤尺度,,
65,2,葛藤あり,行動なし,3.5,post,scale,葛藤尺度,,
66,2,葛藤あり,行動なし,4.0,post,scale,葛藤尺度,,
68,2,葛藤あり,行動なし,6.75,post,scale,葛藤尺度,,
69,2,葛藤あり,行動なし,6.5,post,scale,葛藤尺度,,
70,2,葛藤あり,行動なし,5.0,post,scale,葛藤尺度,,
71,2,葛藤あり,行動なし,6.75,post,scale,葛藤尺度,,
74,2,葛藤あり,行動なし,5.25,post,scale,葛藤尺度,,
75,2,葛藤あり,行動なし,4.25,post,scale,葛藤尺度,,
78,2,葛藤あり,行動なし,5.25,post,scale,葛藤尺度,,
79,2,葛藤あり,行動なし,5.75,post,scale,葛藤尺度,,
80,2,葛藤あり,行動なし,6.0,post,scale,葛藤尺度,,
81,2,葛藤あり,行動なし,5.5,post,scale,葛藤尺度,,
82,2,葛藤あり,行動なし,5.0,post,scale,葛藤尺度,,
86,2,葛藤あり,行動なし,4.0,post,scale,葛藤尺度,,
89,2,葛藤あり,行動なし,5.75,post,scale,葛藤尺度,,
90,2,葛藤あり,行動なし,6.0,post,scale,葛藤尺度,,
91,2,葛藤あり,行動なし,3.5,post,scale,葛藤尺度,,
92,2,葛藤あり,行動なし,6.0,post,scale,葛藤尺度,,
93,2,葛藤あり,行動なし,4.75,post,scale,葛藤尺度,,
97,2,葛藤あり,行動なし,6.0,post,scale,葛藤尺度,,
98,2,葛藤あり,行動なし,5.0,post,scale,葛藤尺度,,
102,2,葛藤あり,行動なし,4.75,post,scale,葛藤尺度,,
106,2,葛藤あり,行動なし,5.5,post,scale,葛藤尺度,,
110,2,葛藤あり,行動なし,6.0,post,scale,葛藤尺度,,
111,2,葛藤あり,行動なし,4.25,post,scale,葛藤尺度,,
112,2,葛藤あり,行動なし,6.25,post,scale,葛藤尺度,,
113,2,葛藤あり,行動なし,6.25,post,scale,葛藤尺度,,
117,2,葛藤あり,行動なし,6.0,post,scale,葛藤尺度,,
121,2,葛藤あり,行動なし,6.5,post,scale,葛藤尺度,,
123,2,葛藤あり,行動なし,4.75,post,scale,葛藤尺度,,
2,3,葛藤なし,行動あり,4.5,post,scale,葛藤尺度,,
4,3,葛藤なし,行動あり,6.0,post,scale,葛藤尺度,,
5,3,葛藤なし,行動あり,4.25,post,scale,葛藤尺度,,
6,3,葛藤なし,行動あり,4.25,post,scale,葛藤尺度,,
8,3,葛藤なし,行動あり,1.75,post,scale,葛藤尺度,,
9,3,葛藤なし,行動あり,5.25,post,scale,葛藤尺度,,
11,3,葛藤なし,行動あり,1.5,post,scale,葛藤尺度,,
14,3,葛藤なし,行動あり,2.25,post,scale,葛藤尺度,,
16,3,葛藤なし,行動あり,6.5,post,scale,葛藤尺度,,
17,3,葛藤なし,行動あり,2.25,post,scale,葛藤尺度,,
20,3,葛藤なし,行動あり,5.5,post,scale,葛藤尺度,,
22,3,葛藤なし,行動あり,5.0,post,scale,葛藤尺度,,
23,3,葛藤なし,行動あり,5.25,post,scale,葛藤尺度,,
24,3,葛藤なし,行動あり,3.5,post,scale,葛藤尺度,,
25,3,葛藤なし,行動あり,3.5,post,scale,葛藤尺度,,
28,3,葛藤なし,行動あり,3.5,post,scale,葛藤尺度,,
29,3,葛藤なし,行動あり,1.75,post,scale,葛藤尺度,,
30,3,葛藤なし,行動あり,6.0,post,scale,葛藤尺度,,
33,3,葛藤なし,行動あり,5.5,post,scale,葛藤尺度,,
34,3,葛藤なし,行動あり,7.0,post,scale,葛藤尺度,,
35,3,葛藤なし,行動あり,5.5,post,scale,葛藤尺度,,
37,3,葛藤なし,行動あり,2.75,post,scale,葛藤尺度,,
38,3,葛藤なし,行動あり,5.25,post,scale,葛藤尺度,,
42,3,葛藤なし,行動あり,4.25,post,scale,葛藤尺度,,
45,3,葛藤なし,行動あり,4.0,post,scale,葛藤尺度,,
47,3,葛藤なし,行動あり,1.5,post,scale,葛藤尺度,,
49,3,葛藤なし,行動あり,3.75,post,scale,葛藤尺度,,
52,3,葛藤なし,行動あり,2.0,post,scale,葛藤尺度,,
55,3,葛藤なし,行動あり,5.5,post,scale,葛藤尺度,,
60,3,葛藤なし,行動あり,4.5,post,scale,葛藤尺度,,
61,3,葛藤なし,行動あり,4.5,post,scale,葛藤尺度,,
63,3,葛藤なし,行動あり,2.25,post,scale,葛藤尺度,,
64,3,葛藤なし,行動あり,2.0,post,scale,葛藤尺度,,
65,3,葛藤なし,行動あり,2.25,post,scale,葛藤尺度,,
66,3,葛藤なし,行動あり,4.0,post,scale,葛藤尺度,,
68,3,葛藤なし,行動あり,3.5,post,scale,葛藤尺度,,
69,3,葛藤なし,行動あり,1.5,post,scale,葛藤尺度,,
70,3,葛藤なし,行動あり,5.0,post,scale,葛藤尺度,,
71,3,葛藤なし,行動あり,1.75,post,scale,葛藤尺度,,
74,3,葛藤なし,行動あり,2.75,post,scale,葛藤尺度,,
75,3,葛藤なし,行動あり,4.25,post,scale,葛藤尺度,,
78,3,葛藤なし,行動あり,5.0,post,scale,葛藤尺度,,
79,3,葛藤なし,行動あり,5.5,post,scale,葛藤尺度,,
80,3,葛藤なし,行動あり,5.0,post,scale,葛藤尺度,,
81,3,葛藤なし,行動あり,4.75,post,scale,葛藤尺度,,
82,3,葛藤なし,行動あり,5.0,post,scale,葛藤尺度,,
86,3,葛藤なし,行動あり,4.0,post,scale,葛藤尺度,,
89,3,葛藤なし,行動あり,5.5,post,scale,葛藤尺度,,
90,3,葛藤なし,行動あり,3.0,post,scale,葛藤尺度,,
91,3,葛藤なし,行動あり,4.25,post,scale,葛藤尺度,,
92,3,葛藤なし,行動あり,1.0,post,scale,葛藤尺度,,
93,3,葛藤なし,行動あり,4.5,post,scale,葛藤尺度,,
97,3,葛藤なし,行動あり,3.75,post,scale,葛藤尺度,,
98,3,葛藤なし,行動あり,3.25,post,scale,葛藤尺度,,
102,3,葛藤なし,行動あり,3.75,post,scale,葛藤尺度,,
106,3,葛藤なし,行動あり,4.25,post,scale,葛藤尺度,,
110,3,葛藤なし,行動あり,4.5,post,scale,葛藤尺度,,
111,3,葛藤なし,行動あり,3.75,post,scale,葛藤尺度,,
112,3,葛藤なし,行動あり,6.25,post,scale,葛藤尺度,,
113,3,葛藤なし,行動あり,2.0,post,scale,葛藤尺度,,
117,3,葛藤なし,行動あり,2.25,post,scale,葛藤尺度,,
121,3,葛藤なし,行動あり,6.75,post,scale,葛藤尺度,,
123,3,葛藤なし,行動あり,5.0,post,scale,葛藤尺度,,
2,4,葛藤なし,行動なし,4.5,post,scale,葛藤尺度,,
4,4,葛藤なし,行動なし,5.75,post,scale,葛藤尺度,,
5,4,葛藤なし,行動なし,3.75,post,scale,葛藤尺度,,
6,4,葛藤なし,行動なし,6.25,post,scale,葛藤尺度,,
8,4,葛藤なし,行動なし,3.75,post,scale,葛藤尺度,,
9,4,葛藤なし,行動なし,5.0,post,scale,葛藤尺度,,
11,4,葛藤なし,行動なし,6.0,post,scale,葛藤尺度,,
14,4,葛藤なし,行動なし,5.5,post,scale,葛藤尺度,,
16,4,葛藤なし,行動なし,6.5,post,scale,葛藤尺度,,
17,4,葛藤なし,行動なし,2.0,post,scale,葛藤尺度,,
20,4,葛藤なし,行動なし,2.5,post,scale,葛藤尺度,,
22,4,葛藤なし,行動なし,5.0,post,scale,葛藤尺度,,
23,4,葛藤なし,行動なし,4.25,post,scale,葛藤尺度,,
24,4,葛藤なし,行動なし,3.25,post,scale,葛藤尺度,,
25,4,葛藤なし,行動なし,5.5,post,scale,葛藤尺度,,
28,4,葛藤なし,行動なし,2.5,post,scale,葛藤尺度,,
29,4,葛藤なし,行動なし,1.25,post,scale,葛藤尺度,,
30,4,葛藤なし,行動なし,6.0,post,scale,葛藤尺度,,
33,4,葛藤なし,行動なし,1.0,post,scale,葛藤尺度,,
34,4,葛藤なし,行動なし,6.5,post,scale,葛藤尺度,,
35,4,葛藤なし,行動なし,5.5,post,scale,葛藤尺度,,
37,4,葛藤なし,行動なし,2.75,post,scale,葛藤尺度,,
38,4,葛藤なし,行動なし,6.25,post,scale,葛藤尺度,,
42,4,葛藤なし,行動なし,5.0,post,scale,葛藤尺度,,
45,4,葛藤なし,行動なし,4.25,post,scale,葛藤尺度,,
47,4,葛藤なし,行動なし,3.5,post,scale,葛藤尺度,,
49,4,葛藤なし,行動なし,5.0,post,scale,葛藤尺度,,
52,4,葛藤なし,行動なし,3.5,post,scale,葛藤尺度,,
55,4,葛藤なし,行動なし,3.75,post,scale,葛藤尺度,,
60,4,葛藤なし,行動なし,5.0,post,scale,葛藤尺度,,
61,4,葛藤なし,行動なし,4.0,post,scale,葛藤尺度,,
63,4,葛藤なし,行動なし,5.0,post,scale,葛藤尺度,,
64,4,葛藤なし,行動なし,2.75,post,scale,葛藤尺度,,
65,4,葛藤なし,行動なし,2.5,post,scale,葛藤尺度,,
66,4,葛藤なし,行動なし,3.75,post,scale,葛藤尺度,,
68,4,葛藤なし,行動なし,4.5,post,scale,葛藤尺度,,
69,4,葛藤なし,行動なし,5.75,post,scale,葛藤尺度,,
70,4,葛藤なし,行動なし,5.0,post,scale,葛藤尺度,,
71,4,葛藤なし,行動なし,2.0,post,scale,葛藤尺度,,
74,4,葛藤なし,行動なし,6.0,post,scale,葛藤尺度,,
75,4,葛藤なし,行動なし,3.25,post,scale,葛藤尺度,,
78,4,葛藤なし,行動なし,5.0,post,scale,葛藤尺度,,
79,4,葛藤なし,行動なし,5.75,post,scale,葛藤尺度,,
80,4,葛藤なし,行動なし,3.5,post,scale,葛藤尺度,,
81,4,葛藤なし,行動なし,4.75,post,scale,葛藤尺度,,
82,4,葛藤なし,行動なし,5.0,post,scale,葛藤尺度,,
86,4,葛藤なし,行動なし,4.0,post,scale,葛藤尺度,,
89,4,葛藤なし,行動なし,7.0,post,scale,葛藤尺度,,
90,4,葛藤なし,行動なし,3.0,post,scale,葛藤尺度,,
91,4,葛藤なし,行動なし,4.0,post,scale,葛藤尺度,,
92,4,葛藤なし,行動なし,1.75,post,scale,葛藤尺度,,
93,4,葛藤なし,行動なし,5.25,post,scale,葛藤尺度,,
97,4,葛藤なし,行動なし,5.75,post,scale,葛藤尺度,,
98,4,葛藤なし,行動なし,5.25,post,scale,葛藤尺度,,
102,4,葛藤なし,行動なし,3.5,post,scale,葛藤尺度,,
106,4,葛藤なし,行動なし,5.5,post,scale,葛藤尺度,,
110,4,葛藤なし,行動なし,5.5,post,scale,葛藤尺度,,
111,4,葛藤なし,行動なし,4.0,post,scale,葛藤尺度,,
112,4,葛藤なし,行動なし,5.5,post,scale,葛藤尺度,,
113,4,葛藤なし,行動なし,6.25,post,scale,葛藤尺度,,
117,4,葛藤なし,行動なし,2.5,post,scale,葛藤尺度,,
121,4,葛藤なし,行動なし,4.75,post,scale,葛藤尺度,,
123,4,葛藤なし,行動なし,4.5,post,scale,葛藤尺度,,
2,1,葛藤あり,行動あり,4.0,post,item,主観の勇気評定,1,このロボットを見て、自分も挑戦しようと思った。
4,1,葛藤あり,行動あり,5.0,post,item,主観の勇気評定,1,このロボットを見て、自分も挑戦しようと思った。
5,1,葛藤あり,行動あり,5.0,post,item,主観の勇気評定,1,このロボットを見て、自分も挑戦しようと思った。
6,1,葛藤あり,行動あり,5.0,post,item,主観の勇気評定,1,このロボットを見て、自分も挑戦しようと思った。
8,1,葛藤あり,行動あり,4.0,post,item,主観の勇気評定,1,このロボットを見て、自分も挑戦しようと思った。
9,1,葛藤あり,行動あり,5.0,post,item,主観の勇気評定,1,このロボットを見て、自分も挑戦しようと思った。
11,1,葛藤あり,行動あり,3.0,post,item,主観の勇気評定,1,このロボットを見て、自分も挑戦しようと思った。
14,1,葛藤あり,行動あり,5.0,post,item,主観の勇気評定,1,このロボットを見て、自分も挑戦しようと思った。
16,1,葛藤あり,行動あり,5.0,post,item,主観の勇気評定,1,このロボットを見て、自分も挑戦しようと思った。
17,1,葛藤あり,行動あり,3.0,post,item,主観の勇気評定,1,このロボットを見て、自分も挑戦しようと思った。
20,1,葛藤あり,行動あり,5.0,post,item,主観の勇気評定,1,このロボットを見て、自分も挑戦しようと思った。
22,1,葛藤あり,行動あり,3.0,post,item,主観の勇気評定,1,このロボットを見て、自分も挑戦しようと思った。
23,1,葛藤あり,行動あり,4.0,post,item,主観の勇気評定,1,このロボットを見て、自分も挑戦しようと思った。
24,1,葛藤あり,行動あり,2.0,post,item,主観の勇気評定,1,このロボットを見て、自分も挑戦しようと思った。
25,1,葛藤あり,行動あり,6.0,post,item,主観の勇気評定,1,このロボットを見て、自分も挑戦しようと思った。
28,1,葛藤あり,行動あり,1.0,post,item,主観の勇気評定,1,このロボットを見て、自分も挑戦しようと思った。
29,1,葛藤あり,行動あり,4.0,post,item,主観の勇気評定,1,このロボットを見て、自分も挑戦しようと思った。
30,1,葛藤あり,行動あり,5.0,post,item,主観の勇気評定,1,このロボットを見て、自分も挑戦しようと思った。
33,1,葛藤あり,行動あり,4.0,post,item,主観の勇気評定,1,このロボットを見て、自分も挑戦しようと思った。
34,1,葛藤あり,行動あり,6.0,post,item,主観の勇気評定,1,このロボットを見て、自分も挑戦しようと思った。
35,1,葛藤あり,行動あり,5.0,post,item,主観の勇気評定,1,このロボットを見て、自分も挑戦しようと思った。
37,1,葛藤あり,行動あり,3.0,post,item,主観の勇気評定,1,このロボットを見て、自分も挑戦しようと思った。
38,1,葛藤あり,行動あり,5.0,post,item,主観の勇気評定,1,このロボットを見て、自分も挑戦しようと思った。
42,1,葛藤あり,行動あり,5.0,post,item,主観の勇気評定,1,このロボットを見て、自分も挑戦しようと思った。
45,1,葛藤あり,行動あり,5.0,post,item,主観の勇気評定,1,このロボットを見て、自分も挑戦しようと思った。
47,1,葛藤あり,行動あり,2.0,post,item,主観の勇気評定,1,このロボットを見て、自分も挑戦しようと思った。
49,1,葛藤あり,行動あり,5.0,post,item,主観の勇気評定,1,このロボットを見て、自分も挑戦しようと思った。
52,1,葛藤あり,行動あり,4.0,post,item,主観の勇気評定,1,このロボットを見て、自分も挑戦しようと思った。
55,1,葛藤あり,行動あり,5.0,post,item,主観の勇気評定,1,このロボットを見て、自分も挑戦しようと思った。
60,1,葛藤あり,行動あり,6.0,post,item,主観の勇気評定,1,このロボットを見て、自分も挑戦しようと思った。
61,1,葛藤あり,行動あり,4.0,post,item,主観の勇気評定,1,このロボットを見て、自分も挑戦しようと思った。
63,1,葛藤あり,行動あり,6.0,post,item,主観の勇気評定,1,このロボットを見て、自分も挑戦しようと思った。
64,1,葛藤あり,行動あり,3.0,post,item,主観の勇気評定,1,このロボットを見て、自分も挑戦しようと思った。
65,1,葛藤あり,行動あり,3.0,post,item,主観の勇気評定,1,このロボットを見て、自分も挑戦しようと思った。
66,1,葛藤あり,行動あり,4.0,post,item,主観の勇気評定,1,このロボットを見て、自分も挑戦しようと思った。
68,1,葛藤あり,行動あり,3.0,post,item,主観の勇気評定,1,このロボットを見て、自分も挑戦しようと思った。
69,1,葛藤あり,行動あり,6.0,post,item,主観の勇気評定,1,このロボットを見て、自分も挑戦しようと思った。
70,1,葛藤あり,行動あり,2.0,post,item,主観の勇気評定,1,このロボットを見て、自分も挑戦しようと思った。
71,1,葛藤あり,行動あり,2.0,post,item,主観の勇気評定,1,このロボットを見て、自分も挑戦しようと思った。
74,1,葛藤あり,行動あり,6.0,post,item,主観の勇気評定,1,このロボットを見て、自分も挑戦しようと思った。
75,1,葛藤あり,行動あり,2.0,post,item,主観の勇気評定,1,このロボットを見て、自分も挑戦しようと思った。
78,1,葛藤あり,行動あり,4.0,post,item,主観の勇気評定,1,このロボットを見て、自分も挑戦しようと思った。
79,1,葛藤あり,行動あり,6.0,post,item,主観の勇気評定,1,このロボットを見て、自分も挑戦しようと思った。
80,1,葛藤あり,行動あり,3.0,post,item,主観の勇気評定,1,このロボットを見て、自分も挑戦しようと思った。
81,1,葛藤あり,行動あり,5.0,post,item,主観の勇気評定,1,このロボットを見て、自分も挑戦しようと思った。
82,1,葛藤あり,行動あり,5.0,post,item,主観の勇気評定,1,このロボットを見て、自分も挑戦しようと思った。
86,1,葛藤あり,行動あり,4.0,post,item,主観の勇気評定,1,このロボットを見て、自分も挑戦しようと思った。
89,1,葛藤あり,行動あり,1.0,post,item,主観の勇気評定,1,このロボットを見て、自分も挑戦しようと思った。
90,1,葛藤あり,行動あり,5.0,post,item,主観の勇気評定,1,このロボットを見て、自分も挑戦しようと思った。
91,1,葛藤あり,行動あり,5.0,post,item,主観の勇気評定,1,このロボットを見て、自分も挑戦しようと思った。
92,1,葛藤あり,行動あり,4.0,post,item,主観の勇気評定,1,このロボットを見て、自分も挑戦しようと思った。
93,1,葛藤あり,行動あり,5.0,post,item,主観の勇気評定,1,このロボットを見て、自分も挑戦しようと思った。
97,1,葛藤あり,行動あり,6.0,post,item,主観の勇気評定,1,このロボットを見て、自分も挑戦しようと思った。
98,1,葛藤あり,行動あり,5.0,post,item,主観の勇気評定,1,このロボットを見て、自分も挑戦しようと思った。
102,1,葛藤あり,行動あり,4.0,post,item,主観の勇気評定,1,このロボットを見て、自分も挑戦しようと思った。
106,1,葛藤あり,行動あり,5.0,post,item,主観の勇気評定,1,このロボットを見て、自分も挑戦しようと思った。
110,1,葛藤あり,行動あり,5.0,post,item,主観の勇気評定,1,このロボットを見て、自分も挑戦しようと思った。
111,1,葛藤あり,行動あり,4.0,post,item,主観の勇気評定,1,このロボットを見て、自分も挑戦しようと思った。
112,1,葛藤あり,行動あり,5.0,post,item,主観の勇気評定,1,このロボットを見て、自分も挑戦しようと思った。
113,1,葛藤あり,行動あり,5.0,post,item,主観の勇気評定,1,このロボットを見て、自分も挑戦しようと思った。
117,1,葛藤あり,行動あり,5.0,post,item,主観の勇気評定,1,このロボットを見て、自分も挑戦しようと思った。
121,1,葛藤あり,行動あり,7.0,post,item,主観の勇気評定,1,このロボットを見て、自分も挑戦しようと思った。
123,1,葛藤あり,行動あり,4.0,post,item,主観の勇気評定,1,このロボットを見て、自分も挑戦しようと思った。
2,1,葛藤あり,行動あり,5.0,post,item,主観の勇気評定,2,このロボットを見た後に、難しいことにも一歩踏み出せそうだと感じた。
4,1,葛藤あり,行動あり,5.0,post,item,主観の勇気評定,2,このロボットを見た後に、難しいことにも一歩踏み出せそうだと感じた。
5,1,葛藤あり,行動あり,4.0,post,item,主観の勇気評定,2,このロボットを見た後に、難しいことにも一歩踏み出せそうだと感じた。
6,1,葛藤あり,行動あり,5.0,post,item,主観の勇気評定,2,このロボットを見た後に、難しいことにも一歩踏み出せそうだと感じた。
8,1,葛藤あり,行動あり,2.0,post,item,主観の勇気評定,2,このロボットを見た後に、難しいことにも一歩踏み出せそうだと感じた。
9,1,葛藤あり,行動あり,5.0,post,item,主観の勇気評定,2,このロボットを見た後に、難しいことにも一歩踏み出せそうだと感じた。
11,1,葛藤あり,行動あり,3.0,post,item,主観の勇気評定,2,このロボットを見た後に、難しいことにも一歩踏み出せそうだと感じた。
14,1,葛藤あり,行動あり,3.0,post,item,主観の勇気評定,2,このロボットを見た後に、難しいことにも一歩踏み出せそうだと感じた。
16,1,葛藤あり,行動あり,4.0,post,item,主観の勇気評定,2,このロボットを見た後に、難しいことにも一歩踏み出せそうだと感じた。
17,1,葛藤あり,行動あり,4.0,post,item,主観の勇気評定,2,このロボットを見た後に、難しいことにも一歩踏み出せそうだと感じた。
20,1,葛藤あり,行動あり,5.0,post,item,主観の勇気評定,2,このロボットを見た後に、難しいことにも一歩踏み出せそうだと感じた。
22,1,葛藤あり,行動あり,2.0,post,item,主観の勇気評定,2,このロボットを見た後に、難しいことにも一歩踏み出せそうだと感じた。
23,1,葛藤あり,行動あり,3.0,post,item,主観の勇気評定,2,このロボットを見た後に、難しいことにも一歩踏み出せそうだと感じた。
24,1,葛藤あり,行動あり,2.0,post,item,主観の勇気評定,2,このロボットを見た後に、難しいことにも一歩踏み出せそうだと感じた。
25,1,葛藤あり,行動あり,5.0,post,item,主観の勇気評定,2,このロボットを見た後に、難しいことにも一歩踏み出せそうだと感じた。
28,1,葛藤あり,行動あり,1.0,post,item,主観の勇気評定,2,このロボットを見た後に、難しいことにも一歩踏み出せそうだと感じた。
29,1,葛藤あり,行動あり,4.0,post,item,主観の勇気評定,2,このロボットを見た後に、難しいことにも一歩踏み出せそうだと感じた。
30,1,葛藤あり,行動あり,5.0,post,item,主観の勇気評定,2,このロボットを見た後に、難しいことにも一歩踏み出せそうだと感じた。
33,1,葛藤あり,行動あり,4.0,post,item,主観の勇気評定,2,このロボットを見た後に、難しいことにも一歩踏み出せそうだと感じた。
34,1,葛藤あり,行動あり,6.0,post,item,主観の勇気評定,2,このロボットを見た後に、難しいことにも一歩踏み出せそうだと感じた。
35,1,葛藤あり,行動あり,5.0,post,item,主観の勇気評定,2,このロボットを見た後に、難しいことにも一歩踏み出せそうだと感じた。
37,1,葛藤あり,行動あり,2.0,post,item,主観の勇気評定,2,このロボットを見た後に、難しいことにも一歩踏み出せそうだと感じた。
38,1,葛藤あり,行動あり,5.0,post,item,主観の勇気評定,2,このロボットを見た後に、難しいことにも一歩踏み出せそうだと感じた。
42,1,葛藤あり,行動あり,5.0,post,item,主観の勇気評定,2,このロボットを見た後に、難しいことにも一歩踏み出せそうだと感じた。
45,1,葛藤あり,行動あり,5.0,post,item,主観の勇気評定,2,このロボットを見た後に、難しいことにも一歩踏み出せそうだと感じた。
47,1,葛藤あり,行動あり,3.0,post,item,主観の勇気評定,2,このロボットを見た後に、難しいことにも一歩踏み出せそうだと感じた。
49,1,葛藤あり,行動あり,3.0,post,item,主観の勇気評定,2,このロボットを見た後に、難しいことにも一歩踏み出せそうだと感じた。
52,1,葛藤あり,行動あり,3.0,post,item,主観の勇気評定,2,このロボットを見た後に、難しいことにも一歩踏み出せそうだと感じた。
55,1,葛藤あり,行動あり,5.0,post,item,主観の勇気評定,2,このロボットを見た後に、難しいことにも一歩踏み出せそうだと感じた。
60,1,葛藤あり,行動あり,6.0,post,item,主観の勇気評定,2,このロボットを見た後に、難しいことにも一歩踏み出せそうだと感じた。
61,1,葛藤あり,行動あり,4.0,post,item,主観の勇気評定,2,このロボットを見た後に、難しいことにも一歩踏み出せそうだと感じた。
63,1,葛藤あり,行動あり,7.0,post,item,主観の勇気評定,2,このロボットを見た後に、難しいことにも一歩踏み出せそうだと感じた。
64,1,葛藤あり,行動あり,6.0,post,item,主観の勇気評定,2,このロボットを見た後に、難しいことにも一歩踏み出せそうだと感じた。
65,1,葛藤あり,行動あり,4.0,post,item,主観の勇気評定,2,このロボットを見た後に、難しいことにも一歩踏み出せそうだと感じた。
66,1,葛藤あり,行動あり,2.0,post,item,主観の勇気評定,2,このロボットを見た後に、難しいことにも一歩踏み出せそうだと感じた。
68,1,葛藤あり,行動あり,2.0,post,item,主観の勇気評定,2,このロボットを見た後に、難しいことにも一歩踏み出せそうだと感じた。
69,1,葛藤あり,行動あり,6.0,post,item,主観の勇気評定,2,このロボットを見た後に、難しいことにも一歩踏み出せそうだと感じた。
70,1,葛藤あり,行動あり,5.0,post,item,主観の勇気評定,2,このロボットを見た後に、難しいことにも一歩踏み出せそうだと感じた。
71,1,葛藤あり,行動あり,2.0,post,item,主観の勇気評定,2,このロボットを見た後に、難しいことにも一歩踏み出せそうだと感じた。
74,1,葛藤あり,行動あり,5.0,post,item,主観の勇気評定,2,このロボットを見た後に、難しいことにも一歩踏み出せそうだと感じた。
75,1,葛藤あり,行動あり,3.0,post,item,主観の勇気評定,2,このロボットを見た後に、難しいことにも一歩踏み出せそうだと感じた。
78,1,葛藤あり,行動あり,4.0,post,item,主観の勇気評定,2,このロボットを見た後に、難しいことにも一歩踏み出せそうだと感じた。
79,1,葛藤あり,行動あり,5.0,post,item,主観の勇気評定,2,このロボットを見た後に、難しいことにも一歩踏み出せそうだと感じた。
80,1,葛藤あり,行動あり,3.0,post,item,主観の勇気評定,2,このロボットを見た後に、難しいことにも一歩踏み出せそうだと感じた。
81,1,葛藤あり,行動あり,5.0,post,item,主観の勇気評定,2,このロボットを見た後に、難しいことにも一歩踏み出せそうだと感じた。
82,1,葛藤あり,行動あり,5.0,post,item,主観の勇気評定,2,このロボットを見た後に、難しいことにも一歩踏み出せそうだと感じた。
86,1,葛藤あり,行動あり,4.0,post,item,主観の勇気評定,2,このロボットを見た後に、難しいことにも一歩踏み出せそうだと感じた。
89,1,葛藤あり,行動あり,2.0,post,item,主観の勇気評定,2,このロボットを見た後に、難しいことにも一歩踏み出せそうだと感じた。
90,1,葛藤あり,行動あり,6.0,post,item,主観の勇気評定,2,このロボットを見た後に、難しいことにも一歩踏み出せそうだと感じた。
91,1,葛藤あり,行動あり,4.0,post,item,主観の勇気評定,2,このロボットを見た後に、難しいことにも一歩踏み出せそうだと感じた。
92,1,葛藤あり,行動あり,4.0,post,item,主観の勇気評定,2,このロボットを見た後に、難しいことにも一歩踏み出せそうだと感じた。
93,1,葛藤あり,行動あり,7.0,post,item,主観の勇気評定,2,このロボットを見た後に、難しいことにも一歩踏み出せそうだと感じた。
97,1,葛藤あり,行動あり,6.0,post,item,主観の勇気評定,2,このロボットを見た後に、難しいことにも一歩踏み出せそうだと感じた。
98,1,葛藤あり,行動あり,5.0,post,item,主観の勇気評定,2,このロボットを見た後に、難しいことにも一歩踏み出せそうだと感じた。
102,1,葛藤あり,行動あり,4.0,post,item,主観の勇気評定,2,このロボットを見た後に、難しいことにも一歩踏み出せそうだと感じた。
106,1,葛藤あり,行動あり,6.0,post,item,主観の勇気評定,2,このロボットを見た後に、難しいことにも一歩踏み出せそうだと感じた。
110,1,葛藤あり,行動あり,5.0,post,item,主観の勇気評定,2,このロボットを見た後に、難しいことにも一歩踏み出せそうだと感じた。
111,1,葛藤あり,行動あり,4.0,post,item,主観の勇気評定,2,このロボットを見た後に、難しいことにも一歩踏み出せそうだと感じた。
112,1,葛藤あり,行動あり,3.0,post,item,主観の勇気評定,2,このロボットを見た後に、難しいことにも一歩踏み出せそうだと感じた。
113,1,葛藤あり,行動あり,4.0,post,item,主観の勇気評定,2,このロボットを見た後に、難しいことにも一歩踏み出せそうだと感じた。
117,1,葛藤あり,行動あり,5.0,post,item,主観の勇気評定,2,このロボットを見た後に、難しいことにも一歩踏み出せそうだと感じた。
121,1,葛藤あり,行動あり,7.0,post,item,主観の勇気評定,2,このロボットを見た後に、難しいことにも一歩踏み出せそうだと感じた。
123,1,葛藤あり,行動あり,4.0,post,item,主観の勇気評定,2,このロボットを見た後に、難しいことにも一歩踏み出せそうだと感じた。
2,1,葛藤あり,行動あり,4.0,post,item,主観の勇気評定,3,このロボットから勇気をもらったと感じた。
4,1,葛藤あり,行動あり,5.0,post,item,主観の勇気評定,3,このロボットから勇気をもらったと感じた。
5,1,葛藤あり,行動あり,5.0,post,item,主観の勇気評定,3,このロボットから勇気をもらったと感じた。
6,1,葛藤あり,行動あり,5.0,post,item,主観の勇気評定,3,このロボットから勇気をもらったと感じた。
8,1,葛藤あり,行動あり,2.0,post,item,主観の勇気評定,3,このロボットから勇気をもらったと感じた。
9,1,葛藤あり,行動あり,5.0,post,item,主観の勇気評定,3,このロボットから勇気をもらったと感じた。
11,1,葛藤あり,行動あり,4.0,post,item,主観の勇気評定,3,このロボットから勇気をもらったと感じた。
14,1,葛藤あり,行動あり,5.0,post,item,主観の勇気評定,3,このロボットから勇気をもらったと感じた。
16,1,葛藤あり,行動あり,5.0,post,item,主観の勇気評定,3,このロボットから勇気をもらったと感じた。
17,1,葛藤あり,行動あり,3.0,post,item,主観の勇気評定,3,このロボットから勇気をもらったと感じた。
20,1,葛藤あり,行動あり,7.0,post,item,主観の勇気評定,3,このロボットから勇気をもらったと感じた。
22,1,葛藤あり,行動あり,2.0,post,item,主観の勇気評定,3,このロボットから勇気をもらったと感じた。
23,1,葛藤あり,行動あり,3.0,post,item,主観の勇気評定,3,このロボットから勇気をもらったと感じた。
24,1,葛藤あり,行動あり,3.0,post,item,主観の勇気評定,3,このロボットから勇気をもらったと感じた。
25,1,葛藤あり,行動あり,5.0,post,item,主観の勇気評定,3,このロボットから勇気をもらったと感じた。
28,1,葛藤あり,行動あり,1.0,post,item,主観の勇気評定,3,このロボットから勇気をもらったと感じた。
29,1,葛藤あり,行動あり,4.0,post,item,主観の勇気評定,3,このロボットから勇気をもらったと感じた。
30,1,葛藤あり,行動あり,5.0,post,item,主観の勇気評定,3,このロボットから勇気をもらったと感じた。
33,1,葛藤あり,行動あり,6.0,post,item,主観の勇気評定,3,このロボットから勇気をもらったと感じた。
34,1,葛藤あり,行動あり,7.0,post,item,主観の勇気評定,3,このロボットから勇気をもらったと感じた。
35,1,葛藤あり,行動あり,5.0,post,item,主観の勇気評定,3,このロボットから勇気をもらったと感じた。
37,1,葛藤あり,行動あり,3.0,post,item,主観の勇気評定,3,このロボットから勇気をもらったと感じた。
38,1,葛藤あり,行動あり,5.0,post,item,主観の勇気評定,3,このロボットから勇気をもらったと感じた。
42,1,葛藤あり,行動あり,5.0,post,item,主観の勇気評定,3,このロボットから勇気をもらったと感じた。
45,1,葛藤あり,行動あり,6.0,post,item,主観の勇気評定,3,このロボットから勇気をもらったと感じた。
47,1,葛藤あり,行動あり,2.0,post,item,主観の勇気評定,3,このロボットから勇気をもらったと感じた。
49,1,葛藤あり,行動あり,5.0,post,item,主観の勇気評定,3,このロボットから勇気をもらったと感じた。
52,1,葛藤あり,行動あり,5.0,post,item,主観の勇気評定,3,このロボットから勇気をもらったと感じた。
55,1,葛藤あり,行動あり,4.0,post,item,主観の勇気評定,3,このロボットから勇気をもらったと感じた。
60,1,葛藤あり,行動あり,6.0,post,item,主観の勇気評定,3,このロボットから勇気をもらったと感じた。
61,1,葛藤あり,行動あり,4.0,post,item,主観の勇気評定,3,このロボットから勇気をもらったと感じた。
63,1,葛藤あり,行動あり,7.0,post,item,主観の勇気評定,3,このロボットから勇気をもらったと感じた。
64,1,葛藤あり,行動あり,3.0,post,item,主観の勇気評定,3,このロボットから勇気をもらったと感じた。
65,1,葛藤あり,行動あり,3.0,post,item,主観の勇気評定,3,このロボットから勇気をもらったと感じた。
66,1,葛藤あり,行動あり,3.0,post,item,主観の勇気評定,3,このロボットから勇気をもらったと感じた。
68,1,葛藤あり,行動あり,5.0,post,item,主観の勇気評定,3,このロボットから勇気をもらったと感じた。
69,1,葛藤あり,行動あり,7.0,post,item,主観の勇気評定,3,このロボットから勇気をもらったと感じた。
70,1,葛藤あり,行動あり,5.0,post,item,主観の勇気評定,3,このロボットから勇気をもらったと感じた。
71,1,葛藤あり,行動あり,2.0,post,item,主観の勇気評定,3,このロボットから勇気をもらったと感じた。
74,1,葛藤あり,行動あり,5.0,post,item,主観の勇気評定,3,このロボットから勇気をもらったと感じた。
75,1,葛藤あり,行動あり,4.0,post,item,主観の勇気評定,3,このロボットから勇気をもらったと感じた。
78,1,葛藤あり,行動あり,5.0,post,item,主観の勇気評定,3,このロボットから勇気をもらったと感じた。
79,1,葛藤あり,行動あり,6.0,post,item,主観の勇気評定,3,このロボットから勇気をもらったと感じた。
80,1,葛藤あり,行動あり,5.0,post,item,主観の勇気評定,3,このロボットから勇気をもらったと感じた。
81,1,葛藤あり,行動あり,5.0,post,item,主観の勇気評定,3,このロボットから勇気をもらったと感じた。
82,1,葛藤あり,行動あり,5.0,post,item,主観の勇気評定,3,このロボットから勇気をもらったと感じた。
86,1,葛藤あり,行動あり,4.0,post,item,主観の勇気評定,3,このロボットから勇気をもらったと感じた。
89,1,葛藤あり,行動あり,1.0,post,item,主観の勇気評定,3,このロボットから勇気をもらったと感じた。
90,1,葛藤あり,行動あり,5.0,post,item,主観の勇気評定,3,このロボットから勇気をもらったと感じた。
91,1,葛藤あり,行動あり,6.0,post,item,主観の勇気評定,3,このロボットから勇気をもらったと感じた。
92,1,葛藤あり,行動あり,4.0,post,item,主観の勇気評定,3,このロボットから勇気をもらったと感じた。
93,1,葛藤あり,行動あり,5.0,post,item,主観の勇気評定,3,このロボットから勇気をもらったと感じた。
97,1,葛藤あり,行動あり,6.0,post,item,主観の勇気評定,3,このロボットから勇気をもらったと感じた。
98,1,葛藤あり,行動あり,5.0,post,item,主観の勇気評定,3,このロボットから勇気をもらったと感じた。
102,1,葛藤あり,行動あり,4.0,post,item,主観の勇気評定,3,このロボットから勇気をもらったと感じた。
106,1,葛藤あり,行動あり,6.0,post,item,主観の勇気評定,3,このロボットから勇気をもらったと感じた。
110,1,葛藤あり,行動あり,5.0,post,item,主観の勇気評定,3,このロボットから勇気をもらったと感じた。
111,1,葛藤あり,行動あり,4.0,post,item,主観の勇気評定,3,このロボットから勇気をもらったと感じた。
112,1,葛藤あり,行動あり,3.0,post,item,主観の勇気評定,3,このロボットから勇気をもらったと感じた。
113,1,葛藤あり,行動あり,5.0,post,item,主観の勇気評定,3,このロボットから勇気をもらったと感じた。
117,1,葛藤あり,行動あり,5.0,post,item,主観の勇気評定,3,このロボットから勇気をもらったと感じた。
121,1,葛藤あり,行動あり,7.0,post,item,主観の勇気評定,3,このロボットから勇気をもらったと感じた。
123,1,葛藤あり,行動あり,5.0,post,item,主観の勇気評定,3,このロボットから勇気をもらったと感じた。
2,2,葛藤あり,行動なし,5.0,post,item,主観の勇気評定,1,このロボットを見て、自分も挑戦しようと思った。
4,2,葛藤あり,行動なし,5.0,post,item,主観の勇気評定,1,このロボットを見て、自分も挑戦しようと思った。
5,2,葛藤あり,行動なし,4.0,post,item,主観の勇気評定,1,このロボットを見て、自分も挑戦しようと思った。
6,2,葛藤あり,行動なし,2.0,post,item,主観の勇気評定,1,このロボットを見て、自分も挑戦しようと思った。
8,2,葛藤あり,行動なし,1.0,post,item,主観の勇気評定,1,このロボットを見て、自分も挑戦しようと思った。
9,2,葛藤あり,行動なし,4.0,post,item,主観の勇気評定,1,このロボットを見て、自分も挑戦しようと思った。
11,2,葛藤あり,行動なし,3.0,post,item,主観の勇気評定,1,このロボットを見て、自分も挑戦しようと思った。
14,2,葛藤あり,行動なし,5.0,post,item,主観の勇気評定,1,このロボットを見て、自分も挑戦しようと思った。
16,2,葛藤あり,行動なし,7.0,post,item,主観の勇気評定,1,このロボットを見て、自分も挑戦しようと思った。
17,2,葛藤あり,行動なし,5.0,post,item,主観の勇気評定,1,このロボットを見て、自分も挑戦しようと思った。
20,2,葛藤あり,行動なし,5.0,post,item,主観の勇気評定,1,このロボットを見て、自分も挑戦しようと思った。
22,2,葛藤あり,行動なし,2.0,post,item,主観の勇気評定,1,このロボットを見て、自分も挑戦しようと思った。
23,2,葛藤あり,行動なし,5.0,post,item,主観の勇気評定,1,このロボットを見て、自分も挑戦しようと思った。
24,2,葛藤あり,行動なし,3.0,post,item,主観の勇気評定,1,このロボットを見て、自分も挑戦しようと思った。
25,2,葛藤あり,行動なし,2.0,post,item,主観の勇気評定,1,このロボットを見て、自分も挑戦しようと思った。
28,2,葛藤あり,行動なし,1.0,post,item,主観の勇気評定,1,このロボットを見て、自分も挑戦しようと思った。
29,2,葛藤あり,行動なし,4.0,post,item,主観の勇気評定,1,このロボットを見て、自分も挑戦しようと思った。
30,2,葛藤あり,行動なし,5.0,post,item,主観の勇気評定,1,このロボットを見て、自分も挑戦しようと思った。
33,2,葛藤あり,行動なし,2.0,post,item,主観の勇気評定,1,このロボットを見て、自分も挑戦しようと思った。
34,2,葛藤あり,行動なし,6.0,post,item,主観の勇気評定,1,このロボットを見て、自分も挑戦しようと思った。
35,2,葛藤あり,行動なし,5.0,post,item,主観の勇気評定,1,このロボットを見て、自分も挑戦しようと思った。
37,2,葛藤あり,行動なし,2.0,post,item,主観の勇気評定,1,このロボットを見て、自分も挑戦しようと思った。
38,2,葛藤あり,行動なし,2.0,post,item,主観の勇気評定,1,このロボットを見て、自分も挑戦しようと思った。
42,2,葛藤あり,行動なし,2.0,post,item,主観の勇気評定,1,このロボットを見て、自分も挑戦しようと思った。
45,2,葛藤あり,行動なし,5.0,post,item,主観の勇気評定,1,このロボットを見て、自分も挑戦しようと思った。
47,2,葛藤あり,行動なし,1.0,post,item,主観の勇気評定,1,このロボットを見て、自分も挑戦しようと思った。
49,2,葛藤あり,行動なし,4.0,post,item,主観の勇気評定,1,このロボットを見て、自分も挑戦しようと思った。
52,2,葛藤あり,行動なし,3.0,post,item,主観の勇気評定,1,このロボットを見て、自分も挑戦しようと思った。
55,2,葛藤あり,行動なし,5.0,post,item,主観の勇気評定,1,このロボットを見て、自分も挑戦しようと思った。
60,2,葛藤あり,行動なし,4.0,post,item,主観の勇気評定,1,このロボットを見て、自分も挑戦しようと思った。
61,2,葛藤あり,行動なし,3.0,post,item,主観の勇気評定,1,このロボットを見て、自分も挑戦しようと思った。
63,2,葛藤あり,行動なし,5.0,post,item,主観の勇気評定,1,このロボットを見て、自分も挑戦しようと思った。
64,2,葛藤あり,行動なし,2.0,post,item,主観の勇気評定,1,このロボットを見て、自分も挑戦しようと思った。
65,2,葛藤あり,行動なし,4.0,post,item,主観の勇気評定,1,このロボットを見て、自分も挑戦しようと思った。
66,2,葛藤あり,行動なし,2.0,post,item,主観の勇気評定,1,このロボットを見て、自分も挑戦しようと思った。
68,2,葛藤あり,行動なし,1.0,post,item,主観の勇気評定,1,このロボットを見て、自分も挑戦しようと思った。
69,2,葛藤あり,行動なし,6.0,post,item,主観の勇気評定,1,このロボットを見て、自分も挑戦しようと思った。
70,2,葛藤あり,行動なし,2.0,post,item,主観の勇気評定,1,このロボットを見て、自分も挑戦しようと思った。
71,2,葛藤あり,行動なし,2.0,post,item,主観の勇気評定,1,このロボットを見て、自分も挑戦しようと思った。
74,2,葛藤あり,行動なし,2.0,post,item,主観の勇気評定,1,このロボットを見て、自分も挑戦しようと思った。
75,2,葛藤あり,行動なし,3.0,post,item,主観の勇気評定,1,このロボットを見て、自分も挑戦しようと思った。
78,2,葛藤あり,行動なし,2.0,post,item,主観の勇気評定,1,このロボットを見て、自分も挑戦しようと思った。
79,2,葛藤あり,行動なし,2.0,post,item,主観の勇気評定,1,このロボットを見て、自分も挑戦しようと思った。
80,2,葛藤あり,行動なし,2.0,post,item,主観の勇気評定,1,このロボットを見て、自分も挑戦しようと思った。
81,2,葛藤あり,行動なし,2.0,post,item,主観の勇気評定,1,このロボットを見て、自分も挑戦しようと思った。
82,2,葛藤あり,行動なし,5.0,post,item,主観の勇気評定,1,このロボットを見て、自分も挑戦しようと思った。
86,2,葛藤あり,行動なし,4.0,post,item,主観の勇気評定,1,このロボットを見て、自分も挑戦しようと思った。
89,2,葛藤あり,行動なし,1.0,post,item,主観の勇気評定,1,このロボットを見て、自分も挑戦しようと思った。
90,2,葛藤あり,行動なし,4.0,post,item,主観の勇気評定,1,このロボットを見て、自分も挑戦しようと思った。
91,2,葛藤あり,行動なし,1.0,post,item,主観の勇気評定,1,このロボットを見て、自分も挑戦しようと思った。
92,2,葛藤あり,行動なし,1.0,post,item,主観の勇気評定,1,このロボットを見て、自分も挑戦しようと思った。
93,2,葛藤あり,行動なし,5.0,post,item,主観の勇気評定,1,このロボットを見て、自分も挑戦しようと思った。
97,2,葛藤あり,行動なし,2.0,post,item,主観の勇気評定,1,このロボットを見て、自分も挑戦しようと思った。
98,2,葛藤あり,行動なし,3.0,post,item,主観の勇気評定,1,このロボットを見て、自分も挑戦しようと思った。
102,2,葛藤あり,行動なし,4.0,post,item,主観の勇気評定,1,このロボットを見て、自分も挑戦しようと思った。
106,2,葛藤あり,行動なし,3.0,post,item,主観の勇気評定,1,このロボットを見て、自分も挑戦しようと思った。
110,2,葛藤あり,行動なし,4.0,post,item,主観の勇気評定,1,このロボットを見て、自分も挑戦しようと思った。
111,2,葛藤あり,行動なし,4.0,post,item,主観の勇気評定,1,このロボットを見て、自分も挑戦しようと思った。
112,2,葛藤あり,行動なし,4.0,post,item,主観の勇気評定,1,このロボットを見て、自分も挑戦しようと思った。
113,2,葛藤あり,行動なし,6.0,post,item,主観の勇気評定,1,このロボットを見て、自分も挑戦しようと思った。
117,2,葛藤あり,行動なし,4.0,post,item,主観の勇気評定,1,このロボットを見て、自分も挑戦しようと思った。
121,2,葛藤あり,行動なし,4.0,post,item,主観の勇気評定,1,このロボットを見て、自分も挑戦しようと思った。
123,2,葛藤あり,行動なし,4.0,post,item,主観の勇気評定,1,このロボットを見て、自分も挑戦しようと思った。
2,2,葛藤あり,行動なし,4.0,post,item,主観の勇気評定,2,このロボットを見た後に、難しいことにも一歩踏み出せそうだと感じた。
4,2,葛藤あり,行動なし,5.0,post,item,主観の勇気評定,2,このロボットを見た後に、難しいことにも一歩踏み出せそうだと感じた。
5,2,葛藤あり,行動なし,4.0,post,item,主観の勇気評定,2,このロボットを見た後に、難しいことにも一歩踏み出せそうだと感じた。
6,2,葛藤あり,行動なし,2.0,post,item,主観の勇気評定,2,このロボットを見た後に、難しいことにも一歩踏み出せそうだと感じた。
8,2,葛藤あり,行動なし,1.0,post,item,主観の勇気評定,2,このロボットを見た後に、難しいことにも一歩踏み出せそうだと感じた。
9,2,葛藤あり,行動なし,4.0,post,item,主観の勇気評定,2,このロボットを見た後に、難しいことにも一歩踏み出せそうだと感じた。
11,2,葛藤あり,行動なし,2.0,post,item,主観の勇気評定,2,このロボットを見た後に、難しいことにも一歩踏み出せそうだと感じた。
14,2,葛藤あり,行動なし,4.0,post,item,主観の勇気評定,2,このロボットを見た後に、難しいことにも一歩踏み出せそうだと感じた。
16,2,葛藤あり,行動なし,6.0,post,item,主観の勇気評定,2,このロボットを見た後に、難しいことにも一歩踏み出せそうだと感じた。
17,2,葛藤あり,行動なし,3.0,post,item,主観の勇気評定,2,このロボットを見た後に、難しいことにも一歩踏み出せそうだと感じた。
20,2,葛藤あり,行動なし,6.0,post,item,主観の勇気評定,2,このロボットを見た後に、難しいことにも一歩踏み出せそうだと感じた。
22,2,葛藤あり,行動なし,1.0,post,item,主観の勇気評定,2,このロボットを見た後に、難しいことにも一歩踏み出せそうだと感じた。
23,2,葛藤あり,行動なし,5.0,post,item,主観の勇気評定,2,このロボットを見た後に、難しいことにも一歩踏み出せそうだと感じた。
24,2,葛藤あり,行動なし,3.0,post,item,主観の勇気評定,2,このロボットを見た後に、難しいことにも一歩踏み出せそうだと感じた。
25,2,葛藤あり,行動なし,1.0,post,item,主観の勇気評定,2,このロボットを見た後に、難しいことにも一歩踏み出せそうだと感じた。
28,2,葛藤あり,行動なし,1.0,post,item,主観の勇気評定,2,このロボットを見た後に、難しいことにも一歩踏み出せそうだと感じた。
29,2,葛藤あり,行動なし,4.0,post,item,主観の勇気評定,2,このロボットを見た後に、難しいことにも一歩踏み出せそうだと感じた。
30,2,葛藤あり,行動なし,5.0,post,item,主観の勇気評定,2,このロボットを見た後に、難しいことにも一歩踏み出せそうだと感じた。
33,2,葛藤あり,行動なし,1.0,post,item,主観の勇気評定,2,このロボットを見た後に、難しいことにも一歩踏み出せそうだと感じた。
34,2,葛藤あり,行動なし,7.0,post,item,主観の勇気評定,2,このロボットを見た後に、難しいことにも一歩踏み出せそうだと感じた。
35,2,葛藤あり,行動なし,5.0,post,item,主観の勇気評定,2,このロボットを見た後に、難しいことにも一歩踏み出せそうだと感じた。
37,2,葛藤あり,行動なし,3.0,post,item,主観の勇気評定,2,このロボットを見た後に、難しいことにも一歩踏み出せそうだと感じた。
38,2,葛藤あり,行動なし,2.0,post,item,主観の勇気評定,2,このロボットを見た後に、難しいことにも一歩踏み出せそうだと感じた。
42,2,葛藤あり,行動なし,2.0,post,item,主観の勇気評定,2,このロボットを見た後に、難しいことにも一歩踏み出せそうだと感じた。
45,2,葛藤あり,行動なし,5.0,post,item,主観の勇気評定,2,このロボットを見た後に、難しいことにも一歩踏み出せそうだと感じた。
47,2,葛藤あり,行動なし,1.0,post,item,主観の勇気評定,2,このロボットを見た後に、難しいことにも一歩踏み出せそうだと感じた。
49,2,葛藤あり,行動なし,4.0,post,item,主観の勇気評定,2,このロボットを見た後に、難しいことにも一歩踏み出せそうだと感じた。
52,2,葛藤あり,行動なし,2.0,post,item,主観の勇気評定,2,このロボットを見た後に、難しいことにも一歩踏み出せそうだと感じた。
55,2,葛藤あり,行動なし,6.0,post,item,主観の勇気評定,2,このロボットを見た後に、難しいことにも一歩踏み出せそうだと感じた。
60,2,葛藤あり,行動なし,5.0,post,item,主観の勇気評定,2,このロボットを見た後に、難しいことにも一歩踏み出せそうだと感じた。
61,2,葛藤あり,行動なし,2.0,post,item,主観の勇気評定,2,このロボットを見た後に、難しいことにも一歩踏み出せそうだと感じた。
63,2,葛藤あり,行動なし,1.0,post,item,主観の勇気評定,2,このロボットを見た後に、難しいことにも一歩踏み出せそうだと感じた。
64,2,葛藤あり,行動なし,2.0,post,item,主観の勇気評定,2,このロボットを見た後に、難しいことにも一歩踏み出せそうだと感じた。
65,2,葛藤あり,行動なし,2.0,post,item,主観の勇気評定,2,このロボットを見た後に、難しいことにも一歩踏み出せそうだと感じた。
66,2,葛藤あり,行動なし,2.0,post,item,主観の勇気評定,2,このロボットを見た後に、難しいことにも一歩踏み出せそうだと感じた。
68,2,葛藤あり,行動なし,1.0,post,item,主観の勇気評定,2,このロボットを見た後に、難しいことにも一歩踏み出せそうだと感じた。
69,2,葛藤あり,行動なし,6.0,post,item,主観の勇気評定,2,このロボットを見た後に、難しいことにも一歩踏み出せそうだと感じた。
70,2,葛藤あり,行動なし,2.0,post,item,主観の勇気評定,2,このロボットを見た後に、難しいことにも一歩踏み出せそうだと感じた。
71,2,葛藤あり,行動なし,2.0,post,item,主観の勇気評定,2,このロボットを見た後に、難しいことにも一歩踏み出せそうだと感じた。
74,2,葛藤あり,行動なし,1.0,post,item,主観の勇気評定,2,このロボットを見た後に、難しいことにも一歩踏み出せそうだと感じた。
75,2,葛藤あり,行動なし,4.0,post,item,主観の勇気評定,2,このロボットを見た後に、難しいことにも一歩踏み出せそうだと感じた。
78,2,葛藤あり,行動なし,2.0,post,item,主観の勇気評定,2,このロボットを見た後に、難しいことにも一歩踏み出せそうだと感じた。
79,2,葛藤あり,行動なし,3.0,post,item,主観の勇気評定,2,このロボットを見た後に、難しいことにも一歩踏み出せそうだと感じた。
80,2,葛藤あり,行動なし,2.0,post,item,主観の勇気評定,2,このロボットを見た後に、難しいことにも一歩踏み出せそうだと感じた。
81,2,葛藤あり,行動なし,2.0,post,item,主観の勇気評定,2,このロボットを見た後に、難しいことにも一歩踏み出せそうだと感じた。
82,2,葛藤あり,行動なし,5.0,post,item,主観の勇気評定,2,このロボットを見た後に、難しいことにも一歩踏み出せそうだと感じた。
86,2,葛藤あり,行動なし,4.0,post,item,主観の勇気評定,2,このロボットを見た後に、難しいことにも一歩踏み出せそうだと感じた。
89,2,葛藤あり,行動なし,1.0,post,item,主観の勇気評定,2,このロボットを見た後に、難しいことにも一歩踏み出せそうだと感じた。
90,2,葛藤あり,行動なし,2.0,post,item,主観の勇気評定,2,このロボットを見た後に、難しいことにも一歩踏み出せそうだと感じた。
91,2,葛藤あり,行動なし,1.0,post,item,主観の勇気評定,2,このロボットを見た後に、難しいことにも一歩踏み出せそうだと感じた。
92,2,葛藤あり,行動なし,1.0,post,item,主観の勇気評定,2,このロボットを見た後に、難しいことにも一歩踏み出せそうだと感じた。
93,2,葛藤あり,行動なし,5.0,post,item,主観の勇気評定,2,このロボットを見た後に、難しいことにも一歩踏み出せそうだと感じた。
97,2,葛藤あり,行動なし,2.0,post,item,主観の勇気評定,2,このロボットを見た後に、難しいことにも一歩踏み出せそうだと感じた。
98,2,葛藤あり,行動なし,3.0,post,item,主観の勇気評定,2,このロボットを見た後に、難しいことにも一歩踏み出せそうだと感じた。
102,2,葛藤あり,行動なし,5.0,post,item,主観の勇気評定,2,このロボットを見た後に、難しいことにも一歩踏み出せそうだと感じた。
106,2,葛藤あり,行動なし,3.0,post,item,主観の勇気評定,2,このロボットを見た後に、難しいことにも一歩踏み出せそうだと感じた。
110,2,葛藤あり,行動なし,4.0,post,item,主観の勇気評定,2,このロボットを見た後に、難しいことにも一歩踏み出せそうだと感じた。
111,2,葛藤あり,行動なし,4.0,post,item,主観の勇気評定,2,このロボットを見た後に、難しいことにも一歩踏み出せそうだと感じた。
112,2,葛藤あり,行動なし,4.0,post,item,主観の勇気評定,2,このロボットを見た後に、難しいことにも一歩踏み出せそうだと感じた。
113,2,葛藤あり,行動なし,2.0,post,item,主観の勇気評定,2,このロボットを見た後に、難しいことにも一歩踏み出せそうだと感じた。
117,2,葛藤あり,行動なし,2.0,post,item,主観の勇気評定,2,このロボットを見た後に、難しいことにも一歩踏み出せそうだと感じた。
121,2,葛藤あり,行動なし,4.0,post,item,主観の勇気評定,2,このロボットを見た後に、難しいことにも一歩踏み出せそうだと感じた。
123,2,葛藤あり,行動なし,5.0,post,item,主観の勇気評定,2,このロボットを見た後に、難しいことにも一歩踏み出せそうだと感じた。
2,2,葛藤あり,行動なし,4.0,post,item,主観の勇気評定,3,このロボットから勇気をもらったと感じた。
4,2,葛藤あり,行動なし,5.0,post,item,主観の勇気評定,3,このロボットから勇気をもらったと感じた。
5,2,葛藤あり,行動なし,5.0,post,item,主観の勇気評定,3,このロボットから勇気をもらったと感じた。
6,2,葛藤あり,行動なし,2.0,post,item,主観の勇気評定,3,このロボットから勇気をもらったと感じた。
8,2,葛藤あり,行動なし,1.0,post,item,主観の勇気評定,3,このロボットから勇気をもらったと感じた。
9,2,葛藤あり,行動なし,5.0,post,item,主観の勇気評定,3,このロボットから勇気をもらったと感じた。
11,2,葛藤あり,行動なし,3.0,post,item,主観の勇気評定,3,このロボットから勇気をもらったと感じた。
14,2,葛藤あり,行動なし,4.0,post,item,主観の勇気評定,3,このロボットから勇気をもらったと感じた。
16,2,葛藤あり,行動なし,7.0,post,item,主観の勇気評定,3,このロボットから勇気をもらったと感じた。
17,2,葛藤あり,行動なし,5.0,post,item,主観の勇気評定,3,このロボットから勇気をもらったと感じた。
20,2,葛藤あり,行動なし,7.0,post,item,主観の勇気評定,3,このロボットから勇気をもらったと感じた。
22,2,葛藤あり,行動なし,1.0,post,item,主観の勇気評定,3,このロボットから勇気をもらったと感じた。
23,2,葛藤あり,行動なし,3.0,post,item,主観の勇気評定,3,このロボットから勇気をもらったと感じた。
24,2,葛藤あり,行動なし,2.0,post,item,主観の勇気評定,3,このロボットから勇気をもらったと感じた。
25,2,葛藤あり,行動なし,1.0,post,item,主観の勇気評定,3,このロボットから勇気をもらったと感じた。
28,2,葛藤あり,行動なし,1.0,post,item,主観の勇気評定,3,このロボットから勇気をもらったと感じた。
29,2,葛藤あり,行動なし,4.0,post,item,主観の勇気評定,3,このロボットから勇気をもらったと感じた。
30,2,葛藤あり,行動なし,5.0,post,item,主観の勇気評定,3,このロボットから勇気をもらったと感じた。
33,2,葛藤あり,行動なし,1.0,post,item,主観の勇気評定,3,このロボットから勇気をもらったと感じた。
34,2,葛藤あり,行動なし,7.0,post,item,主観の勇気評定,3,このロボットから勇気をもらったと感じた。
35,2,葛藤あり,行動なし,5.0,post,item,主観の勇気評定,3,このロボットから勇気をもらったと感じた。
37,2,葛藤あり,行動なし,3.0,post,item,主観の勇気評定,3,このロボットから勇気をもらったと感じた。
38,2,葛藤あり,行動なし,2.0,post,item,主観の勇気評定,3,このロボットから勇気をもらったと感じた。
42,2,葛藤あり,行動なし,2.0,post,item,主観の勇気評定,3,このロボットから勇気をもらったと感じた。
45,2,葛藤あり,行動なし,3.0,post,item,主観の勇気評定,3,このロボットから勇気をもらったと感じた。
47,2,葛藤あり,行動なし,1.0,post,item,主観の勇気評定,3,このロボットから勇気をもらったと感じた。
49,2,葛藤あり,行動なし,4.0,post,item,主観の勇気評定,3,このロボットから勇気をもらったと感じた。
52,2,葛藤あり,行動なし,2.0,post,item,主観の勇気評定,3,このロボットから勇気をもらったと感じた。
55,2,葛藤あり,行動なし,5.0,post,item,主観の勇気評定,3,このロボットから勇気をもらったと感じた。
60,2,葛藤あり,行動なし,2.0,post,item,主観の勇気評定,3,このロボットから勇気をもらったと感じた。
61,2,葛藤あり,行動なし,3.0,post,item,主観の勇気評定,3,このロボットから勇気をもらったと感じた。
63,2,葛藤あり,行動なし,1.0,post,item,主観の勇気評定,3,このロボットから勇気をもらったと感じた。
64,2,葛藤あり,行動なし,2.0,post,item,主観の勇気評定,3,このロボットから勇気をもらったと感じた。
65,2,葛藤あり,行動なし,3.0,post,item,主観の勇気評定,3,このロボットから勇気をもらったと感じた。
66,2,葛藤あり,行動なし,2.0,post,item,主観の勇気評定,3,このロボットから勇気をもらったと感じた。
68,2,葛藤あり,行動なし,1.0,post,item,主観の勇気評定,3,このロボットから勇気をもらったと感じた。
69,2,葛藤あり,行動なし,7.0,post,item,主観の勇気評定,3,このロボットから勇気をもらったと感じた。
70,2,葛藤あり,行動なし,3.0,post,item,主観の勇気評定,3,このロボットから勇気をもらったと感じた。
71,2,葛藤あり,行動なし,1.0,post,item,主観の勇気評定,3,このロボットから勇気をもらったと感じた。
74,2,葛藤あり,行動なし,2.0,post,item,主観の勇気評定,3,このロボットから勇気をもらったと感じた。
75,2,葛藤あり,行動なし,5.0,post,item,主観の勇気評定,3,このロボットから勇気をもらったと感じた。
78,2,葛藤あり,行動なし,1.0,post,item,主観の勇気評定,3,このロボットから勇気をもらったと感じた。
79,2,葛藤あり,行動なし,2.0,post,item,主観の勇気評定,3,このロボットから勇気をもらったと感じた。
80,2,葛藤あり,行動なし,2.0,post,item,主観の勇気評定,3,このロボットから勇気をもらったと感じた。
81,2,葛藤あり,行動なし,2.0,post,item,主観の勇気評定,3,このロボットから勇気をもらったと感じた。
82,2,葛藤あり,行動なし,5.0,post,item,主観の勇気評定,3,このロボットから勇気をもらったと感じた。
86,2,葛藤あり,行動なし,4.0,post,item,主観の勇気評定,3,このロボットから勇気をもらったと感じた。
89,2,葛藤あり,行動なし,1.0,post,item,主観の勇気評定,3,このロボットから勇気をもらったと感じた。
90,2,葛藤あり,行動なし,2.0,post,item,主観の勇気評定,3,このロボットから勇気をもらったと感じた。
91,2,葛藤あり,行動なし,2.0,post,item,主観の勇気評定,3,このロボットから勇気をもらったと感じた。
92,2,葛藤あり,行動なし,1.0,post,item,主観の勇気評定,3,このロボットから勇気をもらったと感じた。
93,2,葛藤あり,行動なし,4.0,post,item,主観の勇気評定,3,このロボットから勇気をもらったと感じた。
97,2,葛藤あり,行動なし,2.0,post,item,主観の勇気評定,3,このロボットから勇気をもらったと感じた。
98,2,葛藤あり,行動なし,2.0,post,item,主観の勇気評定,3,このロボットから勇気をもらったと感じた。
102,2,葛藤あり,行動なし,5.0,post,item,主観の勇気評定,3,このロボットから勇気をもらったと感じた。
106,2,葛藤あり,行動なし,2.0,post,item,主観の勇気評定,3,このロボットから勇気をもらったと感じた。
110,2,葛藤あり,行動なし,4.0,post,item,主観の勇気評定,3,このロボットから勇気をもらったと感じた。
111,2,葛藤あり,行動なし,4.0,post,item,主観の勇気評定,3,このロボットから勇気をもらったと感じた。
112,2,葛藤あり,行動なし,4.0,post,item,主観の勇気評定,3,このロボットから勇気をもらったと感じた。
113,2,葛藤あり,行動なし,3.0,post,item,主観の勇気評定,3,このロボットから勇気をもらったと感じた。
117,2,葛藤あり,行動なし,2.0,post,item,主観の勇気評定,3,このロボットから勇気をもらったと感じた。
121,2,葛藤あり,行動なし,5.0,post,item,主観の勇気評定,3,このロボットから勇気をもらったと感じた。
123,2,葛藤あり,行動なし,5.0,post,item,主観の勇気評定,3,このロボットから勇気をもらったと感じた。
2,3,葛藤なし,行動あり,5.0,post,item,主観の勇気評定,1,このロボットを見て、自分も挑戦しようと思った。
4,3,葛藤なし,行動あり,5.0,post,item,主観の勇気評定,1,このロボットを見て、自分も挑戦しようと思った。
5,3,葛藤なし,行動あり,5.0,post,item,主観の勇気評定,1,このロボットを見て、自分も挑戦しようと思った。
6,3,葛藤なし,行動あり,5.0,post,item,主観の勇気評定,1,このロボットを見て、自分も挑戦しようと思った。
8,3,葛藤なし,行動あり,3.0,post,item,主観の勇気評定,1,このロボットを見て、自分も挑戦しようと思った。
9,3,葛藤なし,行動あり,5.0,post,item,主観の勇気評定,1,このロボットを見て、自分も挑戦しようと思った。
11,3,葛藤なし,行動あり,7.0,post,item,主観の勇気評定,1,このロボットを見て、自分も挑戦しようと思った。
14,3,葛藤なし,行動あり,6.0,post,item,主観の勇気評定,1,このロボットを見て、自分も挑戦しようと思った。
16,3,葛藤なし,行動あり,7.0,post,item,主観の勇気評定,1,このロボットを見て、自分も挑戦しようと思った。
17,3,葛藤なし,行動あり,5.0,post,item,主観の勇気評定,1,このロボットを見て、自分も挑戦しようと思った。
20,3,葛藤なし,行動あり,5.0,post,item,主観の勇気評定,1,このロボットを見て、自分も挑戦しようと思った。
22,3,葛藤なし,行動あり,4.0,post,item,主観の勇気評定,1,このロボットを見て、自分も挑戦しようと思った。
23,3,葛藤なし,行動あり,5.0,post,item,主観の勇気評定,1,このロボットを見て、自分も挑戦しようと思った。
24,3,葛藤なし,行動あり,3.0,post,item,主観の勇気評定,1,このロボットを見て、自分も挑戦しようと思った。
25,3,葛藤なし,行動あり,5.0,post,item,主観の勇気評定,1,このロボットを見て、自分も挑戦しようと思った。
28,3,葛藤なし,行動あり,1.0,post,item,主観の勇気評定,1,このロボットを見て、自分も挑戦しようと思った。
29,3,葛藤なし,行動あり,4.0,post,item,主観の勇気評定,1,このロボットを見て、自分も挑戦しようと思った。
30,3,葛藤なし,行動あり,5.0,post,item,主観の勇気評定,1,このロボットを見て、自分も挑戦しようと思った。
33,3,葛藤なし,行動あり,6.0,post,item,主観の勇気評定,1,このロボットを見て、自分も挑戦しようと思った。
34,3,葛藤なし,行動あり,6.0,post,item,主観の勇気評定,1,このロボットを見て、自分も挑戦しようと思った。
35,3,葛藤なし,行動あり,5.0,post,item,主観の勇気評定,1,このロボットを見て、自分も挑戦しようと思った。
37,3,葛藤なし,行動あり,5.0,post,item,主観の勇気評定,1,このロボットを見て、自分も挑戦しようと思った。
38,3,葛藤なし,行動あり,5.0,post,item,主観の勇気評定,1,このロボットを見て、自分も挑戦しようと思った。
42,3,葛藤なし,行動あり,5.0,post,item,主観の勇気評定,1,このロボットを見て、自分も挑戦しようと思った。
45,3,葛藤なし,行動あり,5.0,post,item,主観の勇気評定,1,このロボットを見て、自分も挑戦しようと思った。
47,3,葛藤なし,行動あり,5.0,post,item,主観の勇気評定,1,このロボットを見て、自分も挑戦しようと思った。
49,3,葛藤なし,行動あり,3.0,post,item,主観の勇気評定,1,このロボットを見て、自分も挑戦しようと思った。
52,3,葛藤なし,行動あり,4.0,post,item,主観の勇気評定,1,このロボットを見て、自分も挑戦しようと思った。
55,3,葛藤なし,行動あり,5.0,post,item,主観の勇気評定,1,このロボットを見て、自分も挑戦しようと思った。
60,3,葛藤なし,行動あり,6.0,post,item,主観の勇気評定,1,このロボットを見て、自分も挑戦しようと思った。
61,3,葛藤なし,行動あり,4.0,post,item,主観の勇気評定,1,このロボットを見て、自分も挑戦しようと思った。
63,3,葛藤なし,行動あり,7.0,post,item,主観の勇気評定,1,このロボットを見て、自分も挑戦しようと思った。
64,3,葛藤なし,行動あり,5.0,post,item,主観の勇気評定,1,このロボットを見て、自分も挑戦しようと思った。
65,3,葛藤なし,行動あり,4.0,post,item,主観の勇気評定,1,このロボットを見て、自分も挑戦しようと思った。
66,3,葛藤なし,行動あり,1.0,post,item,主観の勇気評定,1,このロボットを見て、自分も挑戦しようと思った。
68,3,葛藤なし,行動あり,4.0,post,item,主観の勇気評定,1,このロボットを見て、自分も挑戦しようと思った。
69,3,葛藤なし,行動あり,6.0,post,item,主観の勇気評定,1,このロボットを見て、自分も挑戦しようと思った。
70,3,葛藤なし,行動あり,2.0,post,item,主観の勇気評定,1,このロボットを見て、自分も挑戦しようと思った。
71,3,葛藤なし,行動あり,6.0,post,item,主観の勇気評定,1,このロボットを見て、自分も挑戦しようと思った。
74,3,葛藤なし,行動あり,6.0,post,item,主観の勇気評定,1,このロボットを見て、自分も挑戦しようと思った。
75,3,葛藤なし,行動あり,4.0,post,item,主観の勇気評定,1,このロボットを見て、自分も挑戦しようと思った。
78,3,葛藤なし,行動あり,5.0,post,item,主観の勇気評定,1,このロボットを見て、自分も挑戦しようと思った。
79,3,葛藤なし,行動あり,5.0,post,item,主観の勇気評定,1,このロボットを見て、自分も挑戦しようと思った。
80,3,葛藤なし,行動あり,5.0,post,item,主観の勇気評定,1,このロボットを見て、自分も挑戦しようと思った。
81,3,葛藤なし,行動あり,6.0,post,item,主観の勇気評定,1,このロボットを見て、自分も挑戦しようと思った。
82,3,葛藤なし,行動あり,5.0,post,item,主観の勇気評定,1,このロボットを見て、自分も挑戦しようと思った。
86,3,葛藤なし,行動あり,4.0,post,item,主観の勇気評定,1,このロボットを見て、自分も挑戦しようと思った。
89,3,葛藤なし,行動あり,1.0,post,item,主観の勇気評定,1,このロボットを見て、自分も挑戦しようと思った。
90,3,葛藤なし,行動あり,5.0,post,item,主観の勇気評定,1,このロボットを見て、自分も挑戦しようと思った。
91,3,葛藤なし,行動あり,7.0,post,item,主観の勇気評定,1,このロボットを見て、自分も挑戦しようと思った。
92,3,葛藤なし,行動あり,5.0,post,item,主観の勇気評定,1,このロボットを見て、自分も挑戦しようと思った。
93,3,葛藤なし,行動あり,6.0,post,item,主観の勇気評定,1,このロボットを見て、自分も挑戦しようと思った。
97,3,葛藤なし,行動あり,5.0,post,item,主観の勇気評定,1,このロボットを見て、自分も挑戦しようと思った。
98,3,葛藤なし,行動あり,5.0,post,item,主観の勇気評定,1,このロボットを見て、自分も挑戦しようと思った。
102,3,葛藤なし,行動あり,5.0,post,item,主観の勇気評定,1,このロボットを見て、自分も挑戦しようと思った。
106,3,葛藤なし,行動あり,6.0,post,item,主観の勇気評定,1,このロボットを見て、自分も挑戦しようと思った。
110,3,葛藤なし,行動あり,6.0,post,item,主観の勇気評定,1,このロボットを見て、自分も挑戦しようと思った。
111,3,葛藤なし,行動あり,4.0,post,item,主観の勇気評定,1,このロボットを見て、自分も挑戦しようと思った。
112,3,葛藤なし,行動あり,4.0,post,item,主観の勇気評定,1,このロボットを見て、自分も挑戦しようと思った。
113,3,葛藤なし,行動あり,7.0,post,item,主観の勇気評定,1,このロボットを見て、自分も挑戦しようと思った。
117,3,葛藤なし,行動あり,6.0,post,item,主観の勇気評定,1,このロボットを見て、自分も挑戦しようと思った。
121,3,葛藤なし,行動あり,6.0,post,item,主観の勇気評定,1,このロボットを見て、自分も挑戦しようと思った。
123,3,葛藤なし,行動あり,5.0,post,item,主観の勇気評定,1,このロボットを見て、自分も挑戦しようと思った。
2,3,葛藤なし,行動あり,4.0,post,item,主観の勇気評定,2,このロボットを見た後に、難しいことにも一歩踏み出せそうだと感じた。
4,3,葛藤なし,行動あり,5.0,post,item,主観の勇気評定,2,このロボットを見た後に、難しいことにも一歩踏み出せそうだと感じた。
5,3,葛藤なし,行動あり,5.0,post,item,主観の勇気評定,2,このロボットを見た後に、難しいことにも一歩踏み出せそうだと感じた。
6,3,葛藤なし,行動あり,5.0,post,item,主観の勇気評定,2,このロボットを見た後に、難しいことにも一歩踏み出せそうだと感じた。
8,3,葛藤なし,行動あり,2.0,post,item,主観の勇気評定,2,このロボットを見た後に、難しいことにも一歩踏み出せそうだと感じた。
9,3,葛藤なし,行動あり,5.0,post,item,主観の勇気評定,2,このロボットを見た後に、難しいことにも一歩踏み出せそうだと感じた。
11,3,葛藤なし,行動あり,5.0,post,item,主観の勇気評定,2,このロボットを見た後に、難しいことにも一歩踏み出せそうだと感じた。
14,3,葛藤なし,行動あり,7.0,post,item,主観の勇気評定,2,このロボットを見た後に、難しいことにも一歩踏み出せそうだと感じた。
16,3,葛藤なし,行動あり,6.0,post,item,主観の勇気評定,2,このロボットを見た後に、難しいことにも一歩踏み出せそうだと感じた。
17,3,葛藤なし,行動あり,3.0,post,item,主観の勇気評定,2,このロボットを見た後に、難しいことにも一歩踏み出せそうだと感じた。
20,3,葛藤なし,行動あり,7.0,post,item,主観の勇気評定,2,このロボットを見た後に、難しいことにも一歩踏み出せそうだと感じた。
22,3,葛藤なし,行動あり,5.0,post,item,主観の勇気評定,2,このロボットを見た後に、難しいことにも一歩踏み出せそうだと感じた。
23,3,葛藤なし,行動あり,5.0,post,item,主観の勇気評定,2,このロボットを見た後に、難しいことにも一歩踏み出せそうだと感じた。
24,3,葛藤なし,行動あり,3.0,post,item,主観の勇気評定,2,このロボットを見た後に、難しいことにも一歩踏み出せそうだと感じた。
25,3,葛藤なし,行動あり,5.0,post,item,主観の勇気評定,2,このロボットを見た後に、難しいことにも一歩踏み出せそうだと感じた。
28,3,葛藤なし,行動あり,1.0,post,item,主観の勇気評定,2,このロボットを見た後に、難しいことにも一歩踏み出せそうだと感じた。
29,3,葛藤なし,行動あり,4.0,post,item,主観の勇気評定,2,このロボットを見た後に、難しいことにも一歩踏み出せそうだと感じた。
30,3,葛藤なし,行動あり,5.0,post,item,主観の勇気評定,2,このロボットを見た後に、難しいことにも一歩踏み出せそうだと感じた。
33,3,葛藤なし,行動あり,6.0,post,item,主観の勇気評定,2,このロボットを見た後に、難しいことにも一歩踏み出せそうだと感じた。
34,3,葛藤なし,行動あり,7.0,post,item,主観の勇気評定,2,このロボットを見た後に、難しいことにも一歩踏み出せそうだと感じた。
35,3,葛藤なし,行動あり,5.0,post,item,主観の勇気評定,2,このロボットを見た後に、難しいことにも一歩踏み出せそうだと感じた。
37,3,葛藤なし,行動あり,5.0,post,item,主観の勇気評定,2,このロボットを見た後に、難しいことにも一歩踏み出せそうだと感じた。
38,3,葛藤なし,行動あり,5.0,post,item,主観の勇気評定,2,このロボットを見た後に、難しいことにも一歩踏み出せそうだと感じた。
42,3,葛藤なし,行動あり,5.0,post,item,主観の勇気評定,2,このロボットを見た後に、難しいことにも一歩踏み出せそうだと感じた。
45,3,葛藤なし,行動あり,3.0,post,item,主観の勇気評定,2,このロボットを見た後に、難しいことにも一歩踏み出せそうだと感じた。
47,3,葛藤なし,行動あり,5.0,post,item,主観の勇気評定,2,このロボットを見た後に、難しいことにも一歩踏み出せそうだと感じた。
49,3,葛藤なし,行動あり,3.0,post,item,主観の勇気評定,2,このロボットを見た後に、難しいことにも一歩踏み出せそうだと感じた。
52,3,葛藤なし,行動あり,4.0,post,item,主観の勇気評定,2,このロボットを見た後に、難しいことにも一歩踏み出せそうだと感じた。
55,3,葛藤なし,行動あり,5.0,post,item,主観の勇気評定,2,このロボットを見た後に、難しいことにも一歩踏み出せそうだと感じた。
60,3,葛藤なし,行動あり,6.0,post,item,主観の勇気評定,2,このロボットを見た後に、難しいことにも一歩踏み出せそうだと感じた。
61,3,葛藤なし,行動あり,4.0,post,item,主観の勇気評定,2,このロボットを見た後に、難しいことにも一歩踏み出せそうだと感じた。
63,3,葛藤なし,行動あり,6.0,post,item,主観の勇気評定,2,このロボットを見た後に、難しいことにも一歩踏み出せそうだと感じた。
64,3,葛藤なし,行動あり,5.0,post,item,主観の勇気評定,2,このロボットを見た後に、難しいことにも一歩踏み出せそうだと感じた。
65,3,葛藤なし,行動あり,3.0,post,item,主観の勇気評定,2,このロボットを見た後に、難しいことにも一歩踏み出せそうだと感じた。
66,3,葛藤なし,行動あり,4.0,post,item,主観の勇気評定,2,このロボットを見た後に、難しいことにも一歩踏み出せそうだと感じた。
68,3,葛藤なし,行動あり,3.0,post,item,主観の勇気評定,2,このロボットを見た後に、難しいことにも一歩踏み出せそうだと感じた。
69,3,葛藤なし,行動あり,7.0,post,item,主観の勇気評定,2,このロボットを見た後に、難しいことにも一歩踏み出せそうだと感じた。
70,3,葛藤なし,行動あり,2.0,post,item,主観の勇気評定,2,このロボットを見た後に、難しいことにも一歩踏み出せそうだと感じた。
71,3,葛藤なし,行動あり,5.0,post,item,主観の勇気評定,2,このロボットを見た後に、難しいことにも一歩踏み出せそうだと感じた。
74,3,葛藤なし,行動あり,7.0,post,item,主観の勇気評定,2,このロボットを見た後に、難しいことにも一歩踏み出せそうだと感じた。
75,3,葛藤なし,行動あり,4.0,post,item,主観の勇気評定,2,このロボットを見た後に、難しいことにも一歩踏み出せそうだと感じた。
78,3,葛藤なし,行動あり,5.0,post,item,主観の勇気評定,2,このロボットを見た後に、難しいことにも一歩踏み出せそうだと感じた。
79,3,葛藤なし,行動あり,6.0,post,item,主観の勇気評定,2,このロボットを見た後に、難しいことにも一歩踏み出せそうだと感じた。
80,3,葛藤なし,行動あり,3.0,post,item,主観の勇気評定,2,このロボットを見た後に、難しいことにも一歩踏み出せそうだと感じた。
81,3,葛藤なし,行動あり,6.0,post,item,主観の勇気評定,2,このロボットを見た後に、難しいことにも一歩踏み出せそうだと感じた。
82,3,葛藤なし,行動あり,5.0,post,item,主観の勇気評定,2,このロボットを見た後に、難しいことにも一歩踏み出せそうだと感じた。
86,3,葛藤なし,行動あり,4.0,post,item,主観の勇気評定,2,このロボットを見た後に、難しいことにも一歩踏み出せそうだと感じた。
89,3,葛藤なし,行動あり,1.0,post,item,主観の勇気評定,2,このロボットを見た後に、難しいことにも一歩踏み出せそうだと感じた。
90,3,葛藤なし,行動あり,5.0,post,item,主観の勇気評定,2,このロボットを見た後に、難しいことにも一歩踏み出せそうだと感じた。
91,3,葛藤なし,行動あり,6.0,post,item,主観の勇気評定,2,このロボットを見た後に、難しいことにも一歩踏み出せそうだと感じた。
92,3,葛藤なし,行動あり,5.0,post,item,主観の勇気評定,2,このロボットを見た後に、難しいことにも一歩踏み出せそうだと感じた。
93,3,葛藤なし,行動あり,5.0,post,item,主観の勇気評定,2,このロボットを見た後に、難しいことにも一歩踏み出せそうだと感じた。
97,3,葛藤なし,行動あり,4.0,post,item,主観の勇気評定,2,このロボットを見た後に、難しいことにも一歩踏み出せそうだと感じた。
98,3,葛藤なし,行動あり,6.0,post,item,主観の勇気評定,2,このロボットを見た後に、難しいことにも一歩踏み出せそうだと感じた。
102,3,葛藤なし,行動あり,5.0,post,item,主観の勇気評定,2,このロボットを見た後に、難しいことにも一歩踏み出せそうだと感じた。
106,3,葛藤なし,行動あり,5.0,post,item,主観の勇気評定,2,このロボットを見た後に、難しいことにも一歩踏み出せそうだと感じた。
110,3,葛藤なし,行動あり,5.0,post,item,主観の勇気評定,2,このロボットを見た後に、難しいことにも一歩踏み出せそうだと感じた。
111,3,葛藤なし,行動あり,3.0,post,item,主観の勇気評定,2,このロボットを見た後に、難しいことにも一歩踏み出せそうだと感じた。
112,3,葛藤なし,行動あり,4.0,post,item,主観の勇気評定,2,このロボットを見た後に、難しいことにも一歩踏み出せそうだと感じた。
113,3,葛藤なし,行動あり,6.0,post,item,主観の勇気評定,2,このロボットを見た後に、難しいことにも一歩踏み出せそうだと感じた。
117,3,葛藤なし,行動あり,6.0,post,item,主観の勇気評定,2,このロボットを見た後に、難しいことにも一歩踏み出せそうだと感じた。
121,3,葛藤なし,行動あり,7.0,post,item,主観の勇気評定,2,このロボットを見た後に、難しいことにも一歩踏み出せそうだと感じた。
123,3,葛藤なし,行動あり,4.0,post,item,主観の勇気評定,2,このロボットを見た後に、難しいことにも一歩踏み出せそうだと感じた。
2,3,葛藤なし,行動あり,5.0,post,item,主観の勇気評定,3,このロボットから勇気をもらったと感じた。
4,3,葛藤なし,行動あり,5.0,post,item,主観の勇気評定,3,このロボットから勇気をもらったと感じた。
5,3,葛藤なし,行動あり,5.0,post,item,主観の勇気評定,3,このロボットから勇気をもらったと感じた。
6,3,葛藤なし,行動あり,6.0,post,item,主観の勇気評定,3,このロボットから勇気をもらったと感じた。
8,3,葛藤なし,行動あり,2.0,post,item,主観の勇気評定,3,このロボットから勇気をもらったと感じた。
9,3,葛藤なし,行動あり,5.0,post,item,主観の勇気評定,3,このロボットから勇気をもらったと感じた。
11,3,葛藤なし,行動あり,7.0,post,item,主観の勇気評定,3,このロボットから勇気をもらったと感じた。
14,3,葛藤なし,行動あり,5.0,post,item,主観の勇気評定,3,このロボットから勇気をもらったと感じた。
16,3,葛藤なし,行動あり,7.0,post,item,主観の勇気評定,3,このロボットから勇気をもらったと感じた。
17,3,葛藤なし,行動あり,4.0,post,item,主観の勇気評定,3,このロボットから勇気をもらったと感じた。
20,3,葛藤なし,行動あり,6.0,post,item,主観の勇気評定,3,このロボットから勇気をもらったと感じた。
22,3,葛藤なし,行動あり,3.0,post,item,主観の勇気評定,3,このロボットから勇気をもらったと感じた。
23,3,葛藤なし,行動あり,5.0,post,item,主観の勇気評定,3,このロボットから勇気をもらったと感じた。
24,3,葛藤なし,行動あり,4.0,post,item,主観の勇気評定,3,このロボットから勇気をもらったと感じた。
25,3,葛藤なし,行動あり,5.0,post,item,主観の勇気評定,3,このロボットから勇気をもらったと感じた。
28,3,葛藤なし,行動あり,1.0,post,item,主観の勇気評定,3,このロボットから勇気をもらったと感じた。
29,3,葛藤なし,行動あり,4.0,post,item,主観の勇気評定,3,このロボットから勇気をもらったと感じた。
30,3,葛藤なし,行動あり,5.0,post,item,主観の勇気評定,3,このロボットから勇気をもらったと感じた。
33,3,葛藤なし,行動あり,6.0,post,item,主観の勇気評定,3,このロボットから勇気をもらったと感じた。
34,3,葛藤なし,行動あり,6.0,post,item,主観の勇気評定,3,このロボットから勇気をもらったと感じた。
35,3,葛藤なし,行動あり,5.0,post,item,主観の勇気評定,3,このロボットから勇気をもらったと感じた。
37,3,葛藤なし,行動あり,5.0,post,item,主観の勇気評定,3,このロボットから勇気をもらったと感じた。
38,3,葛藤なし,行動あり,5.0,post,item,主観の勇気評定,3,このロボットから勇気をもらったと感じた。
42,3,葛藤なし,行動あり,5.0,post,item,主観の勇気評定,3,このロボットから勇気をもらったと感じた。
45,3,葛藤なし,行動あり,4.0,post,item,主観の勇気評定,3,このロボットから勇気をもらったと感じた。
47,3,葛藤なし,行動あり,5.0,post,item,主観の勇気評定,3,このロボットから勇気をもらったと感じた。
49,3,葛藤なし,行動あり,3.0,post,item,主観の勇気評定,3,このロボットから勇気をもらったと感じた。
52,3,葛藤なし,行動あり,5.0,post,item,主観の勇気評定,3,このロボットから勇気をもらったと感じた。
55,3,葛藤なし,行動あり,6.0,post,item,主観の勇気評定,3,このロボットから勇気をもらったと感じた。
60,3,葛藤なし,行動あり,6.0,post,item,主観の勇気評定,3,このロボットから勇気をもらったと感じた。
61,3,葛藤なし,行動あり,5.0,post,item,主観の勇気評定,3,このロボットから勇気をもらったと感じた。
63,3,葛藤なし,行動あり,7.0,post,item,主観の勇気評定,3,このロボットから勇気をもらったと感じた。
64,3,葛藤なし,行動あり,3.0,post,item,主観の勇気評定,3,このロボットから勇気をもらったと感じた。
65,3,葛藤なし,行動あり,2.0,post,item,主観の勇気評定,3,このロボットから勇気をもらったと感じた。
66,3,葛藤なし,行動あり,5.0,post,item,主観の勇気評定,3,このロボットから勇気をもらったと感じた。
68,3,葛藤なし,行動あり,4.0,post,item,主観の勇気評定,3,このロボットから勇気をもらったと感じた。
69,3,葛藤なし,行動あり,7.0,post,item,主観の勇気評定,3,このロボットから勇気をもらったと感じた。
70,3,葛藤なし,行動あり,4.0,post,item,主観の勇気評定,3,このロボットから勇気をもらったと感じた。
71,3,葛藤なし,行動あり,6.0,post,item,主観の勇気評定,3,このロボットから勇気をもらったと感じた。
74,3,葛藤なし,行動あり,6.0,post,item,主観の勇気評定,3,このロボットから勇気をもらったと感じた。
75,3,葛藤なし,行動あり,4.0,post,item,主観の勇気評定,3,このロボットから勇気をもらったと感じた。
78,3,葛藤なし,行動あり,5.0,post,item,主観の勇気評定,3,このロボットから勇気をもらったと感じた。
79,3,葛藤なし,行動あり,5.0,post,item,主観の勇気評定,3,このロボットから勇気をもらったと感じた。
80,3,葛藤なし,行動あり,5.0,post,item,主観の勇気評定,3,このロボットから勇気をもらったと感じた。
81,3,葛藤なし,行動あり,5.0,post,item,主観の勇気評定,3,このロボットから勇気をもらったと感じた。
82,3,葛藤なし,行動あり,5.0,post,item,主観の勇気評定,3,このロボットから勇気をもらったと感じた。
86,3,葛藤なし,行動あり,4.0,post,item,主観の勇気評定,3,このロボットから勇気をもらったと感じた。
89,3,葛藤なし,行動あり,1.0,post,item,主観の勇気評定,3,このロボットから勇気をもらったと感じた。
90,3,葛藤なし,行動あり,5.0,post,item,主観の勇気評定,3,このロボットから勇気をもらったと感じた。
91,3,葛藤なし,行動あり,7.0,post,item,主観の勇気評定,3,このロボットから勇気をもらったと感じた。
92,3,葛藤なし,行動あり,5.0,post,item,主観の勇気評定,3,このロボットから勇気をもらったと感じた。
93,3,葛藤なし,行動あり,5.0,post,item,主観の勇気評定,3,このロボットから勇気をもらったと感じた。
97,3,葛藤なし,行動あり,4.0,post,item,主観の勇気評定,3,このロボットから勇気をもらったと感じた。
98,3,葛藤なし,行動あり,5.0,post,item,主観の勇気評定,3,このロボットから勇気をもらったと感じた。
102,3,葛藤なし,行動あり,6.0,post,item,主観の勇気評定,3,このロボットから勇気をもらったと感じた。
106,3,葛藤なし,行動あり,6.0,post,item,主観の勇気評定,3,このロボットから勇気をもらったと感じた。
110,3,葛藤なし,行動あり,5.0,post,item,主観の勇気評定,3,このロボットから勇気をもらったと感じた。
111,3,葛藤なし,行動あり,4.0,post,item,主観の勇気評定,3,このロボットから勇気をもらったと感じた。
112,3,葛藤なし,行動あり,4.0,post,item,主観の勇気評定,3,このロボットから勇気をもらったと感じた。
113,3,葛藤なし,行動あり,7.0,post,item,主観の勇気評定,3,このロボットから勇気をもらったと感じた。
117,3,葛藤なし,行動あり,6.0,post,item,主観の勇気評定,3,このロボットから勇気をもらったと感じた。
121,3,葛藤なし,行動あり,7.0,post,item,主観の勇気評定,3,このロボットから勇気をもらったと感じた。
123,3,葛藤なし,行動あり,4.0,post,item,主観の勇気評定,3,このロボットから勇気をもらったと感じた。
2,4,葛藤なし,行動なし,4.0,post,item,主観の勇気評定,1,このロボットを見て、自分も挑戦しようと思った。
4,4,葛藤なし,行動なし,5.0,post,item,主観の勇気評定,1,このロボットを見て、自分も挑戦しようと思った。
5,4,葛藤なし,行動なし,2.0,post,item,主観の勇気評定,1,このロボットを見て、自分も挑戦しようと思った。
6,4,葛藤なし,行動なし,2.0,post,item,主観の勇気評定,1,このロボットを見て、自分も挑戦しようと思った。
8,4,葛藤なし,行動なし,2.0,post,item,主観の勇気評定,1,このロボットを見て、自分も挑戦しようと思った。
9,4,葛藤なし,行動なし,4.0,post,item,主観の勇気評定,1,このロボットを見て、自分も挑戦しようと思った。
11,4,葛藤なし,行動なし,5.0,post,item,主観の勇気評定,1,このロボットを見て、自分も挑戦しようと思った。
14,4,葛藤なし,行動なし,1.0,post,item,主観の勇気評定,1,このロボットを見て、自分も挑戦しようと思った。
16,4,葛藤なし,行動なし,6.0,post,item,主観の勇気評定,1,このロボットを見て、自分も挑戦しようと思った。
17,4,葛藤なし,行動なし,2.0,post,item,主観の勇気評定,1,このロボットを見て、自分も挑戦しようと思った。
20,4,葛藤なし,行動なし,6.0,post,item,主観の勇気評定,1,このロボットを見て、自分も挑戦しようと思った。
22,4,葛藤なし,行動なし,2.0,post,item,主観の勇気評定,1,このロボットを見て、自分も挑戦しようと思った。
23,4,葛藤なし,行動なし,6.0,post,item,主観の勇気評定,1,このロボットを見て、自分も挑戦しようと思った。
24,4,葛藤なし,行動なし,3.0,post,item,主観の勇気評定,1,このロボットを見て、自分も挑戦しようと思った。
25,4,葛藤なし,行動なし,1.0,post,item,主観の勇気評定,1,このロボットを見て、自分も挑戦しようと思った。
28,4,葛藤なし,行動なし,1.0,post,item,主観の勇気評定,1,このロボットを見て、自分も挑戦しようと思った。
29,4,葛藤なし,行動なし,4.0,post,item,主観の勇気評定,1,このロボットを見て、自分も挑戦しようと思った。
30,4,葛藤なし,行動なし,5.0,post,item,主観の勇気評定,1,このロボットを見て、自分も挑戦しようと思った。
33,4,葛藤なし,行動なし,1.0,post,item,主観の勇気評定,1,このロボットを見て、自分も挑戦しようと思った。
34,4,葛藤なし,行動なし,7.0,post,item,主観の勇気評定,1,このロボットを見て、自分も挑戦しようと思った。
35,4,葛藤なし,行動なし,5.0,post,item,主観の勇気評定,1,このロボットを見て、自分も挑戦しようと思った。
37,4,葛藤なし,行動なし,2.0,post,item,主観の勇気評定,1,このロボットを見て、自分も挑戦しようと思った。
38,4,葛藤なし,行動なし,2.0,post,item,主観の勇気評定,1,このロボットを見て、自分も挑戦しようと思った。
42,4,葛藤なし,行動なし,4.0,post,item,主観の勇気評定,1,このロボットを見て、自分も挑戦しようと思った。
45,4,葛藤なし,行動なし,3.0,post,item,主観の勇気評定,1,このロボットを見て、自分も挑戦しようと思った。
47,4,葛藤なし,行動なし,1.0,post,item,主観の勇気評定,1,このロボットを見て、自分も挑戦しようと思った。
49,4,葛藤なし,行動なし,5.0,post,item,主観の勇気評定,1,このロボットを見て、自分も挑戦しようと思った。
52,4,葛藤なし,行動なし,1.0,post,item,主観の勇気評定,1,このロボットを見て、自分も挑戦しようと思った。
55,4,葛藤なし,行動なし,6.0,post,item,主観の勇気評定,1,このロボットを見て、自分も挑戦しようと思った。
60,4,葛藤なし,行動なし,4.0,post,item,主観の勇気評定,1,このロボットを見て、自分も挑戦しようと思った。
61,4,葛藤なし,行動なし,2.0,post,item,主観の勇気評定,1,このロボットを見て、自分も挑戦しようと思った。
63,4,葛藤なし,行動なし,1.0,post,item,主観の勇気評定,1,このロボットを見て、自分も挑戦しようと思った。
64,4,葛藤なし,行動なし,1.0,post,item,主観の勇気評定,1,このロボットを見て、自分も挑戦しようと思った。
65,4,葛藤なし,行動なし,2.0,post,item,主観の勇気評定,1,このロボットを見て、自分も挑戦しようと思った。
66,4,葛藤なし,行動なし,4.0,post,item,主観の勇気評定,1,このロボットを見て、自分も挑戦しようと思った。
68,4,葛藤なし,行動なし,1.0,post,item,主観の勇気評定,1,このロボットを見て、自分も挑戦しようと思った。
69,4,葛藤なし,行動なし,4.0,post,item,主観の勇気評定,1,このロボットを見て、自分も挑戦しようと思った。
70,4,葛藤なし,行動なし,2.0,post,item,主観の勇気評定,1,このロボットを見て、自分も挑戦しようと思った。
71,4,葛藤なし,行動なし,1.0,post,item,主観の勇気評定,1,このロボットを見て、自分も挑戦しようと思った。
74,4,葛藤なし,行動なし,1.0,post,item,主観の勇気評定,1,このロボットを見て、自分も挑戦しようと思った。
75,4,葛藤なし,行動なし,2.0,post,item,主観の勇気評定,1,このロボットを見て、自分も挑戦しようと思った。
78,4,葛藤なし,行動なし,2.0,post,item,主観の勇気評定,1,このロボットを見て、自分も挑戦しようと思った。
79,4,葛藤なし,行動なし,1.0,post,item,主観の勇気評定,1,このロボットを見て、自分も挑戦しようと思った。
80,4,葛藤なし,行動なし,2.0,post,item,主観の勇気評定,1,このロボットを見て、自分も挑戦しようと思った。
81,4,葛藤なし,行動なし,3.0,post,item,主観の勇気評定,1,このロボットを見て、自分も挑戦しようと思った。
82,4,葛藤なし,行動なし,5.0,post,item,主観の勇気評定,1,このロボットを見て、自分も挑戦しようと思った。
86,4,葛藤なし,行動なし,4.0,post,item,主観の勇気評定,1,このロボットを見て、自分も挑戦しようと思った。
89,4,葛藤なし,行動なし,1.0,post,item,主観の勇気評定,1,このロボットを見て、自分も挑戦しようと思った。
90,4,葛藤なし,行動なし,2.0,post,item,主観の勇気評定,1,このロボットを見て、自分も挑戦しようと思った。
91,4,葛藤なし,行動なし,4.0,post,item,主観の勇気評定,1,このロボットを見て、自分も挑戦しようと思った。
92,4,葛藤なし,行動なし,1.0,post,item,主観の勇気評定,1,このロボットを見て、自分も挑戦しようと思った。
93,4,葛藤なし,行動なし,4.0,post,item,主観の勇気評定,1,このロボットを見て、自分も挑戦しようと思った。
97,4,葛藤なし,行動なし,2.0,post,item,主観の勇気評定,1,このロボットを見て、自分も挑戦しようと思った。
98,4,葛藤なし,行動なし,2.0,post,item,主観の勇気評定,1,このロボットを見て、自分も挑戦しようと思った。
102,4,葛藤なし,行動なし,5.0,post,item,主観の勇気評定,1,このロボットを見て、自分も挑戦しようと思った。
106,4,葛藤なし,行動なし,3.0,post,item,主観の勇気評定,1,このロボットを見て、自分も挑戦しようと思った。
110,4,葛藤なし,行動なし,4.0,post,item,主観の勇気評定,1,このロボットを見て、自分も挑戦しようと思った。
111,4,葛藤なし,行動なし,2.0,post,item,主観の勇気評定,1,このロボットを見て、自分も挑戦しようと思った。
112,4,葛藤なし,行動なし,4.0,post,item,主観の勇気評定,1,このロボットを見て、自分も挑戦しようと思った。
113,4,葛藤なし,行動なし,7.0,post,item,主観の勇気評定,1,このロボットを見て、自分も挑戦しようと思った。
117,4,葛藤なし,行動なし,2.0,post,item,主観の勇気評定,1,このロボットを見て、自分も挑戦しようと思った。
121,4,葛藤なし,行動なし,1.0,post,item,主観の勇気評定,1,このロボットを見て、自分も挑戦しようと思った。
123,4,葛藤なし,行動なし,5.0,post,item,主観の勇気評定,1,このロボットを見て、自分も挑戦しようと思った。
2,4,葛藤なし,行動なし,4.0,post,item,主観の勇気評定,2,このロボットを見た後に、難しいことにも一歩踏み出せそうだと感じた。
4,4,葛藤なし,行動なし,5.0,post,item,主観の勇気評定,2,このロボットを見た後に、難しいことにも一歩踏み出せそうだと感じた。
5,4,葛藤なし,行動なし,2.0,post,item,主観の勇気評定,2,このロボットを見た後に、難しいことにも一歩踏み出せそうだと感じた。
6,4,葛藤なし,行動なし,3.0,post,item,主観の勇気評定,2,このロボットを見た後に、難しいことにも一歩踏み出せそうだと感じた。
8,4,葛藤なし,行動なし,1.0,post,item,主観の勇気評定,2,このロボットを見た後に、難しいことにも一歩踏み出せそうだと感じた。
9,4,葛藤なし,行動なし,4.0,post,item,主観の勇気評定,2,このロボットを見た後に、難しいことにも一歩踏み出せそうだと感じた。
11,4,葛藤なし,行動なし,3.0,post,item,主観の勇気評定,2,このロボットを見た後に、難しいことにも一歩踏み出せそうだと感じた。
14,4,葛藤なし,行動なし,2.0,post,item,主観の勇気評定,2,このロボットを見た後に、難しいことにも一歩踏み出せそうだと感じた。
16,4,葛藤なし,行動なし,6.0,post,item,主観の勇気評定,2,このロボットを見た後に、難しいことにも一歩踏み出せそうだと感じた。
17,4,葛藤なし,行動なし,2.0,post,item,主観の勇気評定,2,このロボットを見た後に、難しいことにも一歩踏み出せそうだと感じた。
20,4,葛藤なし,行動なし,7.0,post,item,主観の勇気評定,2,このロボットを見た後に、難しいことにも一歩踏み出せそうだと感じた。
22,4,葛藤なし,行動なし,2.0,post,item,主観の勇気評定,2,このロボットを見た後に、難しいことにも一歩踏み出せそうだと感じた。
23,4,葛藤なし,行動なし,5.0,post,item,主観の勇気評定,2,このロボットを見た後に、難しいことにも一歩踏み出せそうだと感じた。
24,4,葛藤なし,行動なし,4.0,post,item,主観の勇気評定,2,このロボットを見た後に、難しいことにも一歩踏み出せそうだと感じた。
25,4,葛藤なし,行動なし,1.0,post,item,主観の勇気評定,2,このロボットを見た後に、難しいことにも一歩踏み出せそうだと感じた。
28,4,葛藤なし,行動なし,1.0,post,item,主観の勇気評定,2,このロボットを見た後に、難しいことにも一歩踏み出せそうだと感じた。
29,4,葛藤なし,行動なし,4.0,post,item,主観の勇気評定,2,このロボットを見た後に、難しいことにも一歩踏み出せそうだと感じた。
30,4,葛藤なし,行動なし,5.0,post,item,主観の勇気評定,2,このロボットを見た後に、難しいことにも一歩踏み出せそうだと感じた。
33,4,葛藤なし,行動なし,1.0,post,item,主観の勇気評定,2,このロボットを見た後に、難しいことにも一歩踏み出せそうだと感じた。
34,4,葛藤なし,行動なし,7.0,post,item,主観の勇気評定,2,このロボットを見た後に、難しいことにも一歩踏み出せそうだと感じた。
35,4,葛藤なし,行動なし,5.0,post,item,主観の勇気評定,2,このロボットを見た後に、難しいことにも一歩踏み出せそうだと感じた。
37,4,葛藤なし,行動なし,2.0,post,item,主観の勇気評定,2,このロボットを見た後に、難しいことにも一歩踏み出せそうだと感じた。
38,4,葛藤なし,行動なし,2.0,post,item,主観の勇気評定,2,このロボットを見た後に、難しいことにも一歩踏み出せそうだと感じた。
42,4,葛藤なし,行動なし,3.0,post,item,主観の勇気評定,2,このロボットを見た後に、難しいことにも一歩踏み出せそうだと感じた。
45,4,葛藤なし,行動なし,5.0,post,item,主観の勇気評定,2,このロボットを見た後に、難しいことにも一歩踏み出せそうだと感じた。
47,4,葛藤なし,行動なし,5.0,post,item,主観の勇気評定,2,このロボットを見た後に、難しいことにも一歩踏み出せそうだと感じた。
49,4,葛藤なし,行動なし,4.0,post,item,主観の勇気評定,2,このロボットを見た後に、難しいことにも一歩踏み出せそうだと感じた。
52,4,葛藤なし,行動なし,2.0,post,item,主観の勇気評定,2,このロボットを見た後に、難しいことにも一歩踏み出せそうだと感じた。
55,4,葛藤なし,行動なし,5.0,post,item,主観の勇気評定,2,このロボットを見た後に、難しいことにも一歩踏み出せそうだと感じた。
60,4,葛藤なし,行動なし,4.0,post,item,主観の勇気評定,2,このロボットを見た後に、難しいことにも一歩踏み出せそうだと感じた。
61,4,葛藤なし,行動なし,2.0,post,item,主観の勇気評定,2,このロボットを見た後に、難しいことにも一歩踏み出せそうだと感じた。
63,4,葛藤なし,行動なし,1.0,post,item,主観の勇気評定,2,このロボットを見た後に、難しいことにも一歩踏み出せそうだと感じた。
64,4,葛藤なし,行動なし,2.0,post,item,主観の勇気評定,2,このロボットを見た後に、難しいことにも一歩踏み出せそうだと感じた。
65,4,葛藤なし,行動なし,4.0,post,item,主観の勇気評定,2,このロボットを見た後に、難しいことにも一歩踏み出せそうだと感じた。
66,4,葛藤なし,行動なし,1.0,post,item,主観の勇気評定,2,このロボットを見た後に、難しいことにも一歩踏み出せそうだと感じた。
68,4,葛藤なし,行動なし,1.0,post,item,主観の勇気評定,2,このロボットを見た後に、難しいことにも一歩踏み出せそうだと感じた。
69,4,葛藤なし,行動なし,5.0,post,item,主観の勇気評定,2,このロボットを見た後に、難しいことにも一歩踏み出せそうだと感じた。
70,4,葛藤なし,行動なし,2.0,post,item,主観の勇気評定,2,このロボットを見た後に、難しいことにも一歩踏み出せそうだと感じた。
71,4,葛藤なし,行動なし,1.0,post,item,主観の勇気評定,2,このロボットを見た後に、難しいことにも一歩踏み出せそうだと感じた。
74,4,葛藤なし,行動なし,1.0,post,item,主観の勇気評定,2,このロボットを見た後に、難しいことにも一歩踏み出せそうだと感じた。
75,4,葛藤なし,行動なし,4.0,post,item,主観の勇気評定,2,このロボットを見た後に、難しいことにも一歩踏み出せそうだと感じた。
78,4,葛藤なし,行動なし,2.0,post,item,主観の勇気評定,2,このロボットを見た後に、難しいことにも一歩踏み出せそうだと感じた。
79,4,葛藤なし,行動なし,1.0,post,item,主観の勇気評定,2,このロボットを見た後に、難しいことにも一歩踏み出せそうだと感じた。
80,4,葛藤なし,行動なし,2.0,post,item,主観の勇気評定,2,このロボットを見た後に、難しいことにも一歩踏み出せそうだと感じた。
81,4,葛藤なし,行動なし,2.0,post,item,主観の勇気評定,2,このロボットを見た後に、難しいことにも一歩踏み出せそうだと感じた。
82,4,葛藤なし,行動なし,5.0,post,item,主観の勇気評定,2,このロボットを見た後に、難しいことにも一歩踏み出せそうだと感じた。
86,4,葛藤なし,行動なし,4.0,post,item,主観の勇気評定,2,このロボットを見た後に、難しいことにも一歩踏み出せそうだと感じた。
89,4,葛藤なし,行動なし,1.0,post,item,主観の勇気評定,2,このロボットを見た後に、難しいことにも一歩踏み出せそうだと感じた。
90,4,葛藤なし,行動なし,2.0,post,item,主観の勇気評定,2,このロボットを見た後に、難しいことにも一歩踏み出せそうだと感じた。
91,4,葛藤なし,行動なし,3.0,post,item,主観の勇気評定,2,このロボットを見た後に、難しいことにも一歩踏み出せそうだと感じた。
92,4,葛藤なし,行動なし,1.0,post,item,主観の勇気評定,2,このロボットを見た後に、難しいことにも一歩踏み出せそうだと感じた。
93,4,葛藤なし,行動なし,5.0,post,item,主観の勇気評定,2,このロボットを見た後に、難しいことにも一歩踏み出せそうだと感じた。
97,4,葛藤なし,行動なし,1.0,post,item,主観の勇気評定,2,このロボットを見た後に、難しいことにも一歩踏み出せそうだと感じた。
98,4,葛藤なし,行動なし,3.0,post,item,主観の勇気評定,2,このロボットを見た後に、難しいことにも一歩踏み出せそうだと感じた。
102,4,葛藤なし,行動なし,5.0,post,item,主観の勇気評定,2,このロボットを見た後に、難しいことにも一歩踏み出せそうだと感じた。
106,4,葛藤なし,行動なし,3.0,post,item,主観の勇気評定,2,このロボットを見た後に、難しいことにも一歩踏み出せそうだと感じた。
110,4,葛藤なし,行動なし,4.0,post,item,主観の勇気評定,2,このロボットを見た後に、難しいことにも一歩踏み出せそうだと感じた。
111,4,葛藤なし,行動なし,3.0,post,item,主観の勇気評定,2,このロボットを見た後に、難しいことにも一歩踏み出せそうだと感じた。
112,4,葛藤なし,行動なし,4.0,post,item,主観の勇気評定,2,このロボットを見た後に、難しいことにも一歩踏み出せそうだと感じた。
113,4,葛藤なし,行動なし,6.0,post,item,主観の勇気評定,2,このロボットを見た後に、難しいことにも一歩踏み出せそうだと感じた。
117,4,葛藤なし,行動なし,2.0,post,item,主観の勇気評定,2,このロボットを見た後に、難しいことにも一歩踏み出せそうだと感じた。
121,4,葛藤なし,行動なし,1.0,post,item,主観の勇気評定,2,このロボットを見た後に、難しいことにも一歩踏み出せそうだと感じた。
123,4,葛藤なし,行動なし,5.0,post,item,主観の勇気評定,2,このロボットを見た後に、難しいことにも一歩踏み出せそうだと感じた。
2,4,葛藤なし,行動なし,5.0,post,item,主観の勇気評定,3,このロボットから勇気をもらったと感じた。
4,4,葛藤なし,行動なし,5.0,post,item,主観の勇気評定,3,このロボットから勇気をもらったと感じた。
5,4,葛藤なし,行動なし,2.0,post,item,主観の勇気評定,3,このロボットから勇気をもらったと感じた。
6,4,葛藤なし,行動なし,2.0,post,item,主観の勇気評定,3,このロボットから勇気をもらったと感じた。
8,4,葛藤なし,行動なし,2.0,post,item,主観の勇気評定,3,このロボットから勇気をもらったと感じた。
9,4,葛藤なし,行動なし,4.0,post,item,主観の勇気評定,3,このロボットから勇気をもらったと感じた。
11,4,葛藤なし,行動なし,5.0,post,item,主観の勇気評定,3,このロボットから勇気をもらったと感じた。
14,4,葛藤なし,行動なし,2.0,post,item,主観の勇気評定,3,このロボットから勇気をもらったと感じた。
16,4,葛藤なし,行動なし,7.0,post,item,主観の勇気評定,3,このロボットから勇気をもらったと感じた。
17,4,葛藤なし,行動なし,2.0,post,item,主観の勇気評定,3,このロボットから勇気をもらったと感じた。
20,4,葛藤なし,行動なし,5.0,post,item,主観の勇気評定,3,このロボットから勇気をもらったと感じた。
22,4,葛藤なし,行動なし,2.0,post,item,主観の勇気評定,3,このロボットから勇気をもらったと感じた。
23,4,葛藤なし,行動なし,2.0,post,item,主観の勇気評定,3,このロボットから勇気をもらったと感じた。
24,4,葛藤なし,行動なし,3.0,post,item,主観の勇気評定,3,このロボットから勇気をもらったと感じた。
25,4,葛藤なし,行動なし,1.0,post,item,主観の勇気評定,3,このロボットから勇気をもらったと感じた。
28,4,葛藤なし,行動なし,1.0,post,item,主観の勇気評定,3,このロボットから勇気をもらったと感じた。
29,4,葛藤なし,行動なし,4.0,post,item,主観の勇気評定,3,このロボットから勇気をもらったと感じた。
30,4,葛藤なし,行動なし,5.0,post,item,主観の勇気評定,3,このロボットから勇気をもらったと感じた。
33,4,葛藤なし,行動なし,1.0,post,item,主観の勇気評定,3,このロボットから勇気をもらったと感じた。
34,4,葛藤なし,行動なし,6.0,post,item,主観の勇気評定,3,このロボットから勇気をもらったと感じた。
35,4,葛藤なし,行動なし,5.0,post,item,主観の勇気評定,3,このロボットから勇気をもらったと感じた。
37,4,葛藤なし,行動なし,2.0,post,item,主観の勇気評定,3,このロボットから勇気をもらったと感じた。
38,4,葛藤なし,行動なし,2.0,post,item,主観の勇気評定,3,このロボットから勇気をもらったと感じた。
42,4,葛藤なし,行動なし,3.0,post,item,主観の勇気評定,3,このロボットから勇気をもらったと感じた。
45,4,葛藤なし,行動なし,5.0,post,item,主観の勇気評定,3,このロボットから勇気をもらったと感じた。
47,4,葛藤なし,行動なし,5.0,post,item,主観の勇気評定,3,このロボットから勇気をもらったと感じた。
49,4,葛藤なし,行動なし,4.0,post,item,主観の勇気評定,3,このロボットから勇気をもらったと感じた。
52,4,葛藤なし,行動なし,1.0,post,item,主観の勇気評定,3,このロボットから勇気をもらったと感じた。
55,4,葛藤なし,行動なし,6.0,post,item,主観の勇気評定,3,このロボットから勇気をもらったと感じた。
60,4,葛藤なし,行動なし,3.0,post,item,主観の勇気評定,3,このロボットから勇気をもらったと感じた。
61,4,葛藤なし,行動なし,1.0,post,item,主観の勇気評定,3,このロボットから勇気をもらったと感じた。
63,4,葛藤なし,行動なし,1.0,post,item,主観の勇気評定,3,このロボットから勇気をもらったと感じた。
64,4,葛藤なし,行動なし,1.0,post,item,主観の勇気評定,3,このロボットから勇気をもらったと感じた。
65,4,葛藤なし,行動なし,2.0,post,item,主観の勇気評定,3,このロボットから勇気をもらったと感じた。
66,4,葛藤なし,行動なし,2.0,post,item,主観の勇気評定,3,このロボットから勇気をもらったと感じた。
68,4,葛藤なし,行動なし,1.0,post,item,主観の勇気評定,3,このロボットから勇気をもらったと感じた。
69,4,葛藤なし,行動なし,2.0,post,item,主観の勇気評定,3,このロボットから勇気をもらったと感じた。
70,4,葛藤なし,行動なし,3.0,post,item,主観の勇気評定,3,このロボットから勇気をもらったと感じた。
71,4,葛藤なし,行動なし,1.0,post,item,主観の勇気評定,3,このロボットから勇気をもらったと感じた。
74,4,葛藤なし,行動なし,2.0,post,item,主観の勇気評定,3,このロボットから勇気をもらったと感じた。
75,4,葛藤なし,行動なし,4.0,post,item,主観の勇気評定,3,このロボットから勇気をもらったと感じた。
78,4,葛藤なし,行動なし,2.0,post,item,主観の勇気評定,3,このロボットから勇気をもらったと感じた。
79,4,葛藤なし,行動なし,1.0,post,item,主観の勇気評定,3,このロボットから勇気をもらったと感じた。
80,4,葛藤なし,行動なし,3.0,post,item,主観の勇気評定,3,このロボットから勇気をもらったと感じた。
81,4,葛藤なし,行動なし,3.0,post,item,主観の勇気評定,3,このロボットから勇気をもらったと感じた。
82,4,葛藤なし,行動なし,5.0,post,item,主観の勇気評定,3,このロボットから勇気をもらったと感じた。
86,4,葛藤なし,行動なし,4.0,post,item,主観の勇気評定,3,このロボットから勇気をもらったと感じた。
89,4,葛藤なし,行動なし,1.0,post,item,主観の勇気評定,3,このロボットから勇気をもらったと感じた。
90,4,葛藤なし,行動なし,2.0,post,item,主観の勇気評定,3,このロボットから勇気をもらったと感じた。
91,4,葛藤なし,行動なし,4.0,post,item,主観の勇気評定,3,このロボットから勇気をもらったと感じた。
92,4,葛藤なし,行動なし,1.0,post,item,主観の勇気評定,3,このロボットから勇気をもらったと感じた。
93,4,葛藤なし,行動なし,5.0,post,item,主観の勇気評定,3,このロボットから勇気をもらったと感じた。
97,4,葛藤なし,行動なし,2.0,post,item,主観の勇気評定,3,このロボットから勇気をもらったと感じた。
98,4,葛藤なし,行動なし,2.0,post,item,主観の勇気評定,3,このロボットから勇気をもらったと感じた。
102,4,葛藤なし,行動なし,4.0,post,item,主観の勇気評定,3,このロボットから勇気をもらったと感じた。
106,4,葛藤なし,行動なし,4.0,post,item,主観の勇気評定,3,このロボットから勇気をもらったと感じた。
110,4,葛藤なし,行動なし,4.0,post,item,主観の勇気評定,3,このロボットから勇気をもらったと感じた。
111,4,葛藤なし,行動なし,2.0,post,item,主観の勇気評定,3,このロボットから勇気をもらったと感じた。
112,4,葛藤なし,行動なし,4.0,post,item,主観の勇気評定,3,このロボットから勇気をもらったと感じた。
113,4,葛藤なし,行動なし,4.0,post,item,主観の勇気評定,3,このロボットから勇気をもらったと感じた。
117,4,葛藤なし,行動なし,2.0,post,item,主観の勇気評定,3,このロボットから勇気をもらったと感じた。
121,4,葛藤なし,行動なし,1.0,post,item,主観の勇気評定,3,このロボットから勇気をもらったと感じた。
123,4,葛藤なし,行動なし,4.0,post,item,主観の勇気評定,3,このロボットから勇気をもらったと感じた。
