participant_id,target_name,item_no,item_text,video_no,conflict,action,score
1,項目1_このロボットを見て、自分も挑戦しようと思った。,1,このロボットを見て、自分も挑戦しようと思った。,1,葛藤あり,行動あり,3
2,項目1_このロボットを見て、自分も挑戦しようと思った。,1,このロボットを見て、自分も挑戦しようと思った。,1,葛藤あり,行動あり,4
3,項目1_このロボットを見て、自分も挑戦しようと思った。,1,このロボットを見て、自分も挑戦しようと思った。,1,葛藤あり,行動あり,4
4,項目1_このロボットを見て、自分も挑戦しようと思った。,1,このロボットを見て、自分も挑戦しようと思った。,1,葛藤あり,行動あり,5
5,項目1_このロボットを見て、自分も挑戦しようと思った。,1,このロボットを見て、自分も挑戦しようと思った。,1,葛藤あり,行動あり,5
6,項目1_このロボットを見て、自分も挑戦しようと思った。,1,このロボットを見て、自分も挑戦しようと思った。,1,葛藤あり,行動あり,5
7,項目1_このロボットを見て、自分も挑戦しようと思った。,1,このロボットを見て、自分も挑戦しようと思った。,1,葛藤あり,行動あり,4
8,項目1_このロボットを見て、自分も挑戦しようと思った。,1,このロボットを見て、自分も挑戦しようと思った。,1,葛藤あり,行動あり,4
9,項目1_このロボットを見て、自分も挑戦しようと思った。,1,このロボットを見て、自分も挑戦しようと思った。,1,葛藤あり,行動あり,5
10,項目1_このロボットを見て、自分も挑戦しようと思った。,1,このロボットを見て、自分も挑戦しようと思った。,1,葛藤あり,行動あり,2
11,項目1_このロボットを見て、自分も挑戦しようと思った。,1,このロボットを見て、自分も挑戦しようと思った。,1,葛藤あり,行動あり,3
12,項目1_このロボットを見て、自分も挑戦しようと思った。,1,このロボットを見て、自分も挑戦しようと思った。,1,葛藤あり,行動あり,5
13,項目1_このロボットを見て、自分も挑戦しようと思った。,1,このロボットを見て、自分も挑戦しようと思った。,1,葛藤あり,行動あり,3
14,項目1_このロボットを見て、自分も挑戦しようと思った。,1,このロボットを見て、自分も挑戦しようと思った。,1,葛藤あり,行動あり,5
15,項目1_このロボットを見て、自分も挑戦しようと思った。,1,このロボットを見て、自分も挑戦しようと思った。,1,葛藤あり,行動あり,3
16,項目1_このロボットを見て、自分も挑戦しようと思った。,1,このロボットを見て、自分も挑戦しようと思った。,1,葛藤あり,行動あり,5
17,項目1_このロボットを見て、自分も挑戦しようと思った。,1,このロボットを見て、自分も挑戦しようと思った。,1,葛藤あり,行動あり,3
18,項目1_このロボットを見て、自分も挑戦しようと思った。,1,このロボットを見て、自分も挑戦しようと思った。,1,葛藤あり,行動あり,4
19,項目1_このロボットを見て、自分も挑戦しようと思った。,1,このロボットを見て、自分も挑戦しようと思った。,1,葛藤あり,行動あり,4
20,項目1_このロボットを見て、自分も挑戦しようと思った。,1,このロボットを見て、自分も挑戦しようと思った。,1,葛藤あり,行動あり,5
21,項目1_このロボットを見て、自分も挑戦しようと思った。,1,このロボットを見て、自分も挑戦しようと思った。,1,葛藤あり,行動あり,3
22,項目1_このロボットを見て、自分も挑戦しようと思った。,1,このロボットを見て、自分も挑戦しようと思った。,1,葛藤あり,行動あり,3
23,項目1_このロボットを見て、自分も挑戦しようと思った。,1,このロボットを見て、自分も挑戦しようと思った。,1,葛藤あり,行動あり,4
24,項目1_このロボットを見て、自分も挑戦しようと思った。,1,このロボットを見て、自分も挑戦しようと思った。,1,葛藤あり,行動あり,2
25,項目1_このロボットを見て、自分も挑戦しようと思った。,1,このロボットを見て、自分も挑戦しようと思った。,1,葛藤あり,行動あり,6
26,項目1_このロボットを見て、自分も挑戦しようと思った。,1,このロボットを見て、自分も挑戦しようと思った。,1,葛藤あり,行動あり,4
27,項目1_このロボットを見て、自分も挑戦しようと思った。,1,このロボットを見て、自分も挑戦しようと思った。,1,葛藤あり,行動あり,2
28,項目1_このロボットを見て、自分も挑戦しようと思った。,1,このロボットを見て、自分も挑戦しようと思った。,1,葛藤あり,行動あり,1
29,項目1_このロボットを見て、自分も挑戦しようと思った。,1,このロボットを見て、自分も挑戦しようと思った。,1,葛藤あり,行動あり,4
30,項目1_このロボットを見て、自分も挑戦しようと思った。,1,このロボットを見て、自分も挑戦しようと思った。,1,葛藤あり,行動あり,5
31,項目1_このロボットを見て、自分も挑戦しようと思った。,1,このロボットを見て、自分も挑戦しようと思った。,1,葛藤あり,行動あり,3
32,項目1_このロボットを見て、自分も挑戦しようと思った。,1,このロボットを見て、自分も挑戦しようと思った。,1,葛藤あり,行動あり,5
33,項目1_このロボットを見て、自分も挑戦しようと思った。,1,このロボットを見て、自分も挑戦しようと思った。,1,葛藤あり,行動あり,4
34,項目1_このロボットを見て、自分も挑戦しようと思った。,1,このロボットを見て、自分も挑戦しようと思った。,1,葛藤あり,行動あり,6
35,項目1_このロボットを見て、自分も挑戦しようと思った。,1,このロボットを見て、自分も挑戦しようと思った。,1,葛藤あり,行動あり,5
36,項目1_このロボットを見て、自分も挑戦しようと思った。,1,このロボットを見て、自分も挑戦しようと思った。,1,葛藤あり,行動あり,2
37,項目1_このロボットを見て、自分も挑戦しようと思った。,1,このロボットを見て、自分も挑戦しようと思った。,1,葛藤あり,行動あり,3
38,項目1_このロボットを見て、自分も挑戦しようと思った。,1,このロボットを見て、自分も挑戦しようと思った。,1,葛藤あり,行動あり,5
39,項目1_このロボットを見て、自分も挑戦しようと思った。,1,このロボットを見て、自分も挑戦しようと思った。,1,葛藤あり,行動あり,1
40,項目1_このロボットを見て、自分も挑戦しようと思った。,1,このロボットを見て、自分も挑戦しようと思った。,1,葛藤あり,行動あり,3
41,項目1_このロボットを見て、自分も挑戦しようと思った。,1,このロボットを見て、自分も挑戦しようと思った。,1,葛藤あり,行動あり,5
42,項目1_このロボットを見て、自分も挑戦しようと思った。,1,このロボットを見て、自分も挑戦しようと思った。,1,葛藤あり,行動あり,5
43,項目1_このロボットを見て、自分も挑戦しようと思った。,1,このロボットを見て、自分も挑戦しようと思った。,1,葛藤あり,行動あり,2
44,項目1_このロボットを見て、自分も挑戦しようと思った。,1,このロボットを見て、自分も挑戦しようと思った。,1,葛藤あり,行動あり,2
45,項目1_このロボットを見て、自分も挑戦しようと思った。,1,このロボットを見て、自分も挑戦しようと思った。,1,葛藤あり,行動あり,5
46,項目1_このロボットを見て、自分も挑戦しようと思った。,1,このロボットを見て、自分も挑戦しようと思った。,1,葛藤あり,行動あり,4
47,項目1_このロボットを見て、自分も挑戦しようと思った。,1,このロボットを見て、自分も挑戦しようと思った。,1,葛藤あり,行動あり,2
48,項目1_このロボットを見て、自分も挑戦しようと思った。,1,このロボットを見て、自分も挑戦しようと思った。,1,葛藤あり,行動あり,5
49,項目1_このロボットを見て、自分も挑戦しようと思った。,1,このロボットを見て、自分も挑戦しようと思った。,1,葛藤あり,行動あり,5
50,項目1_このロボットを見て、自分も挑戦しようと思った。,1,このロボットを見て、自分も挑戦しようと思った。,1,葛藤あり,行動あり,5
51,項目1_このロボットを見て、自分も挑戦しようと思った。,1,このロボットを見て、自分も挑戦しようと思った。,1,葛藤あり,行動あり,4
52,項目1_このロボットを見て、自分も挑戦しようと思った。,1,このロボットを見て、自分も挑戦しようと思った。,1,葛藤あり,行動あり,4
53,項目1_このロボットを見て、自分も挑戦しようと思った。,1,このロボットを見て、自分も挑戦しようと思った。,1,葛藤あり,行動あり,5
54,項目1_このロボットを見て、自分も挑戦しようと思った。,1,このロボットを見て、自分も挑戦しようと思った。,1,葛藤あり,行動あり,4
55,項目1_このロボットを見て、自分も挑戦しようと思った。,1,このロボットを見て、自分も挑戦しようと思った。,1,葛藤あり,行動あり,5
56,項目1_このロボットを見て、自分も挑戦しようと思った。,1,このロボットを見て、自分も挑戦しようと思った。,1,葛藤あり,行動あり,3
57,項目1_このロボットを見て、自分も挑戦しようと思った。,1,このロボットを見て、自分も挑戦しようと思った。,1,葛藤あり,行動あり,4
58,項目1_このロボットを見て、自分も挑戦しようと思った。,1,このロボットを見て、自分も挑戦しようと思った。,1,葛藤あり,行動あり,3
59,項目1_このロボットを見て、自分も挑戦しようと思った。,1,このロボットを見て、自分も挑戦しようと思った。,1,葛藤あり,行動あり,4
60,項目1_このロボットを見て、自分も挑戦しようと思った。,1,このロボットを見て、自分も挑戦しようと思った。,1,葛藤あり,行動あり,6
61,項目1_このロボットを見て、自分も挑戦しようと思った。,1,このロボットを見て、自分も挑戦しようと思った。,1,葛藤あり,行動あり,4
62,項目1_このロボットを見て、自分も挑戦しようと思った。,1,このロボットを見て、自分も挑戦しようと思った。,1,葛藤あり,行動あり,2
63,項目1_このロボットを見て、自分も挑戦しようと思った。,1,このロボットを見て、自分も挑戦しようと思った。,1,葛藤あり,行動あり,6
64,項目1_このロボットを見て、自分も挑戦しようと思った。,1,このロボットを見て、自分も挑戦しようと思った。,1,葛藤あり,行動あり,3
65,項目1_このロボットを見て、自分も挑戦しようと思った。,1,このロボットを見て、自分も挑戦しようと思った。,1,葛藤あり,行動あり,3
66,項目1_このロボットを見て、自分も挑戦しようと思った。,1,このロボットを見て、自分も挑戦しようと思った。,1,葛藤あり,行動あり,4
67,項目1_このロボットを見て、自分も挑戦しようと思った。,1,このロボットを見て、自分も挑戦しようと思った。,1,葛藤あり,行動あり,2
68,項目1_このロボットを見て、自分も挑戦しようと思った。,1,このロボットを見て、自分も挑戦しようと思った。,1,葛藤あり,行動あり,3
69,項目1_このロボットを見て、自分も挑戦しようと思った。,1,このロボットを見て、自分も挑戦しようと思った。,1,葛藤あり,行動あり,6
70,項目1_このロボットを見て、自分も挑戦しようと思った。,1,このロボットを見て、自分も挑戦しようと思った。,1,葛藤あり,行動あり,2
71,項目1_このロボットを見て、自分も挑戦しようと思った。,1,このロボットを見て、自分も挑戦しようと思った。,1,葛藤あり,行動あり,2
72,項目1_このロボットを見て、自分も挑戦しようと思った。,1,このロボットを見て、自分も挑戦しようと思った。,1,葛藤あり,行動あり,1
73,項目1_このロボットを見て、自分も挑戦しようと思った。,1,このロボットを見て、自分も挑戦しようと思った。,1,葛藤あり,行動あり,4
74,項目1_このロボットを見て、自分も挑戦しようと思った。,1,このロボットを見て、自分も挑戦しようと思った。,1,葛藤あり,行動あり,6
75,項目1_このロボットを見て、自分も挑戦しようと思った。,1,このロボットを見て、自分も挑戦しようと思った。,1,葛藤あり,行動あり,2
76,項目1_このロボットを見て、自分も挑戦しようと思った。,1,このロボットを見て、自分も挑戦しようと思った。,1,葛藤あり,行動あり,5
77,項目1_このロボットを見て、自分も挑戦しようと思った。,1,このロボットを見て、自分も挑戦しようと思った。,1,葛藤あり,行動あり,5
78,項目1_このロボットを見て、自分も挑戦しようと思った。,1,このロボットを見て、自分も挑戦しようと思った。,1,葛藤あり,行動あり,4
79,項目1_このロボットを見て、自分も挑戦しようと思った。,1,このロボットを見て、自分も挑戦しようと思った。,1,葛藤あり,行動あり,6
80,項目1_このロボットを見て、自分も挑戦しようと思った。,1,このロボットを見て、自分も挑戦しようと思った。,1,葛藤あり,行動あり,3
81,項目1_このロボットを見て、自分も挑戦しようと思った。,1,このロボットを見て、自分も挑戦しようと思った。,1,葛藤あり,行動あり,5
82,項目1_このロボットを見て、自分も挑戦しようと思った。,1,このロボットを見て、自分も挑戦しようと思った。,1,葛藤あり,行動あり,5
83,項目1_このロボットを見て、自分も挑戦しようと思った。,1,このロボットを見て、自分も挑戦しようと思った。,1,葛藤あり,行動あり,3
84,項目1_このロボットを見て、自分も挑戦しようと思った。,1,このロボットを見て、自分も挑戦しようと思った。,1,葛藤あり,行動あり,1
85,項目1_このロボットを見て、自分も挑戦しようと思った。,1,このロボットを見て、自分も挑戦しようと思った。,1,葛藤あり,行動あり,3
86,項目1_このロボットを見て、自分も挑戦しようと思った。,1,このロボットを見て、自分も挑戦しようと思った。,1,葛藤あり,行動あり,4
87,項目1_このロボットを見て、自分も挑戦しようと思った。,1,このロボットを見て、自分も挑戦しようと思った。,1,葛藤あり,行動あり,4
88,項目1_このロボットを見て、自分も挑戦しようと思った。,1,このロボットを見て、自分も挑戦しようと思った。,1,葛藤あり,行動あり,5
89,項目1_このロボットを見て、自分も挑戦しようと思った。,1,このロボットを見て、自分も挑戦しようと思った。,1,葛藤あり,行動あり,1
90,項目1_このロボットを見て、自分も挑戦しようと思った。,1,このロボットを見て、自分も挑戦しようと思った。,1,葛藤あり,行動あり,5
91,項目1_このロボットを見て、自分も挑戦しようと思った。,1,このロボットを見て、自分も挑戦しようと思った。,1,葛藤あり,行動あり,5
92,項目1_このロボットを見て、自分も挑戦しようと思った。,1,このロボットを見て、自分も挑戦しようと思った。,1,葛藤あり,行動あり,4
93,項目1_このロボットを見て、自分も挑戦しようと思った。,1,このロボットを見て、自分も挑戦しようと思った。,1,葛藤あり,行動あり,5
94,項目1_このロボットを見て、自分も挑戦しようと思った。,1,このロボットを見て、自分も挑戦しようと思った。,1,葛藤あり,行動あり,2
95,項目1_このロボットを見て、自分も挑戦しようと思った。,1,このロボットを見て、自分も挑戦しようと思った。,1,葛藤あり,行動あり,1
96,項目1_このロボットを見て、自分も挑戦しようと思った。,1,このロボットを見て、自分も挑戦しようと思った。,1,葛藤あり,行動あり,1
97,項目1_このロボットを見て、自分も挑戦しようと思った。,1,このロボットを見て、自分も挑戦しようと思った。,1,葛藤あり,行動あり,6
98,項目1_このロボットを見て、自分も挑戦しようと思った。,1,このロボットを見て、自分も挑戦しようと思った。,1,葛藤あり,行動あり,5
99,項目1_このロボットを見て、自分も挑戦しようと思った。,1,このロボットを見て、自分も挑戦しようと思った。,1,葛藤あり,行動あり,2
100,項目1_このロボットを見て、自分も挑戦しようと思った。,1,このロボットを見て、自分も挑戦しようと思った。,1,葛藤あり,行動あり,2
101,項目1_このロボットを見て、自分も挑戦しようと思った。,1,このロボットを見て、自分も挑戦しようと思った。,1,葛藤あり,行動あり,5
102,項目1_このロボットを見て、自分も挑戦しようと思った。,1,このロボットを見て、自分も挑戦しようと思った。,1,葛藤あり,行動あり,4
103,項目1_このロボットを見て、自分も挑戦しようと思った。,1,このロボットを見て、自分も挑戦しようと思った。,1,葛藤あり,行動あり,5
104,項目1_このロボットを見て、自分も挑戦しようと思った。,1,このロボットを見て、自分も挑戦しようと思った。,1,葛藤あり,行動あり,3
105,項目1_このロボットを見て、自分も挑戦しようと思った。,1,このロボットを見て、自分も挑戦しようと思った。,1,葛藤あり,行動あり,4
106,項目1_このロボットを見て、自分も挑戦しようと思った。,1,このロボットを見て、自分も挑戦しようと思った。,1,葛藤あり,行動あり,5
107,項目1_このロボットを見て、自分も挑戦しようと思った。,1,このロボットを見て、自分も挑戦しようと思った。,1,葛藤あり,行動あり,1
108,項目1_このロボットを見て、自分も挑戦しようと思った。,1,このロボットを見て、自分も挑戦しようと思った。,1,葛藤あり,行動あり,5
109,項目1_このロボットを見て、自分も挑戦しようと思った。,1,このロボットを見て、自分も挑戦しようと思った。,1,葛藤あり,行動あり,2
110,項目1_このロボットを見て、自分も挑戦しようと思った。,1,このロボットを見て、自分も挑戦しようと思った。,1,葛藤あり,行動あり,5
111,項目1_このロボットを見て、自分も挑戦しようと思った。,1,このロボットを見て、自分も挑戦しようと思った。,1,葛藤あり,行動あり,4
112,項目1_このロボットを見て、自分も挑戦しようと思った。,1,このロボットを見て、自分も挑戦しようと思った。,1,葛藤あり,行動あり,5
113,項目1_このロボットを見て、自分も挑戦しようと思った。,1,このロボットを見て、自分も挑戦しようと思った。,1,葛藤あり,行動あり,5
114,項目1_このロボットを見て、自分も挑戦しようと思った。,1,このロボットを見て、自分も挑戦しようと思った。,1,葛藤あり,行動あり,3
115,項目1_このロボットを見て、自分も挑戦しようと思った。,1,このロボットを見て、自分も挑戦しようと思った。,1,葛藤あり,行動あり,3
116,項目1_このロボットを見て、自分も挑戦しようと思った。,1,このロボットを見て、自分も挑戦しようと思った。,1,葛藤あり,行動あり,2
117,項目1_このロボットを見て、自分も挑戦しようと思った。,1,このロボットを見て、自分も挑戦しようと思った。,1,葛藤あり,行動あり,5
118,項目1_このロボットを見て、自分も挑戦しようと思った。,1,このロボットを見て、自分も挑戦しようと思った。,1,葛藤あり,行動あり,4
119,項目1_このロボットを見て、自分も挑戦しようと思った。,1,このロボットを見て、自分も挑戦しようと思った。,1,葛藤あり,行動あり,3
120,項目1_このロボットを見て、自分も挑戦しようと思った。,1,このロボットを見て、自分も挑戦しようと思った。,1,葛藤あり,行動あり,4
121,項目1_このロボットを見て、自分も挑戦しようと思った。,1,このロボットを見て、自分も挑戦しようと思った。,1,葛藤あり,行動あり,7
122,項目1_このロボットを見て、自分も挑戦しようと思った。,1,このロボットを見て、自分も挑戦しようと思った。,1,葛藤あり,行動あり,1
123,項目1_このロボットを見て、自分も挑戦しようと思った。,1,このロボットを見て、自分も挑戦しようと思った。,1,葛藤あり,行動あり,4
124,項目1_このロボットを見て、自分も挑戦しようと思った。,1,このロボットを見て、自分も挑戦しようと思った。,1,葛藤あり,行動あり,4
125,項目1_このロボットを見て、自分も挑戦しようと思った。,1,このロボットを見て、自分も挑戦しようと思った。,1,葛藤あり,行動あり,6
126,項目1_このロボットを見て、自分も挑戦しようと思った。,1,このロボットを見て、自分も挑戦しようと思った。,1,葛藤あり,行動あり,4
1,項目1_このロボットを見て、自分も挑戦しようと思った。,1,このロボットを見て、自分も挑戦しようと思った。,2,葛藤あり,行動なし,3
2,項目1_このロボットを見て、自分も挑戦しようと思った。,1,このロボットを見て、自分も挑戦しようと思った。,2,葛藤あり,行動なし,5
3,項目1_このロボットを見て、自分も挑戦しようと思った。,1,このロボットを見て、自分も挑戦しようと思った。,2,葛藤あり,行動なし,4
4,項目1_このロボットを見て、自分も挑戦しようと思った。,1,このロボットを見て、自分も挑戦しようと思った。,2,葛藤あり,行動なし,5
5,項目1_このロボットを見て、自分も挑戦しようと思った。,1,このロボットを見て、自分も挑戦しようと思った。,2,葛藤あり,行動なし,4
6,項目1_このロボットを見て、自分も挑戦しようと思った。,1,このロボットを見て、自分も挑戦しようと思った。,2,葛藤あり,行動なし,2
7,項目1_このロボットを見て、自分も挑戦しようと思った。,1,このロボットを見て、自分も挑戦しようと思った。,2,葛藤あり,行動なし,1
8,項目1_このロボットを見て、自分も挑戦しようと思った。,1,このロボットを見て、自分も挑戦しようと思った。,2,葛藤あり,行動なし,1
9,項目1_このロボットを見て、自分も挑戦しようと思った。,1,このロボットを見て、自分も挑戦しようと思った。,2,葛藤あり,行動なし,4
10,項目1_このロボットを見て、自分も挑戦しようと思った。,1,このロボットを見て、自分も挑戦しようと思った。,2,葛藤あり,行動なし,3
11,項目1_このロボットを見て、自分も挑戦しようと思った。,1,このロボットを見て、自分も挑戦しようと思った。,2,葛藤あり,行動なし,3
12,項目1_このロボットを見て、自分も挑戦しようと思った。,1,このロボットを見て、自分も挑戦しようと思った。,2,葛藤あり,行動なし,5
13,項目1_このロボットを見て、自分も挑戦しようと思った。,1,このロボットを見て、自分も挑戦しようと思った。,2,葛藤あり,行動なし,3
14,項目1_このロボットを見て、自分も挑戦しようと思った。,1,このロボットを見て、自分も挑戦しようと思った。,2,葛藤あり,行動なし,5
15,項目1_このロボットを見て、自分も挑戦しようと思った。,1,このロボットを見て、自分も挑戦しようと思った。,2,葛藤あり,行動なし,2
16,項目1_このロボットを見て、自分も挑戦しようと思った。,1,このロボットを見て、自分も挑戦しようと思った。,2,葛藤あり,行動なし,7
17,項目1_このロボットを見て、自分も挑戦しようと思った。,1,このロボットを見て、自分も挑戦しようと思った。,2,葛藤あり,行動なし,5
18,項目1_このロボットを見て、自分も挑戦しようと思った。,1,このロボットを見て、自分も挑戦しようと思った。,2,葛藤あり,行動なし,3
19,項目1_このロボットを見て、自分も挑戦しようと思った。,1,このロボットを見て、自分も挑戦しようと思った。,2,葛藤あり,行動なし,2
20,項目1_このロボットを見て、自分も挑戦しようと思った。,1,このロボットを見て、自分も挑戦しようと思った。,2,葛藤あり,行動なし,5
21,項目1_このロボットを見て、自分も挑戦しようと思った。,1,このロボットを見て、自分も挑戦しようと思った。,2,葛藤あり,行動なし,3
22,項目1_このロボットを見て、自分も挑戦しようと思った。,1,このロボットを見て、自分も挑戦しようと思った。,2,葛藤あり,行動なし,2
23,項目1_このロボットを見て、自分も挑戦しようと思った。,1,このロボットを見て、自分も挑戦しようと思った。,2,葛藤あり,行動なし,5
24,項目1_このロボットを見て、自分も挑戦しようと思った。,1,このロボットを見て、自分も挑戦しようと思った。,2,葛藤あり,行動なし,3
25,項目1_このロボットを見て、自分も挑戦しようと思った。,1,このロボットを見て、自分も挑戦しようと思った。,2,葛藤あり,行動なし,2
26,項目1_このロボットを見て、自分も挑戦しようと思った。,1,このロボットを見て、自分も挑戦しようと思った。,2,葛藤あり,行動なし,5
27,項目1_このロボットを見て、自分も挑戦しようと思った。,1,このロボットを見て、自分も挑戦しようと思った。,2,葛藤あり,行動なし,1
28,項目1_このロボットを見て、自分も挑戦しようと思った。,1,このロボットを見て、自分も挑戦しようと思った。,2,葛藤あり,行動なし,1
29,項目1_このロボットを見て、自分も挑戦しようと思った。,1,このロボットを見て、自分も挑戦しようと思った。,2,葛藤あり,行動なし,4
30,項目1_このロボットを見て、自分も挑戦しようと思った。,1,このロボットを見て、自分も挑戦しようと思った。,2,葛藤あり,行動なし,5
31,項目1_このロボットを見て、自分も挑戦しようと思った。,1,このロボットを見て、自分も挑戦しようと思った。,2,葛藤あり,行動なし,3
32,項目1_このロボットを見て、自分も挑戦しようと思った。,1,このロボットを見て、自分も挑戦しようと思った。,2,葛藤あり,行動なし,5
33,項目1_このロボットを見て、自分も挑戦しようと思った。,1,このロボットを見て、自分も挑戦しようと思った。,2,葛藤あり,行動なし,2
34,項目1_このロボットを見て、自分も挑戦しようと思った。,1,このロボットを見て、自分も挑戦しようと思った。,2,葛藤あり,行動なし,6
35,項目1_このロボットを見て、自分も挑戦しようと思った。,1,このロボットを見て、自分も挑戦しようと思った。,2,葛藤あり,行動なし,5
36,項目1_このロボットを見て、自分も挑戦しようと思った。,1,このロボットを見て、自分も挑戦しようと思った。,2,葛藤あり,行動なし,2
37,項目1_このロボットを見て、自分も挑戦しようと思った。,1,このロボットを見て、自分も挑戦しようと思った。,2,葛藤あり,行動なし,2
38,項目1_このロボットを見て、自分も挑戦しようと思った。,1,このロボットを見て、自分も挑戦しようと思った。,2,葛藤あり,行動なし,2
39,項目1_このロボットを見て、自分も挑戦しようと思った。,1,このロボットを見て、自分も挑戦しようと思った。,2,葛藤あり,行動なし,2
40,項目1_このロボットを見て、自分も挑戦しようと思った。,1,このロボットを見て、自分も挑戦しようと思った。,2,葛藤あり,行動なし,3
41,項目1_このロボットを見て、自分も挑戦しようと思った。,1,このロボットを見て、自分も挑戦しようと思った。,2,葛藤あり,行動なし,3
42,項目1_このロボットを見て、自分も挑戦しようと思った。,1,このロボットを見て、自分も挑戦しようと思った。,2,葛藤あり,行動なし,2
43,項目1_このロボットを見て、自分も挑戦しようと思った。,1,このロボットを見て、自分も挑戦しようと思った。,2,葛藤あり,行動なし,2
44,項目1_このロボットを見て、自分も挑戦しようと思った。,1,このロボットを見て、自分も挑戦しようと思った。,2,葛藤あり,行動なし,1
45,項目1_このロボットを見て、自分も挑戦しようと思った。,1,このロボットを見て、自分も挑戦しようと思った。,2,葛藤あり,行動なし,5
46,項目1_このロボットを見て、自分も挑戦しようと思った。,1,このロボットを見て、自分も挑戦しようと思った。,2,葛藤あり,行動なし,2
47,項目1_このロボットを見て、自分も挑戦しようと思った。,1,このロボットを見て、自分も挑戦しようと思った。,2,葛藤あり,行動なし,1
48,項目1_このロボットを見て、自分も挑戦しようと思った。,1,このロボットを見て、自分も挑戦しようと思った。,2,葛藤あり,行動なし,5
49,項目1_このロボットを見て、自分も挑戦しようと思った。,1,このロボットを見て、自分も挑戦しようと思った。,2,葛藤あり,行動なし,4
50,項目1_このロボットを見て、自分も挑戦しようと思った。,1,このロボットを見て、自分も挑戦しようと思った。,2,葛藤あり,行動なし,5
51,項目1_このロボットを見て、自分も挑戦しようと思った。,1,このロボットを見て、自分も挑戦しようと思った。,2,葛藤あり,行動なし,4
52,項目1_このロボットを見て、自分も挑戦しようと思った。,1,このロボットを見て、自分も挑戦しようと思った。,2,葛藤あり,行動なし,3
53,項目1_このロボットを見て、自分も挑戦しようと思った。,1,このロボットを見て、自分も挑戦しようと思った。,2,葛藤あり,行動なし,3
54,項目1_このロボットを見て、自分も挑戦しようと思った。,1,このロボットを見て、自分も挑戦しようと思った。,2,葛藤あり,行動なし,4
55,項目1_このロボットを見て、自分も挑戦しようと思った。,1,このロボットを見て、自分も挑戦しようと思った。,2,葛藤あり,行動なし,5
56,項目1_このロボットを見て、自分も挑戦しようと思った。,1,このロボットを見て、自分も挑戦しようと思った。,2,葛藤あり,行動なし,2
57,項目1_このロボットを見て、自分も挑戦しようと思った。,1,このロボットを見て、自分も挑戦しようと思った。,2,葛藤あり,行動なし,3
58,項目1_このロボットを見て、自分も挑戦しようと思った。,1,このロボットを見て、自分も挑戦しようと思った。,2,葛藤あり,行動なし,3
59,項目1_このロボットを見て、自分も挑戦しようと思った。,1,このロボットを見て、自分も挑戦しようと思った。,2,葛藤あり,行動なし,1
60,項目1_このロボットを見て、自分も挑戦しようと思った。,1,このロボットを見て、自分も挑戦しようと思った。,2,葛藤あり,行動なし,4
61,項目1_このロボットを見て、自分も挑戦しようと思った。,1,このロボットを見て、自分も挑戦しようと思った。,2,葛藤あり,行動なし,3
62,項目1_このロボットを見て、自分も挑戦しようと思った。,1,このロボットを見て、自分も挑戦しようと思った。,2,葛藤あり,行動なし,4
63,項目1_このロボットを見て、自分も挑戦しようと思った。,1,このロボットを見て、自分も挑戦しようと思った。,2,葛藤あり,行動なし,5
64,項目1_このロボットを見て、自分も挑戦しようと思った。,1,このロボットを見て、自分も挑戦しようと思った。,2,葛藤あり,行動なし,2
65,項目1_このロボットを見て、自分も挑戦しようと思った。,1,このロボットを見て、自分も挑戦しようと思った。,2,葛藤あり,行動なし,4
66,項目1_このロボットを見て、自分も挑戦しようと思った。,1,このロボットを見て、自分も挑戦しようと思った。,2,葛藤あり,行動なし,2
67,項目1_このロボットを見て、自分も挑戦しようと思った。,1,このロボットを見て、自分も挑戦しようと思った。,2,葛藤あり,行動なし,2
68,項目1_このロボットを見て、自分も挑戦しようと思った。,1,このロボットを見て、自分も挑戦しようと思った。,2,葛藤あり,行動なし,1
69,項目1_このロボットを見て、自分も挑戦しようと思った。,1,このロボットを見て、自分も挑戦しようと思った。,2,葛藤あり,行動なし,6
70,項目1_このロボットを見て、自分も挑戦しようと思った。,1,このロボットを見て、自分も挑戦しようと思った。,2,葛藤あり,行動なし,2
71,項目1_このロボットを見て、自分も挑戦しようと思った。,1,このロボットを見て、自分も挑戦しようと思った。,2,葛藤あり,行動なし,2
72,項目1_このロボットを見て、自分も挑戦しようと思った。,1,このロボットを見て、自分も挑戦しようと思った。,2,葛藤あり,行動なし,1
73,項目1_このロボットを見て、自分も挑戦しようと思った。,1,このロボットを見て、自分も挑戦しようと思った。,2,葛藤あり,行動なし,4
74,項目1_このロボットを見て、自分も挑戦しようと思った。,1,このロボットを見て、自分も挑戦しようと思った。,2,葛藤あり,行動なし,2
75,項目1_このロボットを見て、自分も挑戦しようと思った。,1,このロボットを見て、自分も挑戦しようと思った。,2,葛藤あり,行動なし,3
76,項目1_このロボットを見て、自分も挑戦しようと思った。,1,このロボットを見て、自分も挑戦しようと思った。,2,葛藤あり,行動なし,5
77,項目1_このロボットを見て、自分も挑戦しようと思った。,1,このロボットを見て、自分も挑戦しようと思った。,2,葛藤あり,行動なし,2
78,項目1_このロボットを見て、自分も挑戦しようと思った。,1,このロボットを見て、自分も挑戦しようと思った。,2,葛藤あり,行動なし,2
79,項目1_このロボットを見て、自分も挑戦しようと思った。,1,このロボットを見て、自分も挑戦しようと思った。,2,葛藤あり,行動なし,2
80,項目1_このロボットを見て、自分も挑戦しようと思った。,1,このロボットを見て、自分も挑戦しようと思った。,2,葛藤あり,行動なし,2
81,項目1_このロボットを見て、自分も挑戦しようと思った。,1,このロボットを見て、自分も挑戦しようと思った。,2,葛藤あり,行動なし,2
82,項目1_このロボットを見て、自分も挑戦しようと思った。,1,このロボットを見て、自分も挑戦しようと思った。,2,葛藤あり,行動なし,5
83,項目1_このロボットを見て、自分も挑戦しようと思った。,1,このロボットを見て、自分も挑戦しようと思った。,2,葛藤あり,行動なし,1
84,項目1_このロボットを見て、自分も挑戦しようと思った。,1,このロボットを見て、自分も挑戦しようと思った。,2,葛藤あり,行動なし,1
85,項目1_このロボットを見て、自分も挑戦しようと思った。,1,このロボットを見て、自分も挑戦しようと思った。,2,葛藤あり,行動なし,2
86,項目1_このロボットを見て、自分も挑戦しようと思った。,1,このロボットを見て、自分も挑戦しようと思った。,2,葛藤あり,行動なし,4
87,項目1_このロボットを見て、自分も挑戦しようと思った。,1,このロボットを見て、自分も挑戦しようと思った。,2,葛藤あり,行動なし,3
88,項目1_このロボットを見て、自分も挑戦しようと思った。,1,このロボットを見て、自分も挑戦しようと思った。,2,葛藤あり,行動なし,1
89,項目1_このロボットを見て、自分も挑戦しようと思った。,1,このロボットを見て、自分も挑戦しようと思った。,2,葛藤あり,行動なし,1
90,項目1_このロボットを見て、自分も挑戦しようと思った。,1,このロボットを見て、自分も挑戦しようと思った。,2,葛藤あり,行動なし,4
91,項目1_このロボットを見て、自分も挑戦しようと思った。,1,このロボットを見て、自分も挑戦しようと思った。,2,葛藤あり,行動なし,1
92,項目1_このロボットを見て、自分も挑戦しようと思った。,1,このロボットを見て、自分も挑戦しようと思った。,2,葛藤あり,行動なし,1
93,項目1_このロボットを見て、自分も挑戦しようと思った。,1,このロボットを見て、自分も挑戦しようと思った。,2,葛藤あり,行動なし,5
94,項目1_このロボットを見て、自分も挑戦しようと思った。,1,このロボットを見て、自分も挑戦しようと思った。,2,葛藤あり,行動なし,1
95,項目1_このロボットを見て、自分も挑戦しようと思った。,1,このロボットを見て、自分も挑戦しようと思った。,2,葛藤あり,行動なし,2
96,項目1_このロボットを見て、自分も挑戦しようと思った。,1,このロボットを見て、自分も挑戦しようと思った。,2,葛藤あり,行動なし,1
97,項目1_このロボットを見て、自分も挑戦しようと思った。,1,このロボットを見て、自分も挑戦しようと思った。,2,葛藤あり,行動なし,2
98,項目1_このロボットを見て、自分も挑戦しようと思った。,1,このロボットを見て、自分も挑戦しようと思った。,2,葛藤あり,行動なし,3
99,項目1_このロボットを見て、自分も挑戦しようと思った。,1,このロボットを見て、自分も挑戦しようと思った。,2,葛藤あり,行動なし,2
100,項目1_このロボットを見て、自分も挑戦しようと思った。,1,このロボットを見て、自分も挑戦しようと思った。,2,葛藤あり,行動なし,1
101,項目1_このロボットを見て、自分も挑戦しようと思った。,1,このロボットを見て、自分も挑戦しようと思った。,2,葛藤あり,行動なし,3
102,項目1_このロボットを見て、自分も挑戦しようと思った。,1,このロボットを見て、自分も挑戦しようと思った。,2,葛藤あり,行動なし,4
103,項目1_このロボットを見て、自分も挑戦しようと思った。,1,このロボットを見て、自分も挑戦しようと思った。,2,葛藤あり,行動なし,3
104,項目1_このロボットを見て、自分も挑戦しようと思った。,1,このロボットを見て、自分も挑戦しようと思った。,2,葛藤あり,行動なし,4
105,項目1_このロボットを見て、自分も挑戦しようと思った。,1,このロボットを見て、自分も挑戦しようと思った。,2,葛藤あり,行動なし,4
106,項目1_このロボットを見て、自分も挑戦しようと思った。,1,このロボットを見て、自分も挑戦しようと思った。,2,葛藤あり,行動なし,3
107,項目1_このロボットを見て、自分も挑戦しようと思った。,1,このロボットを見て、自分も挑戦しようと思った。,2,葛藤あり,行動なし,2
108,項目1_このロボットを見て、自分も挑戦しようと思った。,1,このロボットを見て、自分も挑戦しようと思った。,2,葛藤あり,行動なし,4
109,項目1_このロボットを見て、自分も挑戦しようと思った。,1,このロボットを見て、自分も挑戦しようと思った。,2,葛藤あり,行動なし,2
110,項目1_このロボットを見て、自分も挑戦しようと思った。,1,このロボットを見て、自分も挑戦しようと思った。,2,葛藤あり,行動なし,4
111,項目1_このロボットを見て、自分も挑戦しようと思った。,1,このロボットを見て、自分も挑戦しようと思った。,2,葛藤あり,行動なし,4
112,項目1_このロボットを見て、自分も挑戦しようと思った。,1,このロボットを見て、自分も挑戦しようと思った。,2,葛藤あり,行動なし,4
113,項目1_このロボットを見て、自分も挑戦しようと思った。,1,このロボットを見て、自分も挑戦しようと思った。,2,葛藤あり,行動なし,6
114,項目1_このロボットを見て、自分も挑戦しようと思った。,1,このロボットを見て、自分も挑戦しようと思った。,2,葛藤あり,行動なし,3
115,項目1_このロボットを見て、自分も挑戦しようと思った。,1,このロボットを見て、自分も挑戦しようと思った。,2,葛藤あり,行動なし,4
116,項目1_このロボットを見て、自分も挑戦しようと思った。,1,このロボットを見て、自分も挑戦しようと思った。,2,葛藤あり,行動なし,1
117,項目1_このロボットを見て、自分も挑戦しようと思った。,1,このロボットを見て、自分も挑戦しようと思った。,2,葛藤あり,行動なし,4
118,項目1_このロボットを見て、自分も挑戦しようと思った。,1,このロボットを見て、自分も挑戦しようと思った。,2,葛藤あり,行動なし,4
119,項目1_このロボットを見て、自分も挑戦しようと思った。,1,このロボットを見て、自分も挑戦しようと思った。,2,葛藤あり,行動なし,2
120,項目1_このロボットを見て、自分も挑戦しようと思った。,1,このロボットを見て、自分も挑戦しようと思った。,2,葛藤あり,行動なし,6
121,項目1_このロボットを見て、自分も挑戦しようと思った。,1,このロボットを見て、自分も挑戦しようと思った。,2,葛藤あり,行動なし,4
122,項目1_このロボットを見て、自分も挑戦しようと思った。,1,このロボットを見て、自分も挑戦しようと思った。,2,葛藤あり,行動なし,1
123,項目1_このロボットを見て、自分も挑戦しようと思った。,1,このロボットを見て、自分も挑戦しようと思った。,2,葛藤あり,行動なし,4
124,項目1_このロボットを見て、自分も挑戦しようと思った。,1,このロボットを見て、自分も挑戦しようと思った。,2,葛藤あり,行動なし,4
125,項目1_このロボットを見て、自分も挑戦しようと思った。,1,このロボットを見て、自分も挑戦しようと思った。,2,葛藤あり,行動なし,5
126,項目1_このロボットを見て、自分も挑戦しようと思った。,1,このロボットを見て、自分も挑戦しようと思った。,2,葛藤あり,行動なし,4
1,項目1_このロボットを見て、自分も挑戦しようと思った。,1,このロボットを見て、自分も挑戦しようと思った。,3,葛藤なし,行動あり,4
2,項目1_このロボットを見て、自分も挑戦しようと思った。,1,このロボットを見て、自分も挑戦しようと思った。,3,葛藤なし,行動あり,5
3,項目1_このロボットを見て、自分も挑戦しようと思った。,1,このロボットを見て、自分も挑戦しようと思った。,3,葛藤なし,行動あり,4
4,項目1_このロボットを見て、自分も挑戦しようと思った。,1,このロボットを見て、自分も挑戦しようと思った。,3,葛藤なし,行動あり,5
5,項目1_このロボットを見て、自分も挑戦しようと思った。,1,このロボットを見て、自分も挑戦しようと思った。,3,葛藤なし,行動あり,5
6,項目1_このロボットを見て、自分も挑戦しようと思った。,1,このロボットを見て、自分も挑戦しようと思った。,3,葛藤なし,行動あり,5
7,項目1_このロボットを見て、自分も挑戦しようと思った。,1,このロボットを見て、自分も挑戦しようと思った。,3,葛藤なし,行動あり,2
8,項目1_このロボットを見て、自分も挑戦しようと思った。,1,このロボットを見て、自分も挑戦しようと思った。,3,葛藤なし,行動あり,3
9,項目1_このロボットを見て、自分も挑戦しようと思った。,1,このロボットを見て、自分も挑戦しようと思った。,3,葛藤なし,行動あり,5
10,項目1_このロボットを見て、自分も挑戦しようと思った。,1,このロボットを見て、自分も挑戦しようと思った。,3,葛藤なし,行動あり,2
11,項目1_このロボットを見て、自分も挑戦しようと思った。,1,このロボットを見て、自分も挑戦しようと思った。,3,葛藤なし,行動あり,7
12,項目1_このロボットを見て、自分も挑戦しようと思った。,1,このロボットを見て、自分も挑戦しようと思った。,3,葛藤なし,行動あり,5
13,項目1_このロボットを見て、自分も挑戦しようと思った。,1,このロボットを見て、自分も挑戦しようと思った。,3,葛藤なし,行動あり,4
14,項目1_このロボットを見て、自分も挑戦しようと思った。,1,このロボットを見て、自分も挑戦しようと思った。,3,葛藤なし,行動あり,6
15,項目1_このロボットを見て、自分も挑戦しようと思った。,1,このロボットを見て、自分も挑戦しようと思った。,3,葛藤なし,行動あり,2
16,項目1_このロボットを見て、自分も挑戦しようと思った。,1,このロボットを見て、自分も挑戦しようと思った。,3,葛藤なし,行動あり,7
17,項目1_このロボットを見て、自分も挑戦しようと思った。,1,このロボットを見て、自分も挑戦しようと思った。,3,葛藤なし,行動あり,5
18,項目1_このロボットを見て、自分も挑戦しようと思った。,1,このロボットを見て、自分も挑戦しようと思った。,3,葛藤なし,行動あり,3
19,項目1_このロボットを見て、自分も挑戦しようと思った。,1,このロボットを見て、自分も挑戦しようと思った。,3,葛藤なし,行動あり,4
20,項目1_このロボットを見て、自分も挑戦しようと思った。,1,このロボットを見て、自分も挑戦しようと思った。,3,葛藤なし,行動あり,5
21,項目1_このロボットを見て、自分も挑戦しようと思った。,1,このロボットを見て、自分も挑戦しようと思った。,3,葛藤なし,行動あり,3
22,項目1_このロボットを見て、自分も挑戦しようと思った。,1,このロボットを見て、自分も挑戦しようと思った。,3,葛藤なし,行動あり,4
23,項目1_このロボットを見て、自分も挑戦しようと思った。,1,このロボットを見て、自分も挑戦しようと思った。,3,葛藤なし,行動あり,5
24,項目1_このロボットを見て、自分も挑戦しようと思った。,1,このロボットを見て、自分も挑戦しようと思った。,3,葛藤なし,行動あり,3
25,項目1_このロボットを見て、自分も挑戦しようと思った。,1,このロボットを見て、自分も挑戦しようと思った。,3,葛藤なし,行動あり,5
26,項目1_このロボットを見て、自分も挑戦しようと思った。,1,このロボットを見て、自分も挑戦しようと思った。,3,葛藤なし,行動あり,4
27,項目1_このロボットを見て、自分も挑戦しようと思った。,1,このロボットを見て、自分も挑戦しようと思った。,3,葛藤なし,行動あり,2
28,項目1_このロボットを見て、自分も挑戦しようと思った。,1,このロボットを見て、自分も挑戦しようと思った。,3,葛藤なし,行動あり,1
29,項目1_このロボットを見て、自分も挑戦しようと思った。,1,このロボットを見て、自分も挑戦しようと思った。,3,葛藤なし,行動あり,4
30,項目1_このロボットを見て、自分も挑戦しようと思った。,1,このロボットを見て、自分も挑戦しようと思った。,3,葛藤なし,行動あり,5
31,項目1_このロボットを見て、自分も挑戦しようと思った。,1,このロボットを見て、自分も挑戦しようと思った。,3,葛藤なし,行動あり,3
32,項目1_このロボットを見て、自分も挑戦しようと思った。,1,このロボットを見て、自分も挑戦しようと思った。,3,葛藤なし,行動あり,6
33,項目1_このロボットを見て、自分も挑戦しようと思った。,1,このロボットを見て、自分も挑戦しようと思った。,3,葛藤なし,行動あり,6
34,項目1_このロボットを見て、自分も挑戦しようと思った。,1,このロボットを見て、自分も挑戦しようと思った。,3,葛藤なし,行動あり,6
35,項目1_このロボットを見て、自分も挑戦しようと思った。,1,このロボットを見て、自分も挑戦しようと思った。,3,葛藤なし,行動あり,5
36,項目1_このロボットを見て、自分も挑戦しようと思った。,1,このロボットを見て、自分も挑戦しようと思った。,3,葛藤なし,行動あり,2
37,項目1_このロボットを見て、自分も挑戦しようと思った。,1,このロボットを見て、自分も挑戦しようと思った。,3,葛藤なし,行動あり,5
38,項目1_このロボットを見て、自分も挑戦しようと思った。,1,このロボットを見て、自分も挑戦しようと思った。,3,葛藤なし,行動あり,5
39,項目1_このロボットを見て、自分も挑戦しようと思った。,1,このロボットを見て、自分も挑戦しようと思った。,3,葛藤なし,行動あり,1
40,項目1_このロボットを見て、自分も挑戦しようと思った。,1,このロボットを見て、自分も挑戦しようと思った。,3,葛藤なし,行動あり,3
41,項目1_このロボットを見て、自分も挑戦しようと思った。,1,このロボットを見て、自分も挑戦しようと思った。,3,葛藤なし,行動あり,6
42,項目1_このロボットを見て、自分も挑戦しようと思った。,1,このロボットを見て、自分も挑戦しようと思った。,3,葛藤なし,行動あり,5
43,項目1_このロボットを見て、自分も挑戦しようと思った。,1,このロボットを見て、自分も挑戦しようと思った。,3,葛藤なし,行動あり,2
44,項目1_このロボットを見て、自分も挑戦しようと思った。,1,このロボットを見て、自分も挑戦しようと思った。,3,葛藤なし,行動あり,2
45,項目1_このロボットを見て、自分も挑戦しようと思った。,1,このロボットを見て、自分も挑戦しようと思った。,3,葛藤なし,行動あり,5
46,項目1_このロボットを見て、自分も挑戦しようと思った。,1,このロボットを見て、自分も挑戦しようと思った。,3,葛藤なし,行動あり,3
47,項目1_このロボットを見て、自分も挑戦しようと思った。,1,このロボットを見て、自分も挑戦しようと思った。,3,葛藤なし,行動あり,5
48,項目1_このロボットを見て、自分も挑戦しようと思った。,1,このロボットを見て、自分も挑戦しようと思った。,3,葛藤なし,行動あり,5
49,項目1_このロボットを見て、自分も挑戦しようと思った。,1,このロボットを見て、自分も挑戦しようと思った。,3,葛藤なし,行動あり,3
50,項目1_このロボットを見て、自分も挑戦しようと思った。,1,このロボットを見て、自分も挑戦しようと思った。,3,葛藤なし,行動あり,4
51,項目1_このロボットを見て、自分も挑戦しようと思った。,1,このロボットを見て、自分も挑戦しようと思った。,3,葛藤なし,行動あり,3
52,項目1_このロボットを見て、自分も挑戦しようと思った。,1,このロボットを見て、自分も挑戦しようと思った。,3,葛藤なし,行動あり,4
53,項目1_このロボットを見て、自分も挑戦しようと思った。,1,このロボットを見て、自分も挑戦しようと思った。,3,葛藤なし,行動あり,4
54,項目1_このロボットを見て、自分も挑戦しようと思った。,1,このロボットを見て、自分も挑戦しようと思った。,3,葛藤なし,行動あり,3
55,項目1_このロボットを見て、自分も挑戦しようと思った。,1,このロボットを見て、自分も挑戦しようと思った。,3,葛藤なし,行動あり,5
56,項目1_このロボットを見て、自分も挑戦しようと思った。,1,このロボットを見て、自分も挑戦しようと思った。,3,葛藤なし,行動あり,2
57,項目1_このロボットを見て、自分も挑戦しようと思った。,1,このロボットを見て、自分も挑戦しようと思った。,3,葛藤なし,行動あり,4
58,項目1_このロボットを見て、自分も挑戦しようと思った。,1,このロボットを見て、自分も挑戦しようと思った。,3,葛藤なし,行動あり,3
59,項目1_このロボットを見て、自分も挑戦しようと思った。,1,このロボットを見て、自分も挑戦しようと思った。,3,葛藤なし,行動あり,4
60,項目1_このロボットを見て、自分も挑戦しようと思った。,1,このロボットを見て、自分も挑戦しようと思った。,3,葛藤なし,行動あり,6
61,項目1_このロボットを見て、自分も挑戦しようと思った。,1,このロボットを見て、自分も挑戦しようと思った。,3,葛藤なし,行動あり,4
62,項目1_このロボットを見て、自分も挑戦しようと思った。,1,このロボットを見て、自分も挑戦しようと思った。,3,葛藤なし,行動あり,4
63,項目1_このロボットを見て、自分も挑戦しようと思った。,1,このロボットを見て、自分も挑戦しようと思った。,3,葛藤なし,行動あり,7
64,項目1_このロボットを見て、自分も挑戦しようと思った。,1,このロボットを見て、自分も挑戦しようと思った。,3,葛藤なし,行動あり,5
65,項目1_このロボットを見て、自分も挑戦しようと思った。,1,このロボットを見て、自分も挑戦しようと思った。,3,葛藤なし,行動あり,4
66,項目1_このロボットを見て、自分も挑戦しようと思った。,1,このロボットを見て、自分も挑戦しようと思った。,3,葛藤なし,行動あり,1
67,項目1_このロボットを見て、自分も挑戦しようと思った。,1,このロボットを見て、自分も挑戦しようと思った。,3,葛藤なし,行動あり,2
68,項目1_このロボットを見て、自分も挑戦しようと思った。,1,このロボットを見て、自分も挑戦しようと思った。,3,葛藤なし,行動あり,4
69,項目1_このロボットを見て、自分も挑戦しようと思った。,1,このロボットを見て、自分も挑戦しようと思った。,3,葛藤なし,行動あり,6
70,項目1_このロボットを見て、自分も挑戦しようと思った。,1,このロボットを見て、自分も挑戦しようと思った。,3,葛藤なし,行動あり,2
71,項目1_このロボットを見て、自分も挑戦しようと思った。,1,このロボットを見て、自分も挑戦しようと思った。,3,葛藤なし,行動あり,6
72,項目1_このロボットを見て、自分も挑戦しようと思った。,1,このロボットを見て、自分も挑戦しようと思った。,3,葛藤なし,行動あり,1
73,項目1_このロボットを見て、自分も挑戦しようと思った。,1,このロボットを見て、自分も挑戦しようと思った。,3,葛藤なし,行動あり,3
74,項目1_このロボットを見て、自分も挑戦しようと思った。,1,このロボットを見て、自分も挑戦しようと思った。,3,葛藤なし,行動あり,6
75,項目1_このロボットを見て、自分も挑戦しようと思った。,1,このロボットを見て、自分も挑戦しようと思った。,3,葛藤なし,行動あり,4
76,項目1_このロボットを見て、自分も挑戦しようと思った。,1,このロボットを見て、自分も挑戦しようと思った。,3,葛藤なし,行動あり,5
77,項目1_このロボットを見て、自分も挑戦しようと思った。,1,このロボットを見て、自分も挑戦しようと思った。,3,葛藤なし,行動あり,7
78,項目1_このロボットを見て、自分も挑戦しようと思った。,1,このロボットを見て、自分も挑戦しようと思った。,3,葛藤なし,行動あり,5
79,項目1_このロボットを見て、自分も挑戦しようと思った。,1,このロボットを見て、自分も挑戦しようと思った。,3,葛藤なし,行動あり,5
80,項目1_このロボットを見て、自分も挑戦しようと思った。,1,このロボットを見て、自分も挑戦しようと思った。,3,葛藤なし,行動あり,5
81,項目1_このロボットを見て、自分も挑戦しようと思った。,1,このロボットを見て、自分も挑戦しようと思った。,3,葛藤なし,行動あり,6
82,項目1_このロボットを見て、自分も挑戦しようと思った。,1,このロボットを見て、自分も挑戦しようと思った。,3,葛藤なし,行動あり,5
83,項目1_このロボットを見て、自分も挑戦しようと思った。,1,このロボットを見て、自分も挑戦しようと思った。,3,葛藤なし,行動あり,2
84,項目1_このロボットを見て、自分も挑戦しようと思った。,1,このロボットを見て、自分も挑戦しようと思った。,3,葛藤なし,行動あり,1
85,項目1_このロボットを見て、自分も挑戦しようと思った。,1,このロボットを見て、自分も挑戦しようと思った。,3,葛藤なし,行動あり,3
86,項目1_このロボットを見て、自分も挑戦しようと思った。,1,このロボットを見て、自分も挑戦しようと思った。,3,葛藤なし,行動あり,4
87,項目1_このロボットを見て、自分も挑戦しようと思った。,1,このロボットを見て、自分も挑戦しようと思った。,3,葛藤なし,行動あり,3
88,項目1_このロボットを見て、自分も挑戦しようと思った。,1,このロボットを見て、自分も挑戦しようと思った。,3,葛藤なし,行動あり,5
89,項目1_このロボットを見て、自分も挑戦しようと思った。,1,このロボットを見て、自分も挑戦しようと思った。,3,葛藤なし,行動あり,1
90,項目1_このロボットを見て、自分も挑戦しようと思った。,1,このロボットを見て、自分も挑戦しようと思った。,3,葛藤なし,行動あり,5
91,項目1_このロボットを見て、自分も挑戦しようと思った。,1,このロボットを見て、自分も挑戦しようと思った。,3,葛藤なし,行動あり,7
92,項目1_このロボットを見て、自分も挑戦しようと思った。,1,このロボットを見て、自分も挑戦しようと思った。,3,葛藤なし,行動あり,5
93,項目1_このロボットを見て、自分も挑戦しようと思った。,1,このロボットを見て、自分も挑戦しようと思った。,3,葛藤なし,行動あり,6
94,項目1_このロボットを見て、自分も挑戦しようと思った。,1,このロボットを見て、自分も挑戦しようと思った。,3,葛藤なし,行動あり,2
95,項目1_このロボットを見て、自分も挑戦しようと思った。,1,このロボットを見て、自分も挑戦しようと思った。,3,葛藤なし,行動あり,2
96,項目1_このロボットを見て、自分も挑戦しようと思った。,1,このロボットを見て、自分も挑戦しようと思った。,3,葛藤なし,行動あり,1
97,項目1_このロボットを見て、自分も挑戦しようと思った。,1,このロボットを見て、自分も挑戦しようと思った。,3,葛藤なし,行動あり,5
98,項目1_このロボットを見て、自分も挑戦しようと思った。,1,このロボットを見て、自分も挑戦しようと思った。,3,葛藤なし,行動あり,5
99,項目1_このロボットを見て、自分も挑戦しようと思った。,1,このロボットを見て、自分も挑戦しようと思った。,3,葛藤なし,行動あり,2
100,項目1_このロボットを見て、自分も挑戦しようと思った。,1,このロボットを見て、自分も挑戦しようと思った。,3,葛藤なし,行動あり,2
101,項目1_このロボットを見て、自分も挑戦しようと思った。,1,このロボットを見て、自分も挑戦しようと思った。,3,葛藤なし,行動あり,4
102,項目1_このロボットを見て、自分も挑戦しようと思った。,1,このロボットを見て、自分も挑戦しようと思った。,3,葛藤なし,行動あり,5
103,項目1_このロボットを見て、自分も挑戦しようと思った。,1,このロボットを見て、自分も挑戦しようと思った。,3,葛藤なし,行動あり,5
104,項目1_このロボットを見て、自分も挑戦しようと思った。,1,このロボットを見て、自分も挑戦しようと思った。,3,葛藤なし,行動あり,4
105,項目1_このロボットを見て、自分も挑戦しようと思った。,1,このロボットを見て、自分も挑戦しようと思った。,3,葛藤なし,行動あり,4
106,項目1_このロボットを見て、自分も挑戦しようと思った。,1,このロボットを見て、自分も挑戦しようと思った。,3,葛藤なし,行動あり,6
107,項目1_このロボットを見て、自分も挑戦しようと思った。,1,このロボットを見て、自分も挑戦しようと思った。,3,葛藤なし,行動あり,2
108,項目1_このロボットを見て、自分も挑戦しようと思った。,1,このロボットを見て、自分も挑戦しようと思った。,3,葛藤なし,行動あり,7
109,項目1_このロボットを見て、自分も挑戦しようと思った。,1,このロボットを見て、自分も挑戦しようと思った。,3,葛藤なし,行動あり,3
110,項目1_このロボットを見て、自分も挑戦しようと思った。,1,このロボットを見て、自分も挑戦しようと思った。,3,葛藤なし,行動あり,6
111,項目1_このロボットを見て、自分も挑戦しようと思った。,1,このロボットを見て、自分も挑戦しようと思った。,3,葛藤なし,行動あり,4
112,項目1_このロボットを見て、自分も挑戦しようと思った。,1,このロボットを見て、自分も挑戦しようと思った。,3,葛藤なし,行動あり,4
113,項目1_このロボットを見て、自分も挑戦しようと思った。,1,このロボットを見て、自分も挑戦しようと思った。,3,葛藤なし,行動あり,7
114,項目1_このロボットを見て、自分も挑戦しようと思った。,1,このロボットを見て、自分も挑戦しようと思った。,3,葛藤なし,行動あり,3
115,項目1_このロボットを見て、自分も挑戦しようと思った。,1,このロボットを見て、自分も挑戦しようと思った。,3,葛藤なし,行動あり,3
116,項目1_このロボットを見て、自分も挑戦しようと思った。,1,このロボットを見て、自分も挑戦しようと思った。,3,葛藤なし,行動あり,2
117,項目1_このロボットを見て、自分も挑戦しようと思った。,1,このロボットを見て、自分も挑戦しようと思った。,3,葛藤なし,行動あり,6
118,項目1_このロボットを見て、自分も挑戦しようと思った。,1,このロボットを見て、自分も挑戦しようと思った。,3,葛藤なし,行動あり,4
119,項目1_このロボットを見て、自分も挑戦しようと思った。,1,このロボットを見て、自分も挑戦しようと思った。,3,葛藤なし,行動あり,4
120,項目1_このロボットを見て、自分も挑戦しようと思った。,1,このロボットを見て、自分も挑戦しようと思った。,3,葛藤なし,行動あり,5
121,項目1_このロボットを見て、自分も挑戦しようと思った。,1,このロボットを見て、自分も挑戦しようと思った。,3,葛藤なし,行動あり,6
122,項目1_このロボットを見て、自分も挑戦しようと思った。,1,このロボットを見て、自分も挑戦しようと思った。,3,葛藤なし,行動あり,1
123,項目1_このロボットを見て、自分も挑戦しようと思った。,1,このロボットを見て、自分も挑戦しようと思った。,3,葛藤なし,行動あり,5
124,項目1_このロボットを見て、自分も挑戦しようと思った。,1,このロボットを見て、自分も挑戦しようと思った。,3,葛藤なし,行動あり,2
125,項目1_このロボットを見て、自分も挑戦しようと思った。,1,このロボットを見て、自分も挑戦しようと思った。,3,葛藤なし,行動あり,4
126,項目1_このロボットを見て、自分も挑戦しようと思った。,1,このロボットを見て、自分も挑戦しようと思った。,3,葛藤なし,行動あり,5
1,項目1_このロボットを見て、自分も挑戦しようと思った。,1,このロボットを見て、自分も挑戦しようと思った。,4,葛藤なし,行動なし,3
2,項目1_このロボットを見て、自分も挑戦しようと思った。,1,このロボットを見て、自分も挑戦しようと思った。,4,葛藤なし,行動なし,4
3,項目1_このロボットを見て、自分も挑戦しようと思った。,1,このロボットを見て、自分も挑戦しようと思った。,4,葛藤なし,行動なし,4
4,項目1_このロボットを見て、自分も挑戦しようと思った。,1,このロボットを見て、自分も挑戦しようと思った。,4,葛藤なし,行動なし,5
5,項目1_このロボットを見て、自分も挑戦しようと思った。,1,このロボットを見て、自分も挑戦しようと思った。,4,葛藤なし,行動なし,2
6,項目1_このロボットを見て、自分も挑戦しようと思った。,1,このロボットを見て、自分も挑戦しようと思った。,4,葛藤なし,行動なし,2
7,項目1_このロボットを見て、自分も挑戦しようと思った。,1,このロボットを見て、自分も挑戦しようと思った。,4,葛藤なし,行動なし,1
8,項目1_このロボットを見て、自分も挑戦しようと思った。,1,このロボットを見て、自分も挑戦しようと思った。,4,葛藤なし,行動なし,2
9,項目1_このロボットを見て、自分も挑戦しようと思った。,1,このロボットを見て、自分も挑戦しようと思った。,4,葛藤なし,行動なし,4
10,項目1_このロボットを見て、自分も挑戦しようと思った。,1,このロボットを見て、自分も挑戦しようと思った。,4,葛藤なし,行動なし,2
11,項目1_このロボットを見て、自分も挑戦しようと思った。,1,このロボットを見て、自分も挑戦しようと思った。,4,葛藤なし,行動なし,5
12,項目1_このロボットを見て、自分も挑戦しようと思った。,1,このロボットを見て、自分も挑戦しようと思った。,4,葛藤なし,行動なし,4
13,項目1_このロボットを見て、自分も挑戦しようと思った。,1,このロボットを見て、自分も挑戦しようと思った。,4,葛藤なし,行動なし,3
14,項目1_このロボットを見て、自分も挑戦しようと思った。,1,このロボットを見て、自分も挑戦しようと思った。,4,葛藤なし,行動なし,1
15,項目1_このロボットを見て、自分も挑戦しようと思った。,1,このロボットを見て、自分も挑戦しようと思った。,4,葛藤なし,行動なし,2
16,項目1_このロボットを見て、自分も挑戦しようと思った。,1,このロボットを見て、自分も挑戦しようと思った。,4,葛藤なし,行動なし,6
17,項目1_このロボットを見て、自分も挑戦しようと思った。,1,このロボットを見て、自分も挑戦しようと思った。,4,葛藤なし,行動なし,2
18,項目1_このロボットを見て、自分も挑戦しようと思った。,1,このロボットを見て、自分も挑戦しようと思った。,4,葛藤なし,行動なし,4
19,項目1_このロボットを見て、自分も挑戦しようと思った。,1,このロボットを見て、自分も挑戦しようと思った。,4,葛藤なし,行動なし,1
20,項目1_このロボットを見て、自分も挑戦しようと思った。,1,このロボットを見て、自分も挑戦しようと思った。,4,葛藤なし,行動なし,6
21,項目1_このロボットを見て、自分も挑戦しようと思った。,1,このロボットを見て、自分も挑戦しようと思った。,4,葛藤なし,行動なし,4
22,項目1_このロボットを見て、自分も挑戦しようと思った。,1,このロボットを見て、自分も挑戦しようと思った。,4,葛藤なし,行動なし,2
23,項目1_このロボットを見て、自分も挑戦しようと思った。,1,このロボットを見て、自分も挑戦しようと思った。,4,葛藤なし,行動なし,6
24,項目1_このロボットを見て、自分も挑戦しようと思った。,1,このロボットを見て、自分も挑戦しようと思った。,4,葛藤なし,行動なし,3
25,項目1_このロボットを見て、自分も挑戦しようと思った。,1,このロボットを見て、自分も挑戦しようと思った。,4,葛藤なし,行動なし,1
26,項目1_このロボットを見て、自分も挑戦しようと思った。,1,このロボットを見て、自分も挑戦しようと思った。,4,葛藤なし,行動なし,3
27,項目1_このロボットを見て、自分も挑戦しようと思った。,1,このロボットを見て、自分も挑戦しようと思った。,4,葛藤なし,行動なし,1
28,項目1_このロボットを見て、自分も挑戦しようと思った。,1,このロボットを見て、自分も挑戦しようと思った。,4,葛藤なし,行動なし,1
29,項目1_このロボットを見て、自分も挑戦しようと思った。,1,このロボットを見て、自分も挑戦しようと思った。,4,葛藤なし,行動なし,4
30,項目1_このロボットを見て、自分も挑戦しようと思った。,1,このロボットを見て、自分も挑戦しようと思った。,4,葛藤なし,行動なし,5
31,項目1_このロボットを見て、自分も挑戦しようと思った。,1,このロボットを見て、自分も挑戦しようと思った。,4,葛藤なし,行動なし,3
32,項目1_このロボットを見て、自分も挑戦しようと思った。,1,このロボットを見て、自分も挑戦しようと思った。,4,葛藤なし,行動なし,6
33,項目1_このロボットを見て、自分も挑戦しようと思った。,1,このロボットを見て、自分も挑戦しようと思った。,4,葛藤なし,行動なし,1
34,項目1_このロボットを見て、自分も挑戦しようと思った。,1,このロボットを見て、自分も挑戦しようと思った。,4,葛藤なし,行動なし,7
35,項目1_このロボットを見て、自分も挑戦しようと思った。,1,このロボットを見て、自分も挑戦しようと思った。,4,葛藤なし,行動なし,5
36,項目1_このロボットを見て、自分も挑戦しようと思った。,1,このロボットを見て、自分も挑戦しようと思った。,4,葛藤なし,行動なし,2
37,項目1_このロボットを見て、自分も挑戦しようと思った。,1,このロボットを見て、自分も挑戦しようと思った。,4,葛藤なし,行動なし,2
38,項目1_このロボットを見て、自分も挑戦しようと思った。,1,このロボットを見て、自分も挑戦しようと思った。,4,葛藤なし,行動なし,2
39,項目1_このロボットを見て、自分も挑戦しようと思った。,1,このロボットを見て、自分も挑戦しようと思った。,4,葛藤なし,行動なし,1
40,項目1_このロボットを見て、自分も挑戦しようと思った。,1,このロボットを見て、自分も挑戦しようと思った。,4,葛藤なし,行動なし,3
41,項目1_このロボットを見て、自分も挑戦しようと思った。,1,このロボットを見て、自分も挑戦しようと思った。,4,葛藤なし,行動なし,4
42,項目1_このロボットを見て、自分も挑戦しようと思った。,1,このロボットを見て、自分も挑戦しようと思った。,4,葛藤なし,行動なし,4
43,項目1_このロボットを見て、自分も挑戦しようと思った。,1,このロボットを見て、自分も挑戦しようと思った。,4,葛藤なし,行動なし,2
44,項目1_このロボットを見て、自分も挑戦しようと思った。,1,このロボットを見て、自分も挑戦しようと思った。,4,葛藤なし,行動なし,1
45,項目1_このロボットを見て、自分も挑戦しようと思った。,1,このロボットを見て、自分も挑戦しようと思った。,4,葛藤なし,行動なし,3
46,項目1_このロボットを見て、自分も挑戦しようと思った。,1,このロボットを見て、自分も挑戦しようと思った。,4,葛藤なし,行動なし,3
47,項目1_このロボットを見て、自分も挑戦しようと思った。,1,このロボットを見て、自分も挑戦しようと思った。,4,葛藤なし,行動なし,1
48,項目1_このロボットを見て、自分も挑戦しようと思った。,1,このロボットを見て、自分も挑戦しようと思った。,4,葛藤なし,行動なし,2
49,項目1_このロボットを見て、自分も挑戦しようと思った。,1,このロボットを見て、自分も挑戦しようと思った。,4,葛藤なし,行動なし,5
50,項目1_このロボットを見て、自分も挑戦しようと思った。,1,このロボットを見て、自分も挑戦しようと思った。,4,葛藤なし,行動なし,4
51,項目1_このロボットを見て、自分も挑戦しようと思った。,1,このロボットを見て、自分も挑戦しようと思った。,4,葛藤なし,行動なし,1
52,項目1_このロボットを見て、自分も挑戦しようと思った。,1,このロボットを見て、自分も挑戦しようと思った。,4,葛藤なし,行動なし,1
53,項目1_このロボットを見て、自分も挑戦しようと思った。,1,このロボットを見て、自分も挑戦しようと思った。,4,葛藤なし,行動なし,3
54,項目1_このロボットを見て、自分も挑戦しようと思った。,1,このロボットを見て、自分も挑戦しようと思った。,4,葛藤なし,行動なし,3
55,項目1_このロボットを見て、自分も挑戦しようと思った。,1,このロボットを見て、自分も挑戦しようと思った。,4,葛藤なし,行動なし,6
56,項目1_このロボットを見て、自分も挑戦しようと思った。,1,このロボットを見て、自分も挑戦しようと思った。,4,葛藤なし,行動なし,2
57,項目1_このロボットを見て、自分も挑戦しようと思った。,1,このロボットを見て、自分も挑戦しようと思った。,4,葛藤なし,行動なし,3
58,項目1_このロボットを見て、自分も挑戦しようと思った。,1,このロボットを見て、自分も挑戦しようと思った。,4,葛藤なし,行動なし,3
59,項目1_このロボットを見て、自分も挑戦しようと思った。,1,このロボットを見て、自分も挑戦しようと思った。,4,葛藤なし,行動なし,1
60,項目1_このロボットを見て、自分も挑戦しようと思った。,1,このロボットを見て、自分も挑戦しようと思った。,4,葛藤なし,行動なし,4
61,項目1_このロボットを見て、自分も挑戦しようと思った。,1,このロボットを見て、自分も挑戦しようと思った。,4,葛藤なし,行動なし,2
62,項目1_このロボットを見て、自分も挑戦しようと思った。,1,このロボットを見て、自分も挑戦しようと思った。,4,葛藤なし,行動なし,4
63,項目1_このロボットを見て、自分も挑戦しようと思った。,1,このロボットを見て、自分も挑戦しようと思った。,4,葛藤なし,行動なし,1
64,項目1_このロボットを見て、自分も挑戦しようと思った。,1,このロボットを見て、自分も挑戦しようと思った。,4,葛藤なし,行動なし,1
65,項目1_このロボットを見て、自分も挑戦しようと思った。,1,このロボットを見て、自分も挑戦しようと思った。,4,葛藤なし,行動なし,2
66,項目1_このロボットを見て、自分も挑戦しようと思った。,1,このロボットを見て、自分も挑戦しようと思った。,4,葛藤なし,行動なし,4
67,項目1_このロボットを見て、自分も挑戦しようと思った。,1,このロボットを見て、自分も挑戦しようと思った。,4,葛藤なし,行動なし,2
68,項目1_このロボットを見て、自分も挑戦しようと思った。,1,このロボットを見て、自分も挑戦しようと思った。,4,葛藤なし,行動なし,1
69,項目1_このロボットを見て、自分も挑戦しようと思った。,1,このロボットを見て、自分も挑戦しようと思った。,4,葛藤なし,行動なし,4
70,項目1_このロボットを見て、自分も挑戦しようと思った。,1,このロボットを見て、自分も挑戦しようと思った。,4,葛藤なし,行動なし,2
71,項目1_このロボットを見て、自分も挑戦しようと思った。,1,このロボットを見て、自分も挑戦しようと思った。,4,葛藤なし,行動なし,1
72,項目1_このロボットを見て、自分も挑戦しようと思った。,1,このロボットを見て、自分も挑戦しようと思った。,4,葛藤なし,行動なし,1
73,項目1_このロボットを見て、自分も挑戦しようと思った。,1,このロボットを見て、自分も挑戦しようと思った。,4,葛藤なし,行動なし,3
74,項目1_このロボットを見て、自分も挑戦しようと思った。,1,このロボットを見て、自分も挑戦しようと思った。,4,葛藤なし,行動なし,1
75,項目1_このロボットを見て、自分も挑戦しようと思った。,1,このロボットを見て、自分も挑戦しようと思った。,4,葛藤なし,行動なし,2
76,項目1_このロボットを見て、自分も挑戦しようと思った。,1,このロボットを見て、自分も挑戦しようと思った。,4,葛藤なし,行動なし,6
77,項目1_このロボットを見て、自分も挑戦しようと思った。,1,このロボットを見て、自分も挑戦しようと思った。,4,葛藤なし,行動なし,1
78,項目1_このロボットを見て、自分も挑戦しようと思った。,1,このロボットを見て、自分も挑戦しようと思った。,4,葛藤なし,行動なし,2
79,項目1_このロボットを見て、自分も挑戦しようと思った。,1,このロボットを見て、自分も挑戦しようと思った。,4,葛藤なし,行動なし,1
80,項目1_このロボットを見て、自分も挑戦しようと思った。,1,このロボットを見て、自分も挑戦しようと思った。,4,葛藤なし,行動なし,2
81,項目1_このロボットを見て、自分も挑戦しようと思った。,1,このロボットを見て、自分も挑戦しようと思った。,4,葛藤なし,行動なし,3
82,項目1_このロボットを見て、自分も挑戦しようと思った。,1,このロボットを見て、自分も挑戦しようと思った。,4,葛藤なし,行動なし,5
83,項目1_このロボットを見て、自分も挑戦しようと思った。,1,このロボットを見て、自分も挑戦しようと思った。,4,葛藤なし,行動なし,1
84,項目1_このロボットを見て、自分も挑戦しようと思った。,1,このロボットを見て、自分も挑戦しようと思った。,4,葛藤なし,行動なし,1
85,項目1_このロボットを見て、自分も挑戦しようと思った。,1,このロボットを見て、自分も挑戦しようと思った。,4,葛藤なし,行動なし,2
86,項目1_このロボットを見て、自分も挑戦しようと思った。,1,このロボットを見て、自分も挑戦しようと思った。,4,葛藤なし,行動なし,4
87,項目1_このロボットを見て、自分も挑戦しようと思った。,1,このロボットを見て、自分も挑戦しようと思った。,4,葛藤なし,行動なし,3
88,項目1_このロボットを見て、自分も挑戦しようと思った。,1,このロボットを見て、自分も挑戦しようと思った。,4,葛藤なし,行動なし,1
89,項目1_このロボットを見て、自分も挑戦しようと思った。,1,このロボットを見て、自分も挑戦しようと思った。,4,葛藤なし,行動なし,1
90,項目1_このロボットを見て、自分も挑戦しようと思った。,1,このロボットを見て、自分も挑戦しようと思った。,4,葛藤なし,行動なし,2
91,項目1_このロボットを見て、自分も挑戦しようと思った。,1,このロボットを見て、自分も挑戦しようと思った。,4,葛藤なし,行動なし,4
92,項目1_このロボットを見て、自分も挑戦しようと思った。,1,このロボットを見て、自分も挑戦しようと思った。,4,葛藤なし,行動なし,1
93,項目1_このロボットを見て、自分も挑戦しようと思った。,1,このロボットを見て、自分も挑戦しようと思った。,4,葛藤なし,行動なし,4
94,項目1_このロボットを見て、自分も挑戦しようと思った。,1,このロボットを見て、自分も挑戦しようと思った。,4,葛藤なし,行動なし,1
95,項目1_このロボットを見て、自分も挑戦しようと思った。,1,このロボットを見て、自分も挑戦しようと思った。,4,葛藤なし,行動なし,6
96,項目1_このロボットを見て、自分も挑戦しようと思った。,1,このロボットを見て、自分も挑戦しようと思った。,4,葛藤なし,行動なし,1
97,項目1_このロボットを見て、自分も挑戦しようと思った。,1,このロボットを見て、自分も挑戦しようと思った。,4,葛藤なし,行動なし,2
98,項目1_このロボットを見て、自分も挑戦しようと思った。,1,このロボットを見て、自分も挑戦しようと思った。,4,葛藤なし,行動なし,2
99,項目1_このロボットを見て、自分も挑戦しようと思った。,1,このロボットを見て、自分も挑戦しようと思った。,4,葛藤なし,行動なし,1
100,項目1_このロボットを見て、自分も挑戦しようと思った。,1,このロボットを見て、自分も挑戦しようと思った。,4,葛藤なし,行動なし,1
101,項目1_このロボットを見て、自分も挑戦しようと思った。,1,このロボットを見て、自分も挑戦しようと思った。,4,葛藤なし,行動なし,5
102,項目1_このロボットを見て、自分も挑戦しようと思った。,1,このロボットを見て、自分も挑戦しようと思った。,4,葛藤なし,行動なし,5
103,項目1_このロボットを見て、自分も挑戦しようと思った。,1,このロボットを見て、自分も挑戦しようと思った。,4,葛藤なし,行動なし,3
104,項目1_このロボットを見て、自分も挑戦しようと思った。,1,このロボットを見て、自分も挑戦しようと思った。,4,葛藤なし,行動なし,4
105,項目1_このロボットを見て、自分も挑戦しようと思った。,1,このロボットを見て、自分も挑戦しようと思った。,4,葛藤なし,行動なし,4
106,項目1_このロボットを見て、自分も挑戦しようと思った。,1,このロボットを見て、自分も挑戦しようと思った。,4,葛藤なし,行動なし,3
107,項目1_このロボットを見て、自分も挑戦しようと思った。,1,このロボットを見て、自分も挑戦しようと思った。,4,葛藤なし,行動なし,2
108,項目1_このロボットを見て、自分も挑戦しようと思った。,1,このロボットを見て、自分も挑戦しようと思った。,4,葛藤なし,行動なし,1
109,項目1_このロボットを見て、自分も挑戦しようと思った。,1,このロボットを見て、自分も挑戦しようと思った。,4,葛藤なし,行動なし,2
110,項目1_このロボットを見て、自分も挑戦しようと思った。,1,このロボットを見て、自分も挑戦しようと思った。,4,葛藤なし,行動なし,4
111,項目1_このロボットを見て、自分も挑戦しようと思った。,1,このロボットを見て、自分も挑戦しようと思った。,4,葛藤なし,行動なし,2
112,項目1_このロボットを見て、自分も挑戦しようと思った。,1,このロボットを見て、自分も挑戦しようと思った。,4,葛藤なし,行動なし,4
113,項目1_このロボットを見て、自分も挑戦しようと思った。,1,このロボットを見て、自分も挑戦しようと思った。,4,葛藤なし,行動なし,7
114,項目1_このロボットを見て、自分も挑戦しようと思った。,1,このロボットを見て、自分も挑戦しようと思った。,4,葛藤なし,行動なし,3
115,項目1_このロボットを見て、自分も挑戦しようと思った。,1,このロボットを見て、自分も挑戦しようと思った。,4,葛藤なし,行動なし,5
116,項目1_このロボットを見て、自分も挑戦しようと思った。,1,このロボットを見て、自分も挑戦しようと思った。,4,葛藤なし,行動なし,1
117,項目1_このロボットを見て、自分も挑戦しようと思った。,1,このロボットを見て、自分も挑戦しようと思った。,4,葛藤なし,行動なし,2
118,項目1_このロボットを見て、自分も挑戦しようと思った。,1,このロボットを見て、自分も挑戦しようと思った。,4,葛藤なし,行動なし,4
119,項目1_このロボットを見て、自分も挑戦しようと思った。,1,このロボットを見て、自分も挑戦しようと思った。,4,葛藤なし,行動なし,2
120,項目1_このロボットを見て、自分も挑戦しようと思った。,1,このロボットを見て、自分も挑戦しようと思った。,4,葛藤なし,行動なし,5
121,項目1_このロボットを見て、自分も挑戦しようと思った。,1,このロボットを見て、自分も挑戦しようと思った。,4,葛藤なし,行動なし,1
122,項目1_このロボットを見て、自分も挑戦しようと思った。,1,このロボットを見て、自分も挑戦しようと思った。,4,葛藤なし,行動なし,2
123,項目1_このロボットを見て、自分も挑戦しようと思った。,1,このロボットを見て、自分も挑戦しようと思った。,4,葛藤なし,行動なし,5
124,項目1_このロボットを見て、自分も挑戦しようと思った。,1,このロボットを見て、自分も挑戦しようと思った。,4,葛藤なし,行動なし,4
125,項目1_このロボットを見て、自分も挑戦しようと思った。,1,このロボットを見て、自分も挑戦しようと思った。,4,葛藤なし,行動なし,4
126,項目1_このロボットを見て、自分も挑戦しようと思った。,1,このロボットを見て、自分も挑戦しようと思った。,4,葛藤なし,行動なし,5
1,項目2_このロボットを見た後に、難しいことにも一歩踏み出せそうだと感じた。,2,このロボットを見た後に、難しいことにも一歩踏み出せそうだと感じた。,1,葛藤あり,行動あり,4
2,項目2_このロボットを見た後に、難しいことにも一歩踏み出せそうだと感じた。,2,このロボットを見た後に、難しいことにも一歩踏み出せそうだと感じた。,1,葛藤あり,行動あり,5
3,項目2_このロボットを見た後に、難しいことにも一歩踏み出せそうだと感じた。,2,このロボットを見た後に、難しいことにも一歩踏み出せそうだと感じた。,1,葛藤あり,行動あり,4
4,項目2_このロボットを見た後に、難しいことにも一歩踏み出せそうだと感じた。,2,このロボットを見た後に、難しいことにも一歩踏み出せそうだと感じた。,1,葛藤あり,行動あり,5
5,項目2_このロボットを見た後に、難しいことにも一歩踏み出せそうだと感じた。,2,このロボットを見た後に、難しいことにも一歩踏み出せそうだと感じた。,1,葛藤あり,行動あり,4
6,項目2_このロボットを見た後に、難しいことにも一歩踏み出せそうだと感じた。,2,このロボットを見た後に、難しいことにも一歩踏み出せそうだと感じた。,1,葛藤あり,行動あり,5
7,項目2_このロボットを見た後に、難しいことにも一歩踏み出せそうだと感じた。,2,このロボットを見た後に、難しいことにも一歩踏み出せそうだと感じた。,1,葛藤あり,行動あり,5
8,項目2_このロボットを見た後に、難しいことにも一歩踏み出せそうだと感じた。,2,このロボットを見た後に、難しいことにも一歩踏み出せそうだと感じた。,1,葛藤あり,行動あり,2
9,項目2_このロボットを見た後に、難しいことにも一歩踏み出せそうだと感じた。,2,このロボットを見た後に、難しいことにも一歩踏み出せそうだと感じた。,1,葛藤あり,行動あり,5
10,項目2_このロボットを見た後に、難しいことにも一歩踏み出せそうだと感じた。,2,このロボットを見た後に、難しいことにも一歩踏み出せそうだと感じた。,1,葛藤あり,行動あり,3
11,項目2_このロボットを見た後に、難しいことにも一歩踏み出せそうだと感じた。,2,このロボットを見た後に、難しいことにも一歩踏み出せそうだと感じた。,1,葛藤あり,行動あり,3
12,項目2_このロボットを見た後に、難しいことにも一歩踏み出せそうだと感じた。,2,このロボットを見た後に、難しいことにも一歩踏み出せそうだと感じた。,1,葛藤あり,行動あり,5
13,項目2_このロボットを見た後に、難しいことにも一歩踏み出せそうだと感じた。,2,このロボットを見た後に、難しいことにも一歩踏み出せそうだと感じた。,1,葛藤あり,行動あり,4
14,項目2_このロボットを見た後に、難しいことにも一歩踏み出せそうだと感じた。,2,このロボットを見た後に、難しいことにも一歩踏み出せそうだと感じた。,1,葛藤あり,行動あり,3
15,項目2_このロボットを見た後に、難しいことにも一歩踏み出せそうだと感じた。,2,このロボットを見た後に、難しいことにも一歩踏み出せそうだと感じた。,1,葛藤あり,行動あり,2
16,項目2_このロボットを見た後に、難しいことにも一歩踏み出せそうだと感じた。,2,このロボットを見た後に、難しいことにも一歩踏み出せそうだと感じた。,1,葛藤あり,行動あり,4
17,項目2_このロボットを見た後に、難しいことにも一歩踏み出せそうだと感じた。,2,このロボットを見た後に、難しいことにも一歩踏み出せそうだと感じた。,1,葛藤あり,行動あり,4
18,項目2_このロボットを見た後に、難しいことにも一歩踏み出せそうだと感じた。,2,このロボットを見た後に、難しいことにも一歩踏み出せそうだと感じた。,1,葛藤あり,行動あり,4
19,項目2_このロボットを見た後に、難しいことにも一歩踏み出せそうだと感じた。,2,このロボットを見た後に、難しいことにも一歩踏み出せそうだと感じた。,1,葛藤あり,行動あり,4
20,項目2_このロボットを見た後に、難しいことにも一歩踏み出せそうだと感じた。,2,このロボットを見た後に、難しいことにも一歩踏み出せそうだと感じた。,1,葛藤あり,行動あり,5
21,項目2_このロボットを見た後に、難しいことにも一歩踏み出せそうだと感じた。,2,このロボットを見た後に、難しいことにも一歩踏み出せそうだと感じた。,1,葛藤あり,行動あり,4
22,項目2_このロボットを見た後に、難しいことにも一歩踏み出せそうだと感じた。,2,このロボットを見た後に、難しいことにも一歩踏み出せそうだと感じた。,1,葛藤あり,行動あり,2
23,項目2_このロボットを見た後に、難しいことにも一歩踏み出せそうだと感じた。,2,このロボットを見た後に、難しいことにも一歩踏み出せそうだと感じた。,1,葛藤あり,行動あり,3
24,項目2_このロボットを見た後に、難しいことにも一歩踏み出せそうだと感じた。,2,このロボットを見た後に、難しいことにも一歩踏み出せそうだと感じた。,1,葛藤あり,行動あり,2
25,項目2_このロボットを見た後に、難しいことにも一歩踏み出せそうだと感じた。,2,このロボットを見た後に、難しいことにも一歩踏み出せそうだと感じた。,1,葛藤あり,行動あり,5
26,項目2_このロボットを見た後に、難しいことにも一歩踏み出せそうだと感じた。,2,このロボットを見た後に、難しいことにも一歩踏み出せそうだと感じた。,1,葛藤あり,行動あり,3
27,項目2_このロボットを見た後に、難しいことにも一歩踏み出せそうだと感じた。,2,このロボットを見た後に、難しいことにも一歩踏み出せそうだと感じた。,1,葛藤あり,行動あり,3
28,項目2_このロボットを見た後に、難しいことにも一歩踏み出せそうだと感じた。,2,このロボットを見た後に、難しいことにも一歩踏み出せそうだと感じた。,1,葛藤あり,行動あり,1
29,項目2_このロボットを見た後に、難しいことにも一歩踏み出せそうだと感じた。,2,このロボットを見た後に、難しいことにも一歩踏み出せそうだと感じた。,1,葛藤あり,行動あり,4
30,項目2_このロボットを見た後に、難しいことにも一歩踏み出せそうだと感じた。,2,このロボットを見た後に、難しいことにも一歩踏み出せそうだと感じた。,1,葛藤あり,行動あり,5
31,項目2_このロボットを見た後に、難しいことにも一歩踏み出せそうだと感じた。,2,このロボットを見た後に、難しいことにも一歩踏み出せそうだと感じた。,1,葛藤あり,行動あり,3
32,項目2_このロボットを見た後に、難しいことにも一歩踏み出せそうだと感じた。,2,このロボットを見た後に、難しいことにも一歩踏み出せそうだと感じた。,1,葛藤あり,行動あり,5
33,項目2_このロボットを見た後に、難しいことにも一歩踏み出せそうだと感じた。,2,このロボットを見た後に、難しいことにも一歩踏み出せそうだと感じた。,1,葛藤あり,行動あり,4
34,項目2_このロボットを見た後に、難しいことにも一歩踏み出せそうだと感じた。,2,このロボットを見た後に、難しいことにも一歩踏み出せそうだと感じた。,1,葛藤あり,行動あり,6
35,項目2_このロボットを見た後に、難しいことにも一歩踏み出せそうだと感じた。,2,このロボットを見た後に、難しいことにも一歩踏み出せそうだと感じた。,1,葛藤あり,行動あり,5
36,項目2_このロボットを見た後に、難しいことにも一歩踏み出せそうだと感じた。,2,このロボットを見た後に、難しいことにも一歩踏み出せそうだと感じた。,1,葛藤あり,行動あり,2
37,項目2_このロボットを見た後に、難しいことにも一歩踏み出せそうだと感じた。,2,このロボットを見た後に、難しいことにも一歩踏み出せそうだと感じた。,1,葛藤あり,行動あり,2
38,項目2_このロボットを見た後に、難しいことにも一歩踏み出せそうだと感じた。,2,このロボットを見た後に、難しいことにも一歩踏み出せそうだと感じた。,1,葛藤あり,行動あり,5
39,項目2_このロボットを見た後に、難しいことにも一歩踏み出せそうだと感じた。,2,このロボットを見た後に、難しいことにも一歩踏み出せそうだと感じた。,1,葛藤あり,行動あり,2
40,項目2_このロボットを見た後に、難しいことにも一歩踏み出せそうだと感じた。,2,このロボットを見た後に、難しいことにも一歩踏み出せそうだと感じた。,1,葛藤あり,行動あり,3
41,項目2_このロボットを見た後に、難しいことにも一歩踏み出せそうだと感じた。,2,このロボットを見た後に、難しいことにも一歩踏み出せそうだと感じた。,1,葛藤あり,行動あり,4
42,項目2_このロボットを見た後に、難しいことにも一歩踏み出せそうだと感じた。,2,このロボットを見た後に、難しいことにも一歩踏み出せそうだと感じた。,1,葛藤あり,行動あり,5
43,項目2_このロボットを見た後に、難しいことにも一歩踏み出せそうだと感じた。,2,このロボットを見た後に、難しいことにも一歩踏み出せそうだと感じた。,1,葛藤あり,行動あり,2
44,項目2_このロボットを見た後に、難しいことにも一歩踏み出せそうだと感じた。,2,このロボットを見た後に、難しいことにも一歩踏み出せそうだと感じた。,1,葛藤あり,行動あり,3
45,項目2_このロボットを見た後に、難しいことにも一歩踏み出せそうだと感じた。,2,このロボットを見た後に、難しいことにも一歩踏み出せそうだと感じた。,1,葛藤あり,行動あり,5
46,項目2_このロボットを見た後に、難しいことにも一歩踏み出せそうだと感じた。,2,このロボットを見た後に、難しいことにも一歩踏み出せそうだと感じた。,1,葛藤あり,行動あり,2
47,項目2_このロボットを見た後に、難しいことにも一歩踏み出せそうだと感じた。,2,このロボットを見た後に、難しいことにも一歩踏み出せそうだと感じた。,1,葛藤あり,行動あり,3
48,項目2_このロボットを見た後に、難しいことにも一歩踏み出せそうだと感じた。,2,このロボットを見た後に、難しいことにも一歩踏み出せそうだと感じた。,1,葛藤あり,行動あり,5
49,項目2_このロボットを見た後に、難しいことにも一歩踏み出せそうだと感じた。,2,このロボットを見た後に、難しいことにも一歩踏み出せそうだと感じた。,1,葛藤あり,行動あり,3
50,項目2_このロボットを見た後に、難しいことにも一歩踏み出せそうだと感じた。,2,このロボットを見た後に、難しいことにも一歩踏み出せそうだと感じた。,1,葛藤あり,行動あり,3
51,項目2_このロボットを見た後に、難しいことにも一歩踏み出せそうだと感じた。,2,このロボットを見た後に、難しいことにも一歩踏み出せそうだと感じた。,1,葛藤あり,行動あり,4
52,項目2_このロボットを見た後に、難しいことにも一歩踏み出せそうだと感じた。,2,このロボットを見た後に、難しいことにも一歩踏み出せそうだと感じた。,1,葛藤あり,行動あり,3
53,項目2_このロボットを見た後に、難しいことにも一歩踏み出せそうだと感じた。,2,このロボットを見た後に、難しいことにも一歩踏み出せそうだと感じた。,1,葛藤あり,行動あり,4
54,項目2_このロボットを見た後に、難しいことにも一歩踏み出せそうだと感じた。,2,このロボットを見た後に、難しいことにも一歩踏み出せそうだと感じた。,1,葛藤あり,行動あり,4
55,項目2_このロボットを見た後に、難しいことにも一歩踏み出せそうだと感じた。,2,このロボットを見た後に、難しいことにも一歩踏み出せそうだと感じた。,1,葛藤あり,行動あり,5
56,項目2_このロボットを見た後に、難しいことにも一歩踏み出せそうだと感じた。,2,このロボットを見た後に、難しいことにも一歩踏み出せそうだと感じた。,1,葛藤あり,行動あり,3
57,項目2_このロボットを見た後に、難しいことにも一歩踏み出せそうだと感じた。,2,このロボットを見た後に、難しいことにも一歩踏み出せそうだと感じた。,1,葛藤あり,行動あり,4
58,項目2_このロボットを見た後に、難しいことにも一歩踏み出せそうだと感じた。,2,このロボットを見た後に、難しいことにも一歩踏み出せそうだと感じた。,1,葛藤あり,行動あり,5
59,項目2_このロボットを見た後に、難しいことにも一歩踏み出せそうだと感じた。,2,このロボットを見た後に、難しいことにも一歩踏み出せそうだと感じた。,1,葛藤あり,行動あり,4
60,項目2_このロボットを見た後に、難しいことにも一歩踏み出せそうだと感じた。,2,このロボットを見た後に、難しいことにも一歩踏み出せそうだと感じた。,1,葛藤あり,行動あり,6
61,項目2_このロボットを見た後に、難しいことにも一歩踏み出せそうだと感じた。,2,このロボットを見た後に、難しいことにも一歩踏み出せそうだと感じた。,1,葛藤あり,行動あり,4
62,項目2_このロボットを見た後に、難しいことにも一歩踏み出せそうだと感じた。,2,このロボットを見た後に、難しいことにも一歩踏み出せそうだと感じた。,1,葛藤あり,行動あり,2
63,項目2_このロボットを見た後に、難しいことにも一歩踏み出せそうだと感じた。,2,このロボットを見た後に、難しいことにも一歩踏み出せそうだと感じた。,1,葛藤あり,行動あり,7
64,項目2_このロボットを見た後に、難しいことにも一歩踏み出せそうだと感じた。,2,このロボットを見た後に、難しいことにも一歩踏み出せそうだと感じた。,1,葛藤あり,行動あり,6
65,項目2_このロボットを見た後に、難しいことにも一歩踏み出せそうだと感じた。,2,このロボットを見た後に、難しいことにも一歩踏み出せそうだと感じた。,1,葛藤あり,行動あり,4
66,項目2_このロボットを見た後に、難しいことにも一歩踏み出せそうだと感じた。,2,このロボットを見た後に、難しいことにも一歩踏み出せそうだと感じた。,1,葛藤あり,行動あり,2
67,項目2_このロボットを見た後に、難しいことにも一歩踏み出せそうだと感じた。,2,このロボットを見た後に、難しいことにも一歩踏み出せそうだと感じた。,1,葛藤あり,行動あり,2
68,項目2_このロボットを見た後に、難しいことにも一歩踏み出せそうだと感じた。,2,このロボットを見た後に、難しいことにも一歩踏み出せそうだと感じた。,1,葛藤あり,行動あり,2
69,項目2_このロボットを見た後に、難しいことにも一歩踏み出せそうだと感じた。,2,このロボットを見た後に、難しいことにも一歩踏み出せそうだと感じた。,1,葛藤あり,行動あり,6
70,項目2_このロボットを見た後に、難しいことにも一歩踏み出せそうだと感じた。,2,このロボットを見た後に、難しいことにも一歩踏み出せそうだと感じた。,1,葛藤あり,行動あり,5
71,項目2_このロボットを見た後に、難しいことにも一歩踏み出せそうだと感じた。,2,このロボットを見た後に、難しいことにも一歩踏み出せそうだと感じた。,1,葛藤あり,行動あり,2
72,項目2_このロボットを見た後に、難しいことにも一歩踏み出せそうだと感じた。,2,このロボットを見た後に、難しいことにも一歩踏み出せそうだと感じた。,1,葛藤あり,行動あり,1
73,項目2_このロボットを見た後に、難しいことにも一歩踏み出せそうだと感じた。,2,このロボットを見た後に、難しいことにも一歩踏み出せそうだと感じた。,1,葛藤あり,行動あり,4
74,項目2_このロボットを見た後に、難しいことにも一歩踏み出せそうだと感じた。,2,このロボットを見た後に、難しいことにも一歩踏み出せそうだと感じた。,1,葛藤あり,行動あり,5
75,項目2_このロボットを見た後に、難しいことにも一歩踏み出せそうだと感じた。,2,このロボットを見た後に、難しいことにも一歩踏み出せそうだと感じた。,1,葛藤あり,行動あり,3
76,項目2_このロボットを見た後に、難しいことにも一歩踏み出せそうだと感じた。,2,このロボットを見た後に、難しいことにも一歩踏み出せそうだと感じた。,1,葛藤あり,行動あり,4
77,項目2_このロボットを見た後に、難しいことにも一歩踏み出せそうだと感じた。,2,このロボットを見た後に、難しいことにも一歩踏み出せそうだと感じた。,1,葛藤あり,行動あり,3
78,項目2_このロボットを見た後に、難しいことにも一歩踏み出せそうだと感じた。,2,このロボットを見た後に、難しいことにも一歩踏み出せそうだと感じた。,1,葛藤あり,行動あり,4
79,項目2_このロボットを見た後に、難しいことにも一歩踏み出せそうだと感じた。,2,このロボットを見た後に、難しいことにも一歩踏み出せそうだと感じた。,1,葛藤あり,行動あり,5
80,項目2_このロボットを見た後に、難しいことにも一歩踏み出せそうだと感じた。,2,このロボットを見た後に、難しいことにも一歩踏み出せそうだと感じた。,1,葛藤あり,行動あり,3
81,項目2_このロボットを見た後に、難しいことにも一歩踏み出せそうだと感じた。,2,このロボットを見た後に、難しいことにも一歩踏み出せそうだと感じた。,1,葛藤あり,行動あり,5
82,項目2_このロボットを見た後に、難しいことにも一歩踏み出せそうだと感じた。,2,このロボットを見た後に、難しいことにも一歩踏み出せそうだと感じた。,1,葛藤あり,行動あり,5
83,項目2_このロボットを見た後に、難しいことにも一歩踏み出せそうだと感じた。,2,このロボットを見た後に、難しいことにも一歩踏み出せそうだと感じた。,1,葛藤あり,行動あり,4
84,項目2_このロボットを見た後に、難しいことにも一歩踏み出せそうだと感じた。,2,このロボットを見た後に、難しいことにも一歩踏み出せそうだと感じた。,1,葛藤あり,行動あり,1
85,項目2_このロボットを見た後に、難しいことにも一歩踏み出せそうだと感じた。,2,このロボットを見た後に、難しいことにも一歩踏み出せそうだと感じた。,1,葛藤あり,行動あり,4
86,項目2_このロボットを見た後に、難しいことにも一歩踏み出せそうだと感じた。,2,このロボットを見た後に、難しいことにも一歩踏み出せそうだと感じた。,1,葛藤あり,行動あり,4
87,項目2_このロボットを見た後に、難しいことにも一歩踏み出せそうだと感じた。,2,このロボットを見た後に、難しいことにも一歩踏み出せそうだと感じた。,1,葛藤あり,行動あり,4
88,項目2_このロボットを見た後に、難しいことにも一歩踏み出せそうだと感じた。,2,このロボットを見た後に、難しいことにも一歩踏み出せそうだと感じた。,1,葛藤あり,行動あり,5
89,項目2_このロボットを見た後に、難しいことにも一歩踏み出せそうだと感じた。,2,このロボットを見た後に、難しいことにも一歩踏み出せそうだと感じた。,1,葛藤あり,行動あり,2
90,項目2_このロボットを見た後に、難しいことにも一歩踏み出せそうだと感じた。,2,このロボットを見た後に、難しいことにも一歩踏み出せそうだと感じた。,1,葛藤あり,行動あり,6
91,項目2_このロボットを見た後に、難しいことにも一歩踏み出せそうだと感じた。,2,このロボットを見た後に、難しいことにも一歩踏み出せそうだと感じた。,1,葛藤あり,行動あり,4
92,項目2_このロボットを見た後に、難しいことにも一歩踏み出せそうだと感じた。,2,このロボットを見た後に、難しいことにも一歩踏み出せそうだと感じた。,1,葛藤あり,行動あり,4
93,項目2_このロボットを見た後に、難しいことにも一歩踏み出せそうだと感じた。,2,このロボットを見た後に、難しいことにも一歩踏み出せそうだと感じた。,1,葛藤あり,行動あり,7
94,項目2_このロボットを見た後に、難しいことにも一歩踏み出せそうだと感じた。,2,このロボットを見た後に、難しいことにも一歩踏み出せそうだと感じた。,1,葛藤あり,行動あり,2
95,項目2_このロボットを見た後に、難しいことにも一歩踏み出せそうだと感じた。,2,このロボットを見た後に、難しいことにも一歩踏み出せそうだと感じた。,1,葛藤あり,行動あり,1
96,項目2_このロボットを見た後に、難しいことにも一歩踏み出せそうだと感じた。,2,このロボットを見た後に、難しいことにも一歩踏み出せそうだと感じた。,1,葛藤あり,行動あり,1
97,項目2_このロボットを見た後に、難しいことにも一歩踏み出せそうだと感じた。,2,このロボットを見た後に、難しいことにも一歩踏み出せそうだと感じた。,1,葛藤あり,行動あり,6
98,項目2_このロボットを見た後に、難しいことにも一歩踏み出せそうだと感じた。,2,このロボットを見た後に、難しいことにも一歩踏み出せそうだと感じた。,1,葛藤あり,行動あり,5
99,項目2_このロボットを見た後に、難しいことにも一歩踏み出せそうだと感じた。,2,このロボットを見た後に、難しいことにも一歩踏み出せそうだと感じた。,1,葛藤あり,行動あり,3
100,項目2_このロボットを見た後に、難しいことにも一歩踏み出せそうだと感じた。,2,このロボットを見た後に、難しいことにも一歩踏み出せそうだと感じた。,1,葛藤あり,行動あり,2
101,項目2_このロボットを見た後に、難しいことにも一歩踏み出せそうだと感じた。,2,このロボットを見た後に、難しいことにも一歩踏み出せそうだと感じた。,1,葛藤あり,行動あり,5
102,項目2_このロボットを見た後に、難しいことにも一歩踏み出せそうだと感じた。,2,このロボットを見た後に、難しいことにも一歩踏み出せそうだと感じた。,1,葛藤あり,行動あり,4
103,項目2_このロボットを見た後に、難しいことにも一歩踏み出せそうだと感じた。,2,このロボットを見た後に、難しいことにも一歩踏み出せそうだと感じた。,1,葛藤あり,行動あり,5
104,項目2_このロボットを見た後に、難しいことにも一歩踏み出せそうだと感じた。,2,このロボットを見た後に、難しいことにも一歩踏み出せそうだと感じた。,1,葛藤あり,行動あり,3
105,項目2_このロボットを見た後に、難しいことにも一歩踏み出せそうだと感じた。,2,このロボットを見た後に、難しいことにも一歩踏み出せそうだと感じた。,1,葛藤あり,行動あり,4
106,項目2_このロボットを見た後に、難しいことにも一歩踏み出せそうだと感じた。,2,このロボットを見た後に、難しいことにも一歩踏み出せそうだと感じた。,1,葛藤あり,行動あり,6
107,項目2_このロボットを見た後に、難しいことにも一歩踏み出せそうだと感じた。,2,このロボットを見た後に、難しいことにも一歩踏み出せそうだと感じた。,1,葛藤あり,行動あり,2
108,項目2_このロボットを見た後に、難しいことにも一歩踏み出せそうだと感じた。,2,このロボットを見た後に、難しいことにも一歩踏み出せそうだと感じた。,1,葛藤あり,行動あり,7
109,項目2_このロボットを見た後に、難しいことにも一歩踏み出せそうだと感じた。,2,このロボットを見た後に、難しいことにも一歩踏み出せそうだと感じた。,1,葛藤あり,行動あり,2
110,項目2_このロボットを見た後に、難しいことにも一歩踏み出せそうだと感じた。,2,このロボットを見た後に、難しいことにも一歩踏み出せそうだと感じた。,1,葛藤あり,行動あり,5
111,項目2_このロボットを見た後に、難しいことにも一歩踏み出せそうだと感じた。,2,このロボットを見た後に、難しいことにも一歩踏み出せそうだと感じた。,1,葛藤あり,行動あり,4
112,項目2_このロボットを見た後に、難しいことにも一歩踏み出せそうだと感じた。,2,このロボットを見た後に、難しいことにも一歩踏み出せそうだと感じた。,1,葛藤あり,行動あり,3
113,項目2_このロボットを見た後に、難しいことにも一歩踏み出せそうだと感じた。,2,このロボットを見た後に、難しいことにも一歩踏み出せそうだと感じた。,1,葛藤あり,行動あり,4
114,項目2_このロボットを見た後に、難しいことにも一歩踏み出せそうだと感じた。,2,このロボットを見た後に、難しいことにも一歩踏み出せそうだと感じた。,1,葛藤あり,行動あり,3
115,項目2_このロボットを見た後に、難しいことにも一歩踏み出せそうだと感じた。,2,このロボットを見た後に、難しいことにも一歩踏み出せそうだと感じた。,1,葛藤あり,行動あり,4
116,項目2_このロボットを見た後に、難しいことにも一歩踏み出せそうだと感じた。,2,このロボットを見た後に、難しいことにも一歩踏み出せそうだと感じた。,1,葛藤あり,行動あり,2
117,項目2_このロボットを見た後に、難しいことにも一歩踏み出せそうだと感じた。,2,このロボットを見た後に、難しいことにも一歩踏み出せそうだと感じた。,1,葛藤あり,行動あり,5
118,項目2_このロボットを見た後に、難しいことにも一歩踏み出せそうだと感じた。,2,このロボットを見た後に、難しいことにも一歩踏み出せそうだと感じた。,1,葛藤あり,行動あり,3
119,項目2_このロボットを見た後に、難しいことにも一歩踏み出せそうだと感じた。,2,このロボットを見た後に、難しいことにも一歩踏み出せそうだと感じた。,1,葛藤あり,行動あり,4
120,項目2_このロボットを見た後に、難しいことにも一歩踏み出せそうだと感じた。,2,このロボットを見た後に、難しいことにも一歩踏み出せそうだと感じた。,1,葛藤あり,行動あり,5
121,項目2_このロボットを見た後に、難しいことにも一歩踏み出せそうだと感じた。,2,このロボットを見た後に、難しいことにも一歩踏み出せそうだと感じた。,1,葛藤あり,行動あり,7
122,項目2_このロボットを見た後に、難しいことにも一歩踏み出せそうだと感じた。,2,このロボットを見た後に、難しいことにも一歩踏み出せそうだと感じた。,1,葛藤あり,行動あり,1
123,項目2_このロボットを見た後に、難しいことにも一歩踏み出せそうだと感じた。,2,このロボットを見た後に、難しいことにも一歩踏み出せそうだと感じた。,1,葛藤あり,行動あり,4
124,項目2_このロボットを見た後に、難しいことにも一歩踏み出せそうだと感じた。,2,このロボットを見た後に、難しいことにも一歩踏み出せそうだと感じた。,1,葛藤あり,行動あり,3
125,項目2_このロボットを見た後に、難しいことにも一歩踏み出せそうだと感じた。,2,このロボットを見た後に、難しいことにも一歩踏み出せそうだと感じた。,1,葛藤あり,行動あり,6
126,項目2_このロボットを見た後に、難しいことにも一歩踏み出せそうだと感じた。,2,このロボットを見た後に、難しいことにも一歩踏み出せそうだと感じた。,1,葛藤あり,行動あり,2
1,項目2_このロボットを見た後に、難しいことにも一歩踏み出せそうだと感じた。,2,このロボットを見た後に、難しいことにも一歩踏み出せそうだと感じた。,2,葛藤あり,行動なし,3
2,項目2_このロボットを見た後に、難しいことにも一歩踏み出せそうだと感じた。,2,このロボットを見た後に、難しいことにも一歩踏み出せそうだと感じた。,2,葛藤あり,行動なし,4
3,項目2_このロボットを見た後に、難しいことにも一歩踏み出せそうだと感じた。,2,このロボットを見た後に、難しいことにも一歩踏み出せそうだと感じた。,2,葛藤あり,行動なし,4
4,項目2_このロボットを見た後に、難しいことにも一歩踏み出せそうだと感じた。,2,このロボットを見た後に、難しいことにも一歩踏み出せそうだと感じた。,2,葛藤あり,行動なし,5
5,項目2_このロボットを見た後に、難しいことにも一歩踏み出せそうだと感じた。,2,このロボットを見た後に、難しいことにも一歩踏み出せそうだと感じた。,2,葛藤あり,行動なし,4
6,項目2_このロボットを見た後に、難しいことにも一歩踏み出せそうだと感じた。,2,このロボットを見た後に、難しいことにも一歩踏み出せそうだと感じた。,2,葛藤あり,行動なし,2
7,項目2_このロボットを見た後に、難しいことにも一歩踏み出せそうだと感じた。,2,このロボットを見た後に、難しいことにも一歩踏み出せそうだと感じた。,2,葛藤あり,行動なし,1
8,項目2_このロボットを見た後に、難しいことにも一歩踏み出せそうだと感じた。,2,このロボットを見た後に、難しいことにも一歩踏み出せそうだと感じた。,2,葛藤あり,行動なし,1
9,項目2_このロボットを見た後に、難しいことにも一歩踏み出せそうだと感じた。,2,このロボットを見た後に、難しいことにも一歩踏み出せそうだと感じた。,2,葛藤あり,行動なし,4
10,項目2_このロボットを見た後に、難しいことにも一歩踏み出せそうだと感じた。,2,このロボットを見た後に、難しいことにも一歩踏み出せそうだと感じた。,2,葛藤あり,行動なし,3
11,項目2_このロボットを見た後に、難しいことにも一歩踏み出せそうだと感じた。,2,このロボットを見た後に、難しいことにも一歩踏み出せそうだと感じた。,2,葛藤あり,行動なし,2
12,項目2_このロボットを見た後に、難しいことにも一歩踏み出せそうだと感じた。,2,このロボットを見た後に、難しいことにも一歩踏み出せそうだと感じた。,2,葛藤あり,行動なし,5
13,項目2_このロボットを見た後に、難しいことにも一歩踏み出せそうだと感じた。,2,このロボットを見た後に、難しいことにも一歩踏み出せそうだと感じた。,2,葛藤あり,行動なし,4
14,項目2_このロボットを見た後に、難しいことにも一歩踏み出せそうだと感じた。,2,このロボットを見た後に、難しいことにも一歩踏み出せそうだと感じた。,2,葛藤あり,行動なし,4
15,項目2_このロボットを見た後に、難しいことにも一歩踏み出せそうだと感じた。,2,このロボットを見た後に、難しいことにも一歩踏み出せそうだと感じた。,2,葛藤あり,行動なし,2
16,項目2_このロボットを見た後に、難しいことにも一歩踏み出せそうだと感じた。,2,このロボットを見た後に、難しいことにも一歩踏み出せそうだと感じた。,2,葛藤あり,行動なし,6
17,項目2_このロボットを見た後に、難しいことにも一歩踏み出せそうだと感じた。,2,このロボットを見た後に、難しいことにも一歩踏み出せそうだと感じた。,2,葛藤あり,行動なし,3
18,項目2_このロボットを見た後に、難しいことにも一歩踏み出せそうだと感じた。,2,このロボットを見た後に、難しいことにも一歩踏み出せそうだと感じた。,2,葛藤あり,行動なし,4
19,項目2_このロボットを見た後に、難しいことにも一歩踏み出せそうだと感じた。,2,このロボットを見た後に、難しいことにも一歩踏み出せそうだと感じた。,2,葛藤あり,行動なし,2
20,項目2_このロボットを見た後に、難しいことにも一歩踏み出せそうだと感じた。,2,このロボットを見た後に、難しいことにも一歩踏み出せそうだと感じた。,2,葛藤あり,行動なし,6
21,項目2_このロボットを見た後に、難しいことにも一歩踏み出せそうだと感じた。,2,このロボットを見た後に、難しいことにも一歩踏み出せそうだと感じた。,2,葛藤あり,行動なし,4
22,項目2_このロボットを見た後に、難しいことにも一歩踏み出せそうだと感じた。,2,このロボットを見た後に、難しいことにも一歩踏み出せそうだと感じた。,2,葛藤あり,行動なし,1
23,項目2_このロボットを見た後に、難しいことにも一歩踏み出せそうだと感じた。,2,このロボットを見た後に、難しいことにも一歩踏み出せそうだと感じた。,2,葛藤あり,行動なし,5
24,項目2_このロボットを見た後に、難しいことにも一歩踏み出せそうだと感じた。,2,このロボットを見た後に、難しいことにも一歩踏み出せそうだと感じた。,2,葛藤あり,行動なし,3
25,項目2_このロボットを見た後に、難しいことにも一歩踏み出せそうだと感じた。,2,このロボットを見た後に、難しいことにも一歩踏み出せそうだと感じた。,2,葛藤あり,行動なし,1
26,項目2_このロボットを見た後に、難しいことにも一歩踏み出せそうだと感じた。,2,このロボットを見た後に、難しいことにも一歩踏み出せそうだと感じた。,2,葛藤あり,行動なし,5
27,項目2_このロボットを見た後に、難しいことにも一歩踏み出せそうだと感じた。,2,このロボットを見た後に、難しいことにも一歩踏み出せそうだと感じた。,2,葛藤あり,行動なし,1
28,項目2_このロボットを見た後に、難しいことにも一歩踏み出せそうだと感じた。,2,このロボットを見た後に、難しいことにも一歩踏み出せそうだと感じた。,2,葛藤あり,行動なし,1
29,項目2_このロボットを見た後に、難しいことにも一歩踏み出せそうだと感じた。,2,このロボットを見た後に、難しいことにも一歩踏み出せそうだと感じた。,2,葛藤あり,行動なし,4
30,項目2_このロボットを見た後に、難しいことにも一歩踏み出せそうだと感じた。,2,このロボットを見た後に、難しいことにも一歩踏み出せそうだと感じた。,2,葛藤あり,行動なし,5
31,項目2_このロボットを見た後に、難しいことにも一歩踏み出せそうだと感じた。,2,このロボットを見た後に、難しいことにも一歩踏み出せそうだと感じた。,2,葛藤あり,行動なし,3
32,項目2_このロボットを見た後に、難しいことにも一歩踏み出せそうだと感じた。,2,このロボットを見た後に、難しいことにも一歩踏み出せそうだと感じた。,2,葛藤あり,行動なし,5
33,項目2_このロボットを見た後に、難しいことにも一歩踏み出せそうだと感じた。,2,このロボットを見た後に、難しいことにも一歩踏み出せそうだと感じた。,2,葛藤あり,行動なし,1
34,項目2_このロボットを見た後に、難しいことにも一歩踏み出せそうだと感じた。,2,このロボットを見た後に、難しいことにも一歩踏み出せそうだと感じた。,2,葛藤あり,行動なし,7
35,項目2_このロボットを見た後に、難しいことにも一歩踏み出せそうだと感じた。,2,このロボットを見た後に、難しいことにも一歩踏み出せそうだと感じた。,2,葛藤あり,行動なし,5
36,項目2_このロボットを見た後に、難しいことにも一歩踏み出せそうだと感じた。,2,このロボットを見た後に、難しいことにも一歩踏み出せそうだと感じた。,2,葛藤あり,行動なし,2
37,項目2_このロボットを見た後に、難しいことにも一歩踏み出せそうだと感じた。,2,このロボットを見た後に、難しいことにも一歩踏み出せそうだと感じた。,2,葛藤あり,行動なし,3
38,項目2_このロボットを見た後に、難しいことにも一歩踏み出せそうだと感じた。,2,このロボットを見た後に、難しいことにも一歩踏み出せそうだと感じた。,2,葛藤あり,行動なし,2
39,項目2_このロボットを見た後に、難しいことにも一歩踏み出せそうだと感じた。,2,このロボットを見た後に、難しいことにも一歩踏み出せそうだと感じた。,2,葛藤あり,行動なし,1
40,項目2_このロボットを見た後に、難しいことにも一歩踏み出せそうだと感じた。,2,このロボットを見た後に、難しいことにも一歩踏み出せそうだと感じた。,2,葛藤あり,行動なし,3
41,項目2_このロボットを見た後に、難しいことにも一歩踏み出せそうだと感じた。,2,このロボットを見た後に、難しいことにも一歩踏み出せそうだと感じた。,2,葛藤あり,行動なし,2
42,項目2_このロボットを見た後に、難しいことにも一歩踏み出せそうだと感じた。,2,このロボットを見た後に、難しいことにも一歩踏み出せそうだと感じた。,2,葛藤あり,行動なし,2
43,項目2_このロボットを見た後に、難しいことにも一歩踏み出せそうだと感じた。,2,このロボットを見た後に、難しいことにも一歩踏み出せそうだと感じた。,2,葛藤あり,行動なし,2
44,項目2_このロボットを見た後に、難しいことにも一歩踏み出せそうだと感じた。,2,このロボットを見た後に、難しいことにも一歩踏み出せそうだと感じた。,2,葛藤あり,行動なし,1
45,項目2_このロボットを見た後に、難しいことにも一歩踏み出せそうだと感じた。,2,このロボットを見た後に、難しいことにも一歩踏み出せそうだと感じた。,2,葛藤あり,行動なし,5
46,項目2_このロボットを見た後に、難しいことにも一歩踏み出せそうだと感じた。,2,このロボットを見た後に、難しいことにも一歩踏み出せそうだと感じた。,2,葛藤あり,行動なし,3
47,項目2_このロボットを見た後に、難しいことにも一歩踏み出せそうだと感じた。,2,このロボットを見た後に、難しいことにも一歩踏み出せそうだと感じた。,2,葛藤あり,行動なし,1
48,項目2_このロボットを見た後に、難しいことにも一歩踏み出せそうだと感じた。,2,このロボットを見た後に、難しいことにも一歩踏み出せそうだと感じた。,2,葛藤あり,行動なし,5
49,項目2_このロボットを見た後に、難しいことにも一歩踏み出せそうだと感じた。,2,このロボットを見た後に、難しいことにも一歩踏み出せそうだと感じた。,2,葛藤あり,行動なし,4
50,項目2_このロボットを見た後に、難しいことにも一歩踏み出せそうだと感じた。,2,このロボットを見た後に、難しいことにも一歩踏み出せそうだと感じた。,2,葛藤あり,行動なし,3
51,項目2_このロボットを見た後に、難しいことにも一歩踏み出せそうだと感じた。,2,このロボットを見た後に、難しいことにも一歩踏み出せそうだと感じた。,2,葛藤あり,行動なし,5
52,項目2_このロボットを見た後に、難しいことにも一歩踏み出せそうだと感じた。,2,このロボットを見た後に、難しいことにも一歩踏み出せそうだと感じた。,2,葛藤あり,行動なし,2
53,項目2_このロボットを見た後に、難しいことにも一歩踏み出せそうだと感じた。,2,このロボットを見た後に、難しいことにも一歩踏み出せそうだと感じた。,2,葛藤あり,行動なし,3
54,項目2_このロボットを見た後に、難しいことにも一歩踏み出せそうだと感じた。,2,このロボットを見た後に、難しいことにも一歩踏み出せそうだと感じた。,2,葛藤あり,行動なし,4
55,項目2_このロボットを見た後に、難しいことにも一歩踏み出せそうだと感じた。,2,このロボットを見た後に、難しいことにも一歩踏み出せそうだと感じた。,2,葛藤あり,行動なし,6
56,項目2_このロボットを見た後に、難しいことにも一歩踏み出せそうだと感じた。,2,このロボットを見た後に、難しいことにも一歩踏み出せそうだと感じた。,2,葛藤あり,行動なし,2
57,項目2_このロボットを見た後に、難しいことにも一歩踏み出せそうだと感じた。,2,このロボットを見た後に、難しいことにも一歩踏み出せそうだと感じた。,2,葛藤あり,行動なし,2
58,項目2_このロボットを見た後に、難しいことにも一歩踏み出せそうだと感じた。,2,このロボットを見た後に、難しいことにも一歩踏み出せそうだと感じた。,2,葛藤あり,行動なし,5
59,項目2_このロボットを見た後に、難しいことにも一歩踏み出せそうだと感じた。,2,このロボットを見た後に、難しいことにも一歩踏み出せそうだと感じた。,2,葛藤あり,行動なし,1
60,項目2_このロボットを見た後に、難しいことにも一歩踏み出せそうだと感じた。,2,このロボットを見た後に、難しいことにも一歩踏み出せそうだと感じた。,2,葛藤あり,行動なし,5
61,項目2_このロボットを見た後に、難しいことにも一歩踏み出せそうだと感じた。,2,このロボットを見た後に、難しいことにも一歩踏み出せそうだと感じた。,2,葛藤あり,行動なし,2
62,項目2_このロボットを見た後に、難しいことにも一歩踏み出せそうだと感じた。,2,このロボットを見た後に、難しいことにも一歩踏み出せそうだと感じた。,2,葛藤あり,行動なし,5
63,項目2_このロボットを見た後に、難しいことにも一歩踏み出せそうだと感じた。,2,このロボットを見た後に、難しいことにも一歩踏み出せそうだと感じた。,2,葛藤あり,行動なし,1
64,項目2_このロボットを見た後に、難しいことにも一歩踏み出せそうだと感じた。,2,このロボットを見た後に、難しいことにも一歩踏み出せそうだと感じた。,2,葛藤あり,行動なし,2
65,項目2_このロボットを見た後に、難しいことにも一歩踏み出せそうだと感じた。,2,このロボットを見た後に、難しいことにも一歩踏み出せそうだと感じた。,2,葛藤あり,行動なし,2
66,項目2_このロボットを見た後に、難しいことにも一歩踏み出せそうだと感じた。,2,このロボットを見た後に、難しいことにも一歩踏み出せそうだと感じた。,2,葛藤あり,行動なし,2
67,項目2_このロボットを見た後に、難しいことにも一歩踏み出せそうだと感じた。,2,このロボットを見た後に、難しいことにも一歩踏み出せそうだと感じた。,2,葛藤あり,行動なし,2
68,項目2_このロボットを見た後に、難しいことにも一歩踏み出せそうだと感じた。,2,このロボットを見た後に、難しいことにも一歩踏み出せそうだと感じた。,2,葛藤あり,行動なし,1
69,項目2_このロボットを見た後に、難しいことにも一歩踏み出せそうだと感じた。,2,このロボットを見た後に、難しいことにも一歩踏み出せそうだと感じた。,2,葛藤あり,行動なし,6
70,項目2_このロボットを見た後に、難しいことにも一歩踏み出せそうだと感じた。,2,このロボットを見た後に、難しいことにも一歩踏み出せそうだと感じた。,2,葛藤あり,行動なし,2
71,項目2_このロボットを見た後に、難しいことにも一歩踏み出せそうだと感じた。,2,このロボットを見た後に、難しいことにも一歩踏み出せそうだと感じた。,2,葛藤あり,行動なし,2
72,項目2_このロボットを見た後に、難しいことにも一歩踏み出せそうだと感じた。,2,このロボットを見た後に、難しいことにも一歩踏み出せそうだと感じた。,2,葛藤あり,行動なし,1
73,項目2_このロボットを見た後に、難しいことにも一歩踏み出せそうだと感じた。,2,このロボットを見た後に、難しいことにも一歩踏み出せそうだと感じた。,2,葛藤あり,行動なし,4
74,項目2_このロボットを見た後に、難しいことにも一歩踏み出せそうだと感じた。,2,このロボットを見た後に、難しいことにも一歩踏み出せそうだと感じた。,2,葛藤あり,行動なし,1
75,項目2_このロボットを見た後に、難しいことにも一歩踏み出せそうだと感じた。,2,このロボットを見た後に、難しいことにも一歩踏み出せそうだと感じた。,2,葛藤あり,行動なし,4
76,項目2_このロボットを見た後に、難しいことにも一歩踏み出せそうだと感じた。,2,このロボットを見た後に、難しいことにも一歩踏み出せそうだと感じた。,2,葛藤あり,行動なし,4
77,項目2_このロボットを見た後に、難しいことにも一歩踏み出せそうだと感じた。,2,このロボットを見た後に、難しいことにも一歩踏み出せそうだと感じた。,2,葛藤あり,行動なし,1
78,項目2_このロボットを見た後に、難しいことにも一歩踏み出せそうだと感じた。,2,このロボットを見た後に、難しいことにも一歩踏み出せそうだと感じた。,2,葛藤あり,行動なし,2
79,項目2_このロボットを見た後に、難しいことにも一歩踏み出せそうだと感じた。,2,このロボットを見た後に、難しいことにも一歩踏み出せそうだと感じた。,2,葛藤あり,行動なし,3
80,項目2_このロボットを見た後に、難しいことにも一歩踏み出せそうだと感じた。,2,このロボットを見た後に、難しいことにも一歩踏み出せそうだと感じた。,2,葛藤あり,行動なし,2
81,項目2_このロボットを見た後に、難しいことにも一歩踏み出せそうだと感じた。,2,このロボットを見た後に、難しいことにも一歩踏み出せそうだと感じた。,2,葛藤あり,行動なし,2
82,項目2_このロボットを見た後に、難しいことにも一歩踏み出せそうだと感じた。,2,このロボットを見た後に、難しいことにも一歩踏み出せそうだと感じた。,2,葛藤あり,行動なし,5
83,項目2_このロボットを見た後に、難しいことにも一歩踏み出せそうだと感じた。,2,このロボットを見た後に、難しいことにも一歩踏み出せそうだと感じた。,2,葛藤あり,行動なし,1
84,項目2_このロボットを見た後に、難しいことにも一歩踏み出せそうだと感じた。,2,このロボットを見た後に、難しいことにも一歩踏み出せそうだと感じた。,2,葛藤あり,行動なし,2
85,項目2_このロボットを見た後に、難しいことにも一歩踏み出せそうだと感じた。,2,このロボットを見た後に、難しいことにも一歩踏み出せそうだと感じた。,2,葛藤あり,行動なし,3
86,項目2_このロボットを見た後に、難しいことにも一歩踏み出せそうだと感じた。,2,このロボットを見た後に、難しいことにも一歩踏み出せそうだと感じた。,2,葛藤あり,行動なし,4
87,項目2_このロボットを見た後に、難しいことにも一歩踏み出せそうだと感じた。,2,このロボットを見た後に、難しいことにも一歩踏み出せそうだと感じた。,2,葛藤あり,行動なし,3
88,項目2_このロボットを見た後に、難しいことにも一歩踏み出せそうだと感じた。,2,このロボットを見た後に、難しいことにも一歩踏み出せそうだと感じた。,2,葛藤あり,行動なし,1
89,項目2_このロボットを見た後に、難しいことにも一歩踏み出せそうだと感じた。,2,このロボットを見た後に、難しいことにも一歩踏み出せそうだと感じた。,2,葛藤あり,行動なし,1
90,項目2_このロボットを見た後に、難しいことにも一歩踏み出せそうだと感じた。,2,このロボットを見た後に、難しいことにも一歩踏み出せそうだと感じた。,2,葛藤あり,行動なし,2
91,項目2_このロボットを見た後に、難しいことにも一歩踏み出せそうだと感じた。,2,このロボットを見た後に、難しいことにも一歩踏み出せそうだと感じた。,2,葛藤あり,行動なし,1
92,項目2_このロボットを見た後に、難しいことにも一歩踏み出せそうだと感じた。,2,このロボットを見た後に、難しいことにも一歩踏み出せそうだと感じた。,2,葛藤あり,行動なし,1
93,項目2_このロボットを見た後に、難しいことにも一歩踏み出せそうだと感じた。,2,このロボットを見た後に、難しいことにも一歩踏み出せそうだと感じた。,2,葛藤あり,行動なし,5
94,項目2_このロボットを見た後に、難しいことにも一歩踏み出せそうだと感じた。,2,このロボットを見た後に、難しいことにも一歩踏み出せそうだと感じた。,2,葛藤あり,行動なし,1
95,項目2_このロボットを見た後に、難しいことにも一歩踏み出せそうだと感じた。,2,このロボットを見た後に、難しいことにも一歩踏み出せそうだと感じた。,2,葛藤あり,行動なし,1
96,項目2_このロボットを見た後に、難しいことにも一歩踏み出せそうだと感じた。,2,このロボットを見た後に、難しいことにも一歩踏み出せそうだと感じた。,2,葛藤あり,行動なし,1
97,項目2_このロボットを見た後に、難しいことにも一歩踏み出せそうだと感じた。,2,このロボットを見た後に、難しいことにも一歩踏み出せそうだと感じた。,2,葛藤あり,行動なし,2
98,項目2_このロボットを見た後に、難しいことにも一歩踏み出せそうだと感じた。,2,このロボットを見た後に、難しいことにも一歩踏み出せそうだと感じた。,2,葛藤あり,行動なし,3
99,項目2_このロボットを見た後に、難しいことにも一歩踏み出せそうだと感じた。,2,このロボットを見た後に、難しいことにも一歩踏み出せそうだと感じた。,2,葛藤あり,行動なし,1
100,項目2_このロボットを見た後に、難しいことにも一歩踏み出せそうだと感じた。,2,このロボットを見た後に、難しいことにも一歩踏み出せそうだと感じた。,2,葛藤あり,行動なし,1
101,項目2_このロボットを見た後に、難しいことにも一歩踏み出せそうだと感じた。,2,このロボットを見た後に、難しいことにも一歩踏み出せそうだと感じた。,2,葛藤あり,行動なし,4
102,項目2_このロボットを見た後に、難しいことにも一歩踏み出せそうだと感じた。,2,このロボットを見た後に、難しいことにも一歩踏み出せそうだと感じた。,2,葛藤あり,行動なし,5
103,項目2_このロボットを見た後に、難しいことにも一歩踏み出せそうだと感じた。,2,このロボットを見た後に、難しいことにも一歩踏み出せそうだと感じた。,2,葛藤あり,行動なし,2
104,項目2_このロボットを見た後に、難しいことにも一歩踏み出せそうだと感じた。,2,このロボットを見た後に、難しいことにも一歩踏み出せそうだと感じた。,2,葛藤あり,行動なし,4
105,項目2_このロボットを見た後に、難しいことにも一歩踏み出せそうだと感じた。,2,このロボットを見た後に、難しいことにも一歩踏み出せそうだと感じた。,2,葛藤あり,行動なし,4
106,項目2_このロボットを見た後に、難しいことにも一歩踏み出せそうだと感じた。,2,このロボットを見た後に、難しいことにも一歩踏み出せそうだと感じた。,2,葛藤あり,行動なし,3
107,項目2_このロボットを見た後に、難しいことにも一歩踏み出せそうだと感じた。,2,このロボットを見た後に、難しいことにも一歩踏み出せそうだと感じた。,2,葛藤あり,行動なし,1
108,項目2_このロボットを見た後に、難しいことにも一歩踏み出せそうだと感じた。,2,このロボットを見た後に、難しいことにも一歩踏み出せそうだと感じた。,2,葛藤あり,行動なし,4
109,項目2_このロボットを見た後に、難しいことにも一歩踏み出せそうだと感じた。,2,このロボットを見た後に、難しいことにも一歩踏み出せそうだと感じた。,2,葛藤あり,行動なし,1
110,項目2_このロボットを見た後に、難しいことにも一歩踏み出せそうだと感じた。,2,このロボットを見た後に、難しいことにも一歩踏み出せそうだと感じた。,2,葛藤あり,行動なし,4
111,項目2_このロボットを見た後に、難しいことにも一歩踏み出せそうだと感じた。,2,このロボットを見た後に、難しいことにも一歩踏み出せそうだと感じた。,2,葛藤あり,行動なし,4
112,項目2_このロボットを見た後に、難しいことにも一歩踏み出せそうだと感じた。,2,このロボットを見た後に、難しいことにも一歩踏み出せそうだと感じた。,2,葛藤あり,行動なし,4
113,項目2_このロボットを見た後に、難しいことにも一歩踏み出せそうだと感じた。,2,このロボットを見た後に、難しいことにも一歩踏み出せそうだと感じた。,2,葛藤あり,行動なし,2
114,項目2_このロボットを見た後に、難しいことにも一歩踏み出せそうだと感じた。,2,このロボットを見た後に、難しいことにも一歩踏み出せそうだと感じた。,2,葛藤あり,行動なし,3
115,項目2_このロボットを見た後に、難しいことにも一歩踏み出せそうだと感じた。,2,このロボットを見た後に、難しいことにも一歩踏み出せそうだと感じた。,2,葛藤あり,行動なし,3
116,項目2_このロボットを見た後に、難しいことにも一歩踏み出せそうだと感じた。,2,このロボットを見た後に、難しいことにも一歩踏み出せそうだと感じた。,2,葛藤あり,行動なし,1
117,項目2_このロボットを見た後に、難しいことにも一歩踏み出せそうだと感じた。,2,このロボットを見た後に、難しいことにも一歩踏み出せそうだと感じた。,2,葛藤あり,行動なし,2
118,項目2_このロボットを見た後に、難しいことにも一歩踏み出せそうだと感じた。,2,このロボットを見た後に、難しいことにも一歩踏み出せそうだと感じた。,2,葛藤あり,行動なし,4
119,項目2_このロボットを見た後に、難しいことにも一歩踏み出せそうだと感じた。,2,このロボットを見た後に、難しいことにも一歩踏み出せそうだと感じた。,2,葛藤あり,行動なし,2
120,項目2_このロボットを見た後に、難しいことにも一歩踏み出せそうだと感じた。,2,このロボットを見た後に、難しいことにも一歩踏み出せそうだと感じた。,2,葛藤あり,行動なし,5
121,項目2_このロボットを見た後に、難しいことにも一歩踏み出せそうだと感じた。,2,このロボットを見た後に、難しいことにも一歩踏み出せそうだと感じた。,2,葛藤あり,行動なし,4
122,項目2_このロボットを見た後に、難しいことにも一歩踏み出せそうだと感じた。,2,このロボットを見た後に、難しいことにも一歩踏み出せそうだと感じた。,2,葛藤あり,行動なし,2
123,項目2_このロボットを見た後に、難しいことにも一歩踏み出せそうだと感じた。,2,このロボットを見た後に、難しいことにも一歩踏み出せそうだと感じた。,2,葛藤あり,行動なし,5
124,項目2_このロボットを見た後に、難しいことにも一歩踏み出せそうだと感じた。,2,このロボットを見た後に、難しいことにも一歩踏み出せそうだと感じた。,2,葛藤あり,行動なし,3
125,項目2_このロボットを見た後に、難しいことにも一歩踏み出せそうだと感じた。,2,このロボットを見た後に、難しいことにも一歩踏み出せそうだと感じた。,2,葛藤あり,行動なし,5
126,項目2_このロボットを見た後に、難しいことにも一歩踏み出せそうだと感じた。,2,このロボットを見た後に、難しいことにも一歩踏み出せそうだと感じた。,2,葛藤あり,行動なし,5
1,項目2_このロボットを見た後に、難しいことにも一歩踏み出せそうだと感じた。,2,このロボットを見た後に、難しいことにも一歩踏み出せそうだと感じた。,3,葛藤なし,行動あり,4
2,項目2_このロボットを見た後に、難しいことにも一歩踏み出せそうだと感じた。,2,このロボットを見た後に、難しいことにも一歩踏み出せそうだと感じた。,3,葛藤なし,行動あり,4
3,項目2_このロボットを見た後に、難しいことにも一歩踏み出せそうだと感じた。,2,このロボットを見た後に、難しいことにも一歩踏み出せそうだと感じた。,3,葛藤なし,行動あり,4
4,項目2_このロボットを見た後に、難しいことにも一歩踏み出せそうだと感じた。,2,このロボットを見た後に、難しいことにも一歩踏み出せそうだと感じた。,3,葛藤なし,行動あり,5
5,項目2_このロボットを見た後に、難しいことにも一歩踏み出せそうだと感じた。,2,このロボットを見た後に、難しいことにも一歩踏み出せそうだと感じた。,3,葛藤なし,行動あり,5
6,項目2_このロボットを見た後に、難しいことにも一歩踏み出せそうだと感じた。,2,このロボットを見た後に、難しいことにも一歩踏み出せそうだと感じた。,3,葛藤なし,行動あり,5
7,項目2_このロボットを見た後に、難しいことにも一歩踏み出せそうだと感じた。,2,このロボットを見た後に、難しいことにも一歩踏み出せそうだと感じた。,3,葛藤なし,行動あり,2
8,項目2_このロボットを見た後に、難しいことにも一歩踏み出せそうだと感じた。,2,このロボットを見た後に、難しいことにも一歩踏み出せそうだと感じた。,3,葛藤なし,行動あり,2
9,項目2_このロボットを見た後に、難しいことにも一歩踏み出せそうだと感じた。,2,このロボットを見た後に、難しいことにも一歩踏み出せそうだと感じた。,3,葛藤なし,行動あり,5
10,項目2_このロボットを見た後に、難しいことにも一歩踏み出せそうだと感じた。,2,このロボットを見た後に、難しいことにも一歩踏み出せそうだと感じた。,3,葛藤なし,行動あり,2
11,項目2_このロボットを見た後に、難しいことにも一歩踏み出せそうだと感じた。,2,このロボットを見た後に、難しいことにも一歩踏み出せそうだと感じた。,3,葛藤なし,行動あり,5
12,項目2_このロボットを見た後に、難しいことにも一歩踏み出せそうだと感じた。,2,このロボットを見た後に、難しいことにも一歩踏み出せそうだと感じた。,3,葛藤なし,行動あり,5
13,項目2_このロボットを見た後に、難しいことにも一歩踏み出せそうだと感じた。,2,このロボットを見た後に、難しいことにも一歩踏み出せそうだと感じた。,3,葛藤なし,行動あり,4
14,項目2_このロボットを見た後に、難しいことにも一歩踏み出せそうだと感じた。,2,このロボットを見た後に、難しいことにも一歩踏み出せそうだと感じた。,3,葛藤なし,行動あり,7
15,項目2_このロボットを見た後に、難しいことにも一歩踏み出せそうだと感じた。,2,このロボットを見た後に、難しいことにも一歩踏み出せそうだと感じた。,3,葛藤なし,行動あり,2
16,項目2_このロボットを見た後に、難しいことにも一歩踏み出せそうだと感じた。,2,このロボットを見た後に、難しいことにも一歩踏み出せそうだと感じた。,3,葛藤なし,行動あり,6
17,項目2_このロボットを見た後に、難しいことにも一歩踏み出せそうだと感じた。,2,このロボットを見た後に、難しいことにも一歩踏み出せそうだと感じた。,3,葛藤なし,行動あり,3
18,項目2_このロボットを見た後に、難しいことにも一歩踏み出せそうだと感じた。,2,このロボットを見た後に、難しいことにも一歩踏み出せそうだと感じた。,3,葛藤なし,行動あり,4
19,項目2_このロボットを見た後に、難しいことにも一歩踏み出せそうだと感じた。,2,このロボットを見た後に、難しいことにも一歩踏み出せそうだと感じた。,3,葛藤なし,行動あり,4
20,項目2_このロボットを見た後に、難しいことにも一歩踏み出せそうだと感じた。,2,このロボットを見た後に、難しいことにも一歩踏み出せそうだと感じた。,3,葛藤なし,行動あり,7
21,項目2_このロボットを見た後に、難しいことにも一歩踏み出せそうだと感じた。,2,このロボットを見た後に、難しいことにも一歩踏み出せそうだと感じた。,3,葛藤なし,行動あり,3
22,項目2_このロボットを見た後に、難しいことにも一歩踏み出せそうだと感じた。,2,このロボットを見た後に、難しいことにも一歩踏み出せそうだと感じた。,3,葛藤なし,行動あり,5
23,項目2_このロボットを見た後に、難しいことにも一歩踏み出せそうだと感じた。,2,このロボットを見た後に、難しいことにも一歩踏み出せそうだと感じた。,3,葛藤なし,行動あり,5
24,項目2_このロボットを見た後に、難しいことにも一歩踏み出せそうだと感じた。,2,このロボットを見た後に、難しいことにも一歩踏み出せそうだと感じた。,3,葛藤なし,行動あり,3
25,項目2_このロボットを見た後に、難しいことにも一歩踏み出せそうだと感じた。,2,このロボットを見た後に、難しいことにも一歩踏み出せそうだと感じた。,3,葛藤なし,行動あり,5
26,項目2_このロボットを見た後に、難しいことにも一歩踏み出せそうだと感じた。,2,このロボットを見た後に、難しいことにも一歩踏み出せそうだと感じた。,3,葛藤なし,行動あり,5
27,項目2_このロボットを見た後に、難しいことにも一歩踏み出せそうだと感じた。,2,このロボットを見た後に、難しいことにも一歩踏み出せそうだと感じた。,3,葛藤なし,行動あり,5
28,項目2_このロボットを見た後に、難しいことにも一歩踏み出せそうだと感じた。,2,このロボットを見た後に、難しいことにも一歩踏み出せそうだと感じた。,3,葛藤なし,行動あり,1
29,項目2_このロボットを見た後に、難しいことにも一歩踏み出せそうだと感じた。,2,このロボットを見た後に、難しいことにも一歩踏み出せそうだと感じた。,3,葛藤なし,行動あり,4
30,項目2_このロボットを見た後に、難しいことにも一歩踏み出せそうだと感じた。,2,このロボットを見た後に、難しいことにも一歩踏み出せそうだと感じた。,3,葛藤なし,行動あり,5
31,項目2_このロボットを見た後に、難しいことにも一歩踏み出せそうだと感じた。,2,このロボットを見た後に、難しいことにも一歩踏み出せそうだと感じた。,3,葛藤なし,行動あり,2
32,項目2_このロボットを見た後に、難しいことにも一歩踏み出せそうだと感じた。,2,このロボットを見た後に、難しいことにも一歩踏み出せそうだと感じた。,3,葛藤なし,行動あり,6
33,項目2_このロボットを見た後に、難しいことにも一歩踏み出せそうだと感じた。,2,このロボットを見た後に、難しいことにも一歩踏み出せそうだと感じた。,3,葛藤なし,行動あり,6
34,項目2_このロボットを見た後に、難しいことにも一歩踏み出せそうだと感じた。,2,このロボットを見た後に、難しいことにも一歩踏み出せそうだと感じた。,3,葛藤なし,行動あり,7
35,項目2_このロボットを見た後に、難しいことにも一歩踏み出せそうだと感じた。,2,このロボットを見た後に、難しいことにも一歩踏み出せそうだと感じた。,3,葛藤なし,行動あり,5
36,項目2_このロボットを見た後に、難しいことにも一歩踏み出せそうだと感じた。,2,このロボットを見た後に、難しいことにも一歩踏み出せそうだと感じた。,3,葛藤なし,行動あり,4
37,項目2_このロボットを見た後に、難しいことにも一歩踏み出せそうだと感じた。,2,このロボットを見た後に、難しいことにも一歩踏み出せそうだと感じた。,3,葛藤なし,行動あり,5
38,項目2_このロボットを見た後に、難しいことにも一歩踏み出せそうだと感じた。,2,このロボットを見た後に、難しいことにも一歩踏み出せそうだと感じた。,3,葛藤なし,行動あり,5
39,項目2_このロボットを見た後に、難しいことにも一歩踏み出せそうだと感じた。,2,このロボットを見た後に、難しいことにも一歩踏み出せそうだと感じた。,3,葛藤なし,行動あり,2
40,項目2_このロボットを見た後に、難しいことにも一歩踏み出せそうだと感じた。,2,このロボットを見た後に、難しいことにも一歩踏み出せそうだと感じた。,3,葛藤なし,行動あり,3
41,項目2_このロボットを見た後に、難しいことにも一歩踏み出せそうだと感じた。,2,このロボットを見た後に、難しいことにも一歩踏み出せそうだと感じた。,3,葛藤なし,行動あり,5
42,項目2_このロボットを見た後に、難しいことにも一歩踏み出せそうだと感じた。,2,このロボットを見た後に、難しいことにも一歩踏み出せそうだと感じた。,3,葛藤なし,行動あり,5
43,項目2_このロボットを見た後に、難しいことにも一歩踏み出せそうだと感じた。,2,このロボットを見た後に、難しいことにも一歩踏み出せそうだと感じた。,3,葛藤なし,行動あり,3
44,項目2_このロボットを見た後に、難しいことにも一歩踏み出せそうだと感じた。,2,このロボットを見た後に、難しいことにも一歩踏み出せそうだと感じた。,3,葛藤なし,行動あり,2
45,項目2_このロボットを見た後に、難しいことにも一歩踏み出せそうだと感じた。,2,このロボットを見た後に、難しいことにも一歩踏み出せそうだと感じた。,3,葛藤なし,行動あり,3
46,項目2_このロボットを見た後に、難しいことにも一歩踏み出せそうだと感じた。,2,このロボットを見た後に、難しいことにも一歩踏み出せそうだと感じた。,3,葛藤なし,行動あり,3
47,項目2_このロボットを見た後に、難しいことにも一歩踏み出せそうだと感じた。,2,このロボットを見た後に、難しいことにも一歩踏み出せそうだと感じた。,3,葛藤なし,行動あり,5
48,項目2_このロボットを見た後に、難しいことにも一歩踏み出せそうだと感じた。,2,このロボットを見た後に、難しいことにも一歩踏み出せそうだと感じた。,3,葛藤なし,行動あり,6
49,項目2_このロボットを見た後に、難しいことにも一歩踏み出せそうだと感じた。,2,このロボットを見た後に、難しいことにも一歩踏み出せそうだと感じた。,3,葛藤なし,行動あり,3
50,項目2_このロボットを見た後に、難しいことにも一歩踏み出せそうだと感じた。,2,このロボットを見た後に、難しいことにも一歩踏み出せそうだと感じた。,3,葛藤なし,行動あり,3
51,項目2_このロボットを見た後に、難しいことにも一歩踏み出せそうだと感じた。,2,このロボットを見た後に、難しいことにも一歩踏み出せそうだと感じた。,3,葛藤なし,行動あり,2
52,項目2_このロボットを見た後に、難しいことにも一歩踏み出せそうだと感じた。,2,このロボットを見た後に、難しいことにも一歩踏み出せそうだと感じた。,3,葛藤なし,行動あり,4
53,項目2_このロボットを見た後に、難しいことにも一歩踏み出せそうだと感じた。,2,このロボットを見た後に、難しいことにも一歩踏み出せそうだと感じた。,3,葛藤なし,行動あり,4
54,項目2_このロボットを見た後に、難しいことにも一歩踏み出せそうだと感じた。,2,このロボットを見た後に、難しいことにも一歩踏み出せそうだと感じた。,3,葛藤なし,行動あり,3
55,項目2_このロボットを見た後に、難しいことにも一歩踏み出せそうだと感じた。,2,このロボットを見た後に、難しいことにも一歩踏み出せそうだと感じた。,3,葛藤なし,行動あり,5
56,項目2_このロボットを見た後に、難しいことにも一歩踏み出せそうだと感じた。,2,このロボットを見た後に、難しいことにも一歩踏み出せそうだと感じた。,3,葛藤なし,行動あり,2
57,項目2_このロボットを見た後に、難しいことにも一歩踏み出せそうだと感じた。,2,このロボットを見た後に、難しいことにも一歩踏み出せそうだと感じた。,3,葛藤なし,行動あり,5
58,項目2_このロボットを見た後に、難しいことにも一歩踏み出せそうだと感じた。,2,このロボットを見た後に、難しいことにも一歩踏み出せそうだと感じた。,3,葛藤なし,行動あり,5
59,項目2_このロボットを見た後に、難しいことにも一歩踏み出せそうだと感じた。,2,このロボットを見た後に、難しいことにも一歩踏み出せそうだと感じた。,3,葛藤なし,行動あり,4
60,項目2_このロボットを見た後に、難しいことにも一歩踏み出せそうだと感じた。,2,このロボットを見た後に、難しいことにも一歩踏み出せそうだと感じた。,3,葛藤なし,行動あり,6
61,項目2_このロボットを見た後に、難しいことにも一歩踏み出せそうだと感じた。,2,このロボットを見た後に、難しいことにも一歩踏み出せそうだと感じた。,3,葛藤なし,行動あり,4
62,項目2_このロボットを見た後に、難しいことにも一歩踏み出せそうだと感じた。,2,このロボットを見た後に、難しいことにも一歩踏み出せそうだと感じた。,3,葛藤なし,行動あり,5
63,項目2_このロボットを見た後に、難しいことにも一歩踏み出せそうだと感じた。,2,このロボットを見た後に、難しいことにも一歩踏み出せそうだと感じた。,3,葛藤なし,行動あり,6
64,項目2_このロボットを見た後に、難しいことにも一歩踏み出せそうだと感じた。,2,このロボットを見た後に、難しいことにも一歩踏み出せそうだと感じた。,3,葛藤なし,行動あり,5
65,項目2_このロボットを見た後に、難しいことにも一歩踏み出せそうだと感じた。,2,このロボットを見た後に、難しいことにも一歩踏み出せそうだと感じた。,3,葛藤なし,行動あり,3
66,項目2_このロボットを見た後に、難しいことにも一歩踏み出せそうだと感じた。,2,このロボットを見た後に、難しいことにも一歩踏み出せそうだと感じた。,3,葛藤なし,行動あり,4
67,項目2_このロボットを見た後に、難しいことにも一歩踏み出せそうだと感じた。,2,このロボットを見た後に、難しいことにも一歩踏み出せそうだと感じた。,3,葛藤なし,行動あり,2
68,項目2_このロボットを見た後に、難しいことにも一歩踏み出せそうだと感じた。,2,このロボットを見た後に、難しいことにも一歩踏み出せそうだと感じた。,3,葛藤なし,行動あり,3
69,項目2_このロボットを見た後に、難しいことにも一歩踏み出せそうだと感じた。,2,このロボットを見た後に、難しいことにも一歩踏み出せそうだと感じた。,3,葛藤なし,行動あり,7
70,項目2_このロボットを見た後に、難しいことにも一歩踏み出せそうだと感じた。,2,このロボットを見た後に、難しいことにも一歩踏み出せそうだと感じた。,3,葛藤なし,行動あり,2
71,項目2_このロボットを見た後に、難しいことにも一歩踏み出せそうだと感じた。,2,このロボットを見た後に、難しいことにも一歩踏み出せそうだと感じた。,3,葛藤なし,行動あり,5
72,項目2_このロボットを見た後に、難しいことにも一歩踏み出せそうだと感じた。,2,このロボットを見た後に、難しいことにも一歩踏み出せそうだと感じた。,3,葛藤なし,行動あり,1
73,項目2_このロボットを見た後に、難しいことにも一歩踏み出せそうだと感じた。,2,このロボットを見た後に、難しいことにも一歩踏み出せそうだと感じた。,3,葛藤なし,行動あり,2
74,項目2_このロボットを見た後に、難しいことにも一歩踏み出せそうだと感じた。,2,このロボットを見た後に、難しいことにも一歩踏み出せそうだと感じた。,3,葛藤なし,行動あり,7
75,項目2_このロボットを見た後に、難しいことにも一歩踏み出せそうだと感じた。,2,このロボットを見た後に、難しいことにも一歩踏み出せそうだと感じた。,3,葛藤なし,行動あり,4
76,項目2_このロボットを見た後に、難しいことにも一歩踏み出せそうだと感じた。,2,このロボットを見た後に、難しいことにも一歩踏み出せそうだと感じた。,3,葛藤なし,行動あり,4
77,項目2_このロボットを見た後に、難しいことにも一歩踏み出せそうだと感じた。,2,このロボットを見た後に、難しいことにも一歩踏み出せそうだと感じた。,3,葛藤なし,行動あり,7
78,項目2_このロボットを見た後に、難しいことにも一歩踏み出せそうだと感じた。,2,このロボットを見た後に、難しいことにも一歩踏み出せそうだと感じた。,3,葛藤なし,行動あり,5
79,項目2_このロボットを見た後に、難しいことにも一歩踏み出せそうだと感じた。,2,このロボットを見た後に、難しいことにも一歩踏み出せそうだと感じた。,3,葛藤なし,行動あり,6
80,項目2_このロボットを見た後に、難しいことにも一歩踏み出せそうだと感じた。,2,このロボットを見た後に、難しいことにも一歩踏み出せそうだと感じた。,3,葛藤なし,行動あり,3
81,項目2_このロボットを見た後に、難しいことにも一歩踏み出せそうだと感じた。,2,このロボットを見た後に、難しいことにも一歩踏み出せそうだと感じた。,3,葛藤なし,行動あり,6
82,項目2_このロボットを見た後に、難しいことにも一歩踏み出せそうだと感じた。,2,このロボットを見た後に、難しいことにも一歩踏み出せそうだと感じた。,3,葛藤なし,行動あり,5
83,項目2_このロボットを見た後に、難しいことにも一歩踏み出せそうだと感じた。,2,このロボットを見た後に、難しいことにも一歩踏み出せそうだと感じた。,3,葛藤なし,行動あり,3
84,項目2_このロボットを見た後に、難しいことにも一歩踏み出せそうだと感じた。,2,このロボットを見た後に、難しいことにも一歩踏み出せそうだと感じた。,3,葛藤なし,行動あり,1
85,項目2_このロボットを見た後に、難しいことにも一歩踏み出せそうだと感じた。,2,このロボットを見た後に、難しいことにも一歩踏み出せそうだと感じた。,3,葛藤なし,行動あり,3
86,項目2_このロボットを見た後に、難しいことにも一歩踏み出せそうだと感じた。,2,このロボットを見た後に、難しいことにも一歩踏み出せそうだと感じた。,3,葛藤なし,行動あり,4
87,項目2_このロボットを見た後に、難しいことにも一歩踏み出せそうだと感じた。,2,このロボットを見た後に、難しいことにも一歩踏み出せそうだと感じた。,3,葛藤なし,行動あり,3
88,項目2_このロボットを見た後に、難しいことにも一歩踏み出せそうだと感じた。,2,このロボットを見た後に、難しいことにも一歩踏み出せそうだと感じた。,3,葛藤なし,行動あり,5
89,項目2_このロボットを見た後に、難しいことにも一歩踏み出せそうだと感じた。,2,このロボットを見た後に、難しいことにも一歩踏み出せそうだと感じた。,3,葛藤なし,行動あり,1
90,項目2_このロボットを見た後に、難しいことにも一歩踏み出せそうだと感じた。,2,このロボットを見た後に、難しいことにも一歩踏み出せそうだと感じた。,3,葛藤なし,行動あり,5
91,項目2_このロボットを見た後に、難しいことにも一歩踏み出せそうだと感じた。,2,このロボットを見た後に、難しいことにも一歩踏み出せそうだと感じた。,3,葛藤なし,行動あり,6
92,項目2_このロボットを見た後に、難しいことにも一歩踏み出せそうだと感じた。,2,このロボットを見た後に、難しいことにも一歩踏み出せそうだと感じた。,3,葛藤なし,行動あり,5
93,項目2_このロボットを見た後に、難しいことにも一歩踏み出せそうだと感じた。,2,このロボットを見た後に、難しいことにも一歩踏み出せそうだと感じた。,3,葛藤なし,行動あり,5
94,項目2_このロボットを見た後に、難しいことにも一歩踏み出せそうだと感じた。,2,このロボットを見た後に、難しいことにも一歩踏み出せそうだと感じた。,3,葛藤なし,行動あり,2
95,項目2_このロボットを見た後に、難しいことにも一歩踏み出せそうだと感じた。,2,このロボットを見た後に、難しいことにも一歩踏み出せそうだと感じた。,3,葛藤なし,行動あり,1
96,項目2_このロボットを見た後に、難しいことにも一歩踏み出せそうだと感じた。,2,このロボットを見た後に、難しいことにも一歩踏み出せそうだと感じた。,3,葛藤なし,行動あり,1
97,項目2_このロボットを見た後に、難しいことにも一歩踏み出せそうだと感じた。,2,このロボットを見た後に、難しいことにも一歩踏み出せそうだと感じた。,3,葛藤なし,行動あり,4
98,項目2_このロボットを見た後に、難しいことにも一歩踏み出せそうだと感じた。,2,このロボットを見た後に、難しいことにも一歩踏み出せそうだと感じた。,3,葛藤なし,行動あり,6
99,項目2_このロボットを見た後に、難しいことにも一歩踏み出せそうだと感じた。,2,このロボットを見た後に、難しいことにも一歩踏み出せそうだと感じた。,3,葛藤なし,行動あり,3
100,項目2_このロボットを見た後に、難しいことにも一歩踏み出せそうだと感じた。,2,このロボットを見た後に、難しいことにも一歩踏み出せそうだと感じた。,3,葛藤なし,行動あり,3
101,項目2_このロボットを見た後に、難しいことにも一歩踏み出せそうだと感じた。,2,このロボットを見た後に、難しいことにも一歩踏み出せそうだと感じた。,3,葛藤なし,行動あり,4
102,項目2_このロボットを見た後に、難しいことにも一歩踏み出せそうだと感じた。,2,このロボットを見た後に、難しいことにも一歩踏み出せそうだと感じた。,3,葛藤なし,行動あり,5
103,項目2_このロボットを見た後に、難しいことにも一歩踏み出せそうだと感じた。,2,このロボットを見た後に、難しいことにも一歩踏み出せそうだと感じた。,3,葛藤なし,行動あり,4
104,項目2_このロボットを見た後に、難しいことにも一歩踏み出せそうだと感じた。,2,このロボットを見た後に、難しいことにも一歩踏み出せそうだと感じた。,3,葛藤なし,行動あり,4
105,項目2_このロボットを見た後に、難しいことにも一歩踏み出せそうだと感じた。,2,このロボットを見た後に、難しいことにも一歩踏み出せそうだと感じた。,3,葛藤なし,行動あり,5
106,項目2_このロボットを見た後に、難しいことにも一歩踏み出せそうだと感じた。,2,このロボットを見た後に、難しいことにも一歩踏み出せそうだと感じた。,3,葛藤なし,行動あり,5
107,項目2_このロボットを見た後に、難しいことにも一歩踏み出せそうだと感じた。,2,このロボットを見た後に、難しいことにも一歩踏み出せそうだと感じた。,3,葛藤なし,行動あり,2
108,項目2_このロボットを見た後に、難しいことにも一歩踏み出せそうだと感じた。,2,このロボットを見た後に、難しいことにも一歩踏み出せそうだと感じた。,3,葛藤なし,行動あり,7
109,項目2_このロボットを見た後に、難しいことにも一歩踏み出せそうだと感じた。,2,このロボットを見た後に、難しいことにも一歩踏み出せそうだと感じた。,3,葛藤なし,行動あり,3
110,項目2_このロボットを見た後に、難しいことにも一歩踏み出せそうだと感じた。,2,このロボットを見た後に、難しいことにも一歩踏み出せそうだと感じた。,3,葛藤なし,行動あり,5
111,項目2_このロボットを見た後に、難しいことにも一歩踏み出せそうだと感じた。,2,このロボットを見た後に、難しいことにも一歩踏み出せそうだと感じた。,3,葛藤なし,行動あり,3
112,項目2_このロボットを見た後に、難しいことにも一歩踏み出せそうだと感じた。,2,このロボットを見た後に、難しいことにも一歩踏み出せそうだと感じた。,3,葛藤なし,行動あり,4
113,項目2_このロボットを見た後に、難しいことにも一歩踏み出せそうだと感じた。,2,このロボットを見た後に、難しいことにも一歩踏み出せそうだと感じた。,3,葛藤なし,行動あり,6
114,項目2_このロボットを見た後に、難しいことにも一歩踏み出せそうだと感じた。,2,このロボットを見た後に、難しいことにも一歩踏み出せそうだと感じた。,3,葛藤なし,行動あり,3
115,項目2_このロボットを見た後に、難しいことにも一歩踏み出せそうだと感じた。,2,このロボットを見た後に、難しいことにも一歩踏み出せそうだと感じた。,3,葛藤なし,行動あり,4
116,項目2_このロボットを見た後に、難しいことにも一歩踏み出せそうだと感じた。,2,このロボットを見た後に、難しいことにも一歩踏み出せそうだと感じた。,3,葛藤なし,行動あり,2
117,項目2_このロボットを見た後に、難しいことにも一歩踏み出せそうだと感じた。,2,このロボットを見た後に、難しいことにも一歩踏み出せそうだと感じた。,3,葛藤なし,行動あり,6
118,項目2_このロボットを見た後に、難しいことにも一歩踏み出せそうだと感じた。,2,このロボットを見た後に、難しいことにも一歩踏み出せそうだと感じた。,3,葛藤なし,行動あり,4
119,項目2_このロボットを見た後に、難しいことにも一歩踏み出せそうだと感じた。,2,このロボットを見た後に、難しいことにも一歩踏み出せそうだと感じた。,3,葛藤なし,行動あり,3
120,項目2_このロボットを見た後に、難しいことにも一歩踏み出せそうだと感じた。,2,このロボットを見た後に、難しいことにも一歩踏み出せそうだと感じた。,3,葛藤なし,行動あり,2
121,項目2_このロボットを見た後に、難しいことにも一歩踏み出せそうだと感じた。,2,このロボットを見た後に、難しいことにも一歩踏み出せそうだと感じた。,3,葛藤なし,行動あり,7
122,項目2_このロボットを見た後に、難しいことにも一歩踏み出せそうだと感じた。,2,このロボットを見た後に、難しいことにも一歩踏み出せそうだと感じた。,3,葛藤なし,行動あり,1
123,項目2_このロボットを見た後に、難しいことにも一歩踏み出せそうだと感じた。,2,このロボットを見た後に、難しいことにも一歩踏み出せそうだと感じた。,3,葛藤なし,行動あり,4
124,項目2_このロボットを見た後に、難しいことにも一歩踏み出せそうだと感じた。,2,このロボットを見た後に、難しいことにも一歩踏み出せそうだと感じた。,3,葛藤なし,行動あり,4
125,項目2_このロボットを見た後に、難しいことにも一歩踏み出せそうだと感じた。,2,このロボットを見た後に、難しいことにも一歩踏み出せそうだと感じた。,3,葛藤なし,行動あり,4
126,項目2_このロボットを見た後に、難しいことにも一歩踏み出せそうだと感じた。,2,このロボットを見た後に、難しいことにも一歩踏み出せそうだと感じた。,3,葛藤なし,行動あり,5
1,項目2_このロボットを見た後に、難しいことにも一歩踏み出せそうだと感じた。,2,このロボットを見た後に、難しいことにも一歩踏み出せそうだと感じた。,4,葛藤なし,行動なし,3
2,項目2_このロボットを見た後に、難しいことにも一歩踏み出せそうだと感じた。,2,このロボットを見た後に、難しいことにも一歩踏み出せそうだと感じた。,4,葛藤なし,行動なし,4
3,項目2_このロボットを見た後に、難しいことにも一歩踏み出せそうだと感じた。,2,このロボットを見た後に、難しいことにも一歩踏み出せそうだと感じた。,4,葛藤なし,行動なし,4
4,項目2_このロボットを見た後に、難しいことにも一歩踏み出せそうだと感じた。,2,このロボットを見た後に、難しいことにも一歩踏み出せそうだと感じた。,4,葛藤なし,行動なし,5
5,項目2_このロボットを見た後に、難しいことにも一歩踏み出せそうだと感じた。,2,このロボットを見た後に、難しいことにも一歩踏み出せそうだと感じた。,4,葛藤なし,行動なし,2
6,項目2_このロボットを見た後に、難しいことにも一歩踏み出せそうだと感じた。,2,このロボットを見た後に、難しいことにも一歩踏み出せそうだと感じた。,4,葛藤なし,行動なし,3
7,項目2_このロボットを見た後に、難しいことにも一歩踏み出せそうだと感じた。,2,このロボットを見た後に、難しいことにも一歩踏み出せそうだと感じた。,4,葛藤なし,行動なし,1
8,項目2_このロボットを見た後に、難しいことにも一歩踏み出せそうだと感じた。,2,このロボットを見た後に、難しいことにも一歩踏み出せそうだと感じた。,4,葛藤なし,行動なし,1
9,項目2_このロボットを見た後に、難しいことにも一歩踏み出せそうだと感じた。,2,このロボットを見た後に、難しいことにも一歩踏み出せそうだと感じた。,4,葛藤なし,行動なし,4
10,項目2_このロボットを見た後に、難しいことにも一歩踏み出せそうだと感じた。,2,このロボットを見た後に、難しいことにも一歩踏み出せそうだと感じた。,4,葛藤なし,行動なし,4
11,項目2_このロボットを見た後に、難しいことにも一歩踏み出せそうだと感じた。,2,このロボットを見た後に、難しいことにも一歩踏み出せそうだと感じた。,4,葛藤なし,行動なし,3
12,項目2_このロボットを見た後に、難しいことにも一歩踏み出せそうだと感じた。,2,このロボットを見た後に、難しいことにも一歩踏み出せそうだと感じた。,4,葛藤なし,行動なし,4
13,項目2_このロボットを見た後に、難しいことにも一歩踏み出せそうだと感じた。,2,このロボットを見た後に、難しいことにも一歩踏み出せそうだと感じた。,4,葛藤なし,行動なし,3
14,項目2_このロボットを見た後に、難しいことにも一歩踏み出せそうだと感じた。,2,このロボットを見た後に、難しいことにも一歩踏み出せそうだと感じた。,4,葛藤なし,行動なし,2
15,項目2_このロボットを見た後に、難しいことにも一歩踏み出せそうだと感じた。,2,このロボットを見た後に、難しいことにも一歩踏み出せそうだと感じた。,4,葛藤なし,行動なし,2
16,項目2_このロボットを見た後に、難しいことにも一歩踏み出せそうだと感じた。,2,このロボットを見た後に、難しいことにも一歩踏み出せそうだと感じた。,4,葛藤なし,行動なし,6
17,項目2_このロボットを見た後に、難しいことにも一歩踏み出せそうだと感じた。,2,このロボットを見た後に、難しいことにも一歩踏み出せそうだと感じた。,4,葛藤なし,行動なし,2
18,項目2_このロボットを見た後に、難しいことにも一歩踏み出せそうだと感じた。,2,このロボットを見た後に、難しいことにも一歩踏み出せそうだと感じた。,4,葛藤なし,行動なし,3
19,項目2_このロボットを見た後に、難しいことにも一歩踏み出せそうだと感じた。,2,このロボットを見た後に、難しいことにも一歩踏み出せそうだと感じた。,4,葛藤なし,行動なし,1
20,項目2_このロボットを見た後に、難しいことにも一歩踏み出せそうだと感じた。,2,このロボットを見た後に、難しいことにも一歩踏み出せそうだと感じた。,4,葛藤なし,行動なし,7
21,項目2_このロボットを見た後に、難しいことにも一歩踏み出せそうだと感じた。,2,このロボットを見た後に、難しいことにも一歩踏み出せそうだと感じた。,4,葛藤なし,行動なし,3
22,項目2_このロボットを見た後に、難しいことにも一歩踏み出せそうだと感じた。,2,このロボットを見た後に、難しいことにも一歩踏み出せそうだと感じた。,4,葛藤なし,行動なし,2
23,項目2_このロボットを見た後に、難しいことにも一歩踏み出せそうだと感じた。,2,このロボットを見た後に、難しいことにも一歩踏み出せそうだと感じた。,4,葛藤なし,行動なし,5
24,項目2_このロボットを見た後に、難しいことにも一歩踏み出せそうだと感じた。,2,このロボットを見た後に、難しいことにも一歩踏み出せそうだと感じた。,4,葛藤なし,行動なし,4
25,項目2_このロボットを見た後に、難しいことにも一歩踏み出せそうだと感じた。,2,このロボットを見た後に、難しいことにも一歩踏み出せそうだと感じた。,4,葛藤なし,行動なし,1
26,項目2_このロボットを見た後に、難しいことにも一歩踏み出せそうだと感じた。,2,このロボットを見た後に、難しいことにも一歩踏み出せそうだと感じた。,4,葛藤なし,行動なし,4
27,項目2_このロボットを見た後に、難しいことにも一歩踏み出せそうだと感じた。,2,このロボットを見た後に、難しいことにも一歩踏み出せそうだと感じた。,4,葛藤なし,行動なし,1
28,項目2_このロボットを見た後に、難しいことにも一歩踏み出せそうだと感じた。,2,このロボットを見た後に、難しいことにも一歩踏み出せそうだと感じた。,4,葛藤なし,行動なし,1
29,項目2_このロボットを見た後に、難しいことにも一歩踏み出せそうだと感じた。,2,このロボットを見た後に、難しいことにも一歩踏み出せそうだと感じた。,4,葛藤なし,行動なし,4
30,項目2_このロボットを見た後に、難しいことにも一歩踏み出せそうだと感じた。,2,このロボットを見た後に、難しいことにも一歩踏み出せそうだと感じた。,4,葛藤なし,行動なし,5
31,項目2_このロボットを見た後に、難しいことにも一歩踏み出せそうだと感じた。,2,このロボットを見た後に、難しいことにも一歩踏み出せそうだと感じた。,4,葛藤なし,行動なし,4
32,項目2_このロボットを見た後に、難しいことにも一歩踏み出せそうだと感じた。,2,このロボットを見た後に、難しいことにも一歩踏み出せそうだと感じた。,4,葛藤なし,行動なし,6
33,項目2_このロボットを見た後に、難しいことにも一歩踏み出せそうだと感じた。,2,このロボットを見た後に、難しいことにも一歩踏み出せそうだと感じた。,4,葛藤なし,行動なし,1
34,項目2_このロボットを見た後に、難しいことにも一歩踏み出せそうだと感じた。,2,このロボットを見た後に、難しいことにも一歩踏み出せそうだと感じた。,4,葛藤なし,行動なし,7
35,項目2_このロボットを見た後に、難しいことにも一歩踏み出せそうだと感じた。,2,このロボットを見た後に、難しいことにも一歩踏み出せそうだと感じた。,4,葛藤なし,行動なし,5
36,項目2_このロボットを見た後に、難しいことにも一歩踏み出せそうだと感じた。,2,このロボットを見た後に、難しいことにも一歩踏み出せそうだと感じた。,4,葛藤なし,行動なし,2
37,項目2_このロボットを見た後に、難しいことにも一歩踏み出せそうだと感じた。,2,このロボットを見た後に、難しいことにも一歩踏み出せそうだと感じた。,4,葛藤なし,行動なし,2
38,項目2_このロボットを見た後に、難しいことにも一歩踏み出せそうだと感じた。,2,このロボットを見た後に、難しいことにも一歩踏み出せそうだと感じた。,4,葛藤なし,行動なし,2
39,項目2_このロボットを見た後に、難しいことにも一歩踏み出せそうだと感じた。,2,このロボットを見た後に、難しいことにも一歩踏み出せそうだと感じた。,4,葛藤なし,行動なし,2
40,項目2_このロボットを見た後に、難しいことにも一歩踏み出せそうだと感じた。,2,このロボットを見た後に、難しいことにも一歩踏み出せそうだと感じた。,4,葛藤なし,行動なし,3
41,項目2_このロボットを見た後に、難しいことにも一歩踏み出せそうだと感じた。,2,このロボットを見た後に、難しいことにも一歩踏み出せそうだと感じた。,4,葛藤なし,行動なし,3
42,項目2_このロボットを見た後に、難しいことにも一歩踏み出せそうだと感じた。,2,このロボットを見た後に、難しいことにも一歩踏み出せそうだと感じた。,4,葛藤なし,行動なし,3
43,項目2_このロボットを見た後に、難しいことにも一歩踏み出せそうだと感じた。,2,このロボットを見た後に、難しいことにも一歩踏み出せそうだと感じた。,4,葛藤なし,行動なし,3
44,項目2_このロボットを見た後に、難しいことにも一歩踏み出せそうだと感じた。,2,このロボットを見た後に、難しいことにも一歩踏み出せそうだと感じた。,4,葛藤なし,行動なし,1
45,項目2_このロボットを見た後に、難しいことにも一歩踏み出せそうだと感じた。,2,このロボットを見た後に、難しいことにも一歩踏み出せそうだと感じた。,4,葛藤なし,行動なし,5
46,項目2_このロボットを見た後に、難しいことにも一歩踏み出せそうだと感じた。,2,このロボットを見た後に、難しいことにも一歩踏み出せそうだと感じた。,4,葛藤なし,行動なし,2
47,項目2_このロボットを見た後に、難しいことにも一歩踏み出せそうだと感じた。,2,このロボットを見た後に、難しいことにも一歩踏み出せそうだと感じた。,4,葛藤なし,行動なし,5
48,項目2_このロボットを見た後に、難しいことにも一歩踏み出せそうだと感じた。,2,このロボットを見た後に、難しいことにも一歩踏み出せそうだと感じた。,4,葛藤なし,行動なし,4
49,項目2_このロボットを見た後に、難しいことにも一歩踏み出せそうだと感じた。,2,このロボットを見た後に、難しいことにも一歩踏み出せそうだと感じた。,4,葛藤なし,行動なし,4
50,項目2_このロボットを見た後に、難しいことにも一歩踏み出せそうだと感じた。,2,このロボットを見た後に、難しいことにも一歩踏み出せそうだと感じた。,4,葛藤なし,行動なし,4
51,項目2_このロボットを見た後に、難しいことにも一歩踏み出せそうだと感じた。,2,このロボットを見た後に、難しいことにも一歩踏み出せそうだと感じた。,4,葛藤なし,行動なし,2
52,項目2_このロボットを見た後に、難しいことにも一歩踏み出せそうだと感じた。,2,このロボットを見た後に、難しいことにも一歩踏み出せそうだと感じた。,4,葛藤なし,行動なし,2
53,項目2_このロボットを見た後に、難しいことにも一歩踏み出せそうだと感じた。,2,このロボットを見た後に、難しいことにも一歩踏み出せそうだと感じた。,4,葛藤なし,行動なし,3
54,項目2_このロボットを見た後に、難しいことにも一歩踏み出せそうだと感じた。,2,このロボットを見た後に、難しいことにも一歩踏み出せそうだと感じた。,4,葛藤なし,行動なし,3
55,項目2_このロボットを見た後に、難しいことにも一歩踏み出せそうだと感じた。,2,このロボットを見た後に、難しいことにも一歩踏み出せそうだと感じた。,4,葛藤なし,行動なし,5
56,項目2_このロボットを見た後に、難しいことにも一歩踏み出せそうだと感じた。,2,このロボットを見た後に、難しいことにも一歩踏み出せそうだと感じた。,4,葛藤なし,行動なし,2
57,項目2_このロボットを見た後に、難しいことにも一歩踏み出せそうだと感じた。,2,このロボットを見た後に、難しいことにも一歩踏み出せそうだと感じた。,4,葛藤なし,行動なし,3
58,項目2_このロボットを見た後に、難しいことにも一歩踏み出せそうだと感じた。,2,このロボットを見た後に、難しいことにも一歩踏み出せそうだと感じた。,4,葛藤なし,行動なし,4
59,項目2_このロボットを見た後に、難しいことにも一歩踏み出せそうだと感じた。,2,このロボットを見た後に、難しいことにも一歩踏み出せそうだと感じた。,4,葛藤なし,行動なし,1
60,項目2_このロボットを見た後に、難しいことにも一歩踏み出せそうだと感じた。,2,このロボットを見た後に、難しいことにも一歩踏み出せそうだと感じた。,4,葛藤なし,行動なし,4
61,項目2_このロボットを見た後に、難しいことにも一歩踏み出せそうだと感じた。,2,このロボットを見た後に、難しいことにも一歩踏み出せそうだと感じた。,4,葛藤なし,行動なし,2
62,項目2_このロボットを見た後に、難しいことにも一歩踏み出せそうだと感じた。,2,このロボットを見た後に、難しいことにも一歩踏み出せそうだと感じた。,4,葛藤なし,行動なし,4
63,項目2_このロボットを見た後に、難しいことにも一歩踏み出せそうだと感じた。,2,このロボットを見た後に、難しいことにも一歩踏み出せそうだと感じた。,4,葛藤なし,行動なし,1
64,項目2_このロボットを見た後に、難しいことにも一歩踏み出せそうだと感じた。,2,このロボットを見た後に、難しいことにも一歩踏み出せそうだと感じた。,4,葛藤なし,行動なし,2
65,項目2_このロボットを見た後に、難しいことにも一歩踏み出せそうだと感じた。,2,このロボットを見た後に、難しいことにも一歩踏み出せそうだと感じた。,4,葛藤なし,行動なし,4
66,項目2_このロボットを見た後に、難しいことにも一歩踏み出せそうだと感じた。,2,このロボットを見た後に、難しいことにも一歩踏み出せそうだと感じた。,4,葛藤なし,行動なし,1
67,項目2_このロボットを見た後に、難しいことにも一歩踏み出せそうだと感じた。,2,このロボットを見た後に、難しいことにも一歩踏み出せそうだと感じた。,4,葛藤なし,行動なし,2
68,項目2_このロボットを見た後に、難しいことにも一歩踏み出せそうだと感じた。,2,このロボットを見た後に、難しいことにも一歩踏み出せそうだと感じた。,4,葛藤なし,行動なし,1
69,項目2_このロボットを見た後に、難しいことにも一歩踏み出せそうだと感じた。,2,このロボットを見た後に、難しいことにも一歩踏み出せそうだと感じた。,4,葛藤なし,行動なし,5
70,項目2_このロボットを見た後に、難しいことにも一歩踏み出せそうだと感じた。,2,このロボットを見た後に、難しいことにも一歩踏み出せそうだと感じた。,4,葛藤なし,行動なし,2
71,項目2_このロボットを見た後に、難しいことにも一歩踏み出せそうだと感じた。,2,このロボットを見た後に、難しいことにも一歩踏み出せそうだと感じた。,4,葛藤なし,行動なし,1
72,項目2_このロボットを見た後に、難しいことにも一歩踏み出せそうだと感じた。,2,このロボットを見た後に、難しいことにも一歩踏み出せそうだと感じた。,4,葛藤なし,行動なし,1
73,項目2_このロボットを見た後に、難しいことにも一歩踏み出せそうだと感じた。,2,このロボットを見た後に、難しいことにも一歩踏み出せそうだと感じた。,4,葛藤なし,行動なし,3
74,項目2_このロボットを見た後に、難しいことにも一歩踏み出せそうだと感じた。,2,このロボットを見た後に、難しいことにも一歩踏み出せそうだと感じた。,4,葛藤なし,行動なし,1
75,項目2_このロボットを見た後に、難しいことにも一歩踏み出せそうだと感じた。,2,このロボットを見た後に、難しいことにも一歩踏み出せそうだと感じた。,4,葛藤なし,行動なし,4
76,項目2_このロボットを見た後に、難しいことにも一歩踏み出せそうだと感じた。,2,このロボットを見た後に、難しいことにも一歩踏み出せそうだと感じた。,4,葛藤なし,行動なし,6
77,項目2_このロボットを見た後に、難しいことにも一歩踏み出せそうだと感じた。,2,このロボットを見た後に、難しいことにも一歩踏み出せそうだと感じた。,4,葛藤なし,行動なし,1
78,項目2_このロボットを見た後に、難しいことにも一歩踏み出せそうだと感じた。,2,このロボットを見た後に、難しいことにも一歩踏み出せそうだと感じた。,4,葛藤なし,行動なし,2
79,項目2_このロボットを見た後に、難しいことにも一歩踏み出せそうだと感じた。,2,このロボットを見た後に、難しいことにも一歩踏み出せそうだと感じた。,4,葛藤なし,行動なし,1
80,項目2_このロボットを見た後に、難しいことにも一歩踏み出せそうだと感じた。,2,このロボットを見た後に、難しいことにも一歩踏み出せそうだと感じた。,4,葛藤なし,行動なし,2
81,項目2_このロボットを見た後に、難しいことにも一歩踏み出せそうだと感じた。,2,このロボットを見た後に、難しいことにも一歩踏み出せそうだと感じた。,4,葛藤なし,行動なし,2
82,項目2_このロボットを見た後に、難しいことにも一歩踏み出せそうだと感じた。,2,このロボットを見た後に、難しいことにも一歩踏み出せそうだと感じた。,4,葛藤なし,行動なし,5
83,項目2_このロボットを見た後に、難しいことにも一歩踏み出せそうだと感じた。,2,このロボットを見た後に、難しいことにも一歩踏み出せそうだと感じた。,4,葛藤なし,行動なし,1
84,項目2_このロボットを見た後に、難しいことにも一歩踏み出せそうだと感じた。,2,このロボットを見た後に、難しいことにも一歩踏み出せそうだと感じた。,4,葛藤なし,行動なし,1
85,項目2_このロボットを見た後に、難しいことにも一歩踏み出せそうだと感じた。,2,このロボットを見た後に、難しいことにも一歩踏み出せそうだと感じた。,4,葛藤なし,行動なし,3
86,項目2_このロボットを見た後に、難しいことにも一歩踏み出せそうだと感じた。,2,このロボットを見た後に、難しいことにも一歩踏み出せそうだと感じた。,4,葛藤なし,行動なし,4
87,項目2_このロボットを見た後に、難しいことにも一歩踏み出せそうだと感じた。,2,このロボットを見た後に、難しいことにも一歩踏み出せそうだと感じた。,4,葛藤なし,行動なし,4
88,項目2_このロボットを見た後に、難しいことにも一歩踏み出せそうだと感じた。,2,このロボットを見た後に、難しいことにも一歩踏み出せそうだと感じた。,4,葛藤なし,行動なし,1
89,項目2_このロボットを見た後に、難しいことにも一歩踏み出せそうだと感じた。,2,このロボットを見た後に、難しいことにも一歩踏み出せそうだと感じた。,4,葛藤なし,行動なし,1
90,項目2_このロボットを見た後に、難しいことにも一歩踏み出せそうだと感じた。,2,このロボットを見た後に、難しいことにも一歩踏み出せそうだと感じた。,4,葛藤なし,行動なし,2
91,項目2_このロボットを見た後に、難しいことにも一歩踏み出せそうだと感じた。,2,このロボットを見た後に、難しいことにも一歩踏み出せそうだと感じた。,4,葛藤なし,行動なし,3
92,項目2_このロボットを見た後に、難しいことにも一歩踏み出せそうだと感じた。,2,このロボットを見た後に、難しいことにも一歩踏み出せそうだと感じた。,4,葛藤なし,行動なし,1
93,項目2_このロボットを見た後に、難しいことにも一歩踏み出せそうだと感じた。,2,このロボットを見た後に、難しいことにも一歩踏み出せそうだと感じた。,4,葛藤なし,行動なし,5
94,項目2_このロボットを見た後に、難しいことにも一歩踏み出せそうだと感じた。,2,このロボットを見た後に、難しいことにも一歩踏み出せそうだと感じた。,4,葛藤なし,行動なし,1
95,項目2_このロボットを見た後に、難しいことにも一歩踏み出せそうだと感じた。,2,このロボットを見た後に、難しいことにも一歩踏み出せそうだと感じた。,4,葛藤なし,行動なし,5
96,項目2_このロボットを見た後に、難しいことにも一歩踏み出せそうだと感じた。,2,このロボットを見た後に、難しいことにも一歩踏み出せそうだと感じた。,4,葛藤なし,行動なし,1
97,項目2_このロボットを見た後に、難しいことにも一歩踏み出せそうだと感じた。,2,このロボットを見た後に、難しいことにも一歩踏み出せそうだと感じた。,4,葛藤なし,行動なし,1
98,項目2_このロボットを見た後に、難しいことにも一歩踏み出せそうだと感じた。,2,このロボットを見た後に、難しいことにも一歩踏み出せそうだと感じた。,4,葛藤なし,行動なし,3
99,項目2_このロボットを見た後に、難しいことにも一歩踏み出せそうだと感じた。,2,このロボットを見た後に、難しいことにも一歩踏み出せそうだと感じた。,4,葛藤なし,行動なし,1
100,項目2_このロボットを見た後に、難しいことにも一歩踏み出せそうだと感じた。,2,このロボットを見た後に、難しいことにも一歩踏み出せそうだと感じた。,4,葛藤なし,行動なし,1
101,項目2_このロボットを見た後に、難しいことにも一歩踏み出せそうだと感じた。,2,このロボットを見た後に、難しいことにも一歩踏み出せそうだと感じた。,4,葛藤なし,行動なし,4
102,項目2_このロボットを見た後に、難しいことにも一歩踏み出せそうだと感じた。,2,このロボットを見た後に、難しいことにも一歩踏み出せそうだと感じた。,4,葛藤なし,行動なし,5
103,項目2_このロボットを見た後に、難しいことにも一歩踏み出せそうだと感じた。,2,このロボットを見た後に、難しいことにも一歩踏み出せそうだと感じた。,4,葛藤なし,行動なし,3
104,項目2_このロボットを見た後に、難しいことにも一歩踏み出せそうだと感じた。,2,このロボットを見た後に、難しいことにも一歩踏み出せそうだと感じた。,4,葛藤なし,行動なし,4
105,項目2_このロボットを見た後に、難しいことにも一歩踏み出せそうだと感じた。,2,このロボットを見た後に、難しいことにも一歩踏み出せそうだと感じた。,4,葛藤なし,行動なし,5
106,項目2_このロボットを見た後に、難しいことにも一歩踏み出せそうだと感じた。,2,このロボットを見た後に、難しいことにも一歩踏み出せそうだと感じた。,4,葛藤なし,行動なし,3
107,項目2_このロボットを見た後に、難しいことにも一歩踏み出せそうだと感じた。,2,このロボットを見た後に、難しいことにも一歩踏み出せそうだと感じた。,4,葛藤なし,行動なし,2
108,項目2_このロボットを見た後に、難しいことにも一歩踏み出せそうだと感じた。,2,このロボットを見た後に、難しいことにも一歩踏み出せそうだと感じた。,4,葛藤なし,行動なし,1
109,項目2_このロボットを見た後に、難しいことにも一歩踏み出せそうだと感じた。,2,このロボットを見た後に、難しいことにも一歩踏み出せそうだと感じた。,4,葛藤なし,行動なし,2
110,項目2_このロボットを見た後に、難しいことにも一歩踏み出せそうだと感じた。,2,このロボットを見た後に、難しいことにも一歩踏み出せそうだと感じた。,4,葛藤なし,行動なし,4
111,項目2_このロボットを見た後に、難しいことにも一歩踏み出せそうだと感じた。,2,このロボットを見た後に、難しいことにも一歩踏み出せそうだと感じた。,4,葛藤なし,行動なし,3
112,項目2_このロボットを見た後に、難しいことにも一歩踏み出せそうだと感じた。,2,このロボットを見た後に、難しいことにも一歩踏み出せそうだと感じた。,4,葛藤なし,行動なし,4
113,項目2_このロボットを見た後に、難しいことにも一歩踏み出せそうだと感じた。,2,このロボットを見た後に、難しいことにも一歩踏み出せそうだと感じた。,4,葛藤なし,行動なし,6
114,項目2_このロボットを見た後に、難しいことにも一歩踏み出せそうだと感じた。,2,このロボットを見た後に、難しいことにも一歩踏み出せそうだと感じた。,4,葛藤なし,行動なし,3
115,項目2_このロボットを見た後に、難しいことにも一歩踏み出せそうだと感じた。,2,このロボットを見た後に、難しいことにも一歩踏み出せそうだと感じた。,4,葛藤なし,行動なし,5
116,項目2_このロボットを見た後に、難しいことにも一歩踏み出せそうだと感じた。,2,このロボットを見た後に、難しいことにも一歩踏み出せそうだと感じた。,4,葛藤なし,行動なし,1
117,項目2_このロボットを見た後に、難しいことにも一歩踏み出せそうだと感じた。,2,このロボットを見た後に、難しいことにも一歩踏み出せそうだと感じた。,4,葛藤なし,行動なし,2
118,項目2_このロボットを見た後に、難しいことにも一歩踏み出せそうだと感じた。,2,このロボットを見た後に、難しいことにも一歩踏み出せそうだと感じた。,4,葛藤なし,行動なし,4
119,項目2_このロボットを見た後に、難しいことにも一歩踏み出せそうだと感じた。,2,このロボットを見た後に、難しいことにも一歩踏み出せそうだと感じた。,4,葛藤なし,行動なし,2
120,項目2_このロボットを見た後に、難しいことにも一歩踏み出せそうだと感じた。,2,このロボットを見た後に、難しいことにも一歩踏み出せそうだと感じた。,4,葛藤なし,行動なし,5
121,項目2_このロボットを見た後に、難しいことにも一歩踏み出せそうだと感じた。,2,このロボットを見た後に、難しいことにも一歩踏み出せそうだと感じた。,4,葛藤なし,行動なし,1
122,項目2_このロボットを見た後に、難しいことにも一歩踏み出せそうだと感じた。,2,このロボットを見た後に、難しいことにも一歩踏み出せそうだと感じた。,4,葛藤なし,行動なし,1
123,項目2_このロボットを見た後に、難しいことにも一歩踏み出せそうだと感じた。,2,このロボットを見た後に、難しいことにも一歩踏み出せそうだと感じた。,4,葛藤なし,行動なし,5
124,項目2_このロボットを見た後に、難しいことにも一歩踏み出せそうだと感じた。,2,このロボットを見た後に、難しいことにも一歩踏み出せそうだと感じた。,4,葛藤なし,行動なし,3
125,項目2_このロボットを見た後に、難しいことにも一歩踏み出せそうだと感じた。,2,このロボットを見た後に、難しいことにも一歩踏み出せそうだと感じた。,4,葛藤なし,行動なし,4
126,項目2_このロボットを見た後に、難しいことにも一歩踏み出せそうだと感じた。,2,このロボットを見た後に、難しいことにも一歩踏み出せそうだと感じた。,4,葛藤なし,行動なし,2
1,項目3_このロボットから勇気をもらったと感じた。,3,このロボットから勇気をもらったと感じた。,1,葛藤あり,行動あり,3
2,項目3_このロボットから勇気をもらったと感じた。,3,このロボットから勇気をもらったと感じた。,1,葛藤あり,行動あり,4
3,項目3_このロボットから勇気をもらったと感じた。,3,このロボットから勇気をもらったと感じた。,1,葛藤あり,行動あり,4
4,項目3_このロボットから勇気をもらったと感じた。,3,このロボットから勇気をもらったと感じた。,1,葛藤あり,行動あり,5
5,項目3_このロボットから勇気をもらったと感じた。,3,このロボットから勇気をもらったと感じた。,1,葛藤あり,行動あり,5
6,項目3_このロボットから勇気をもらったと感じた。,3,このロボットから勇気をもらったと感じた。,1,葛藤あり,行動あり,5
7,項目3_このロボットから勇気をもらったと感じた。,3,このロボットから勇気をもらったと感じた。,1,葛藤あり,行動あり,5
8,項目3_このロボットから勇気をもらったと感じた。,3,このロボットから勇気をもらったと感じた。,1,葛藤あり,行動あり,2
9,項目3_このロボットから勇気をもらったと感じた。,3,このロボットから勇気をもらったと感じた。,1,葛藤あり,行動あり,5
10,項目3_このロボットから勇気をもらったと感じた。,3,このロボットから勇気をもらったと感じた。,1,葛藤あり,行動あり,3
11,項目3_このロボットから勇気をもらったと感じた。,3,このロボットから勇気をもらったと感じた。,1,葛藤あり,行動あり,4
12,項目3_このロボットから勇気をもらったと感じた。,3,このロボットから勇気をもらったと感じた。,1,葛藤あり,行動あり,5
13,項目3_このロボットから勇気をもらったと感じた。,3,このロボットから勇気をもらったと感じた。,1,葛藤あり,行動あり,5
14,項目3_このロボットから勇気をもらったと感じた。,3,このロボットから勇気をもらったと感じた。,1,葛藤あり,行動あり,5
15,項目3_このロボットから勇気をもらったと感じた。,3,このロボットから勇気をもらったと感じた。,1,葛藤あり,行動あり,2
16,項目3_このロボットから勇気をもらったと感じた。,3,このロボットから勇気をもらったと感じた。,1,葛藤あり,行動あり,5
17,項目3_このロボットから勇気をもらったと感じた。,3,このロボットから勇気をもらったと感じた。,1,葛藤あり,行動あり,3
18,項目3_このロボットから勇気をもらったと感じた。,3,このロボットから勇気をもらったと感じた。,1,葛藤あり,行動あり,3
19,項目3_このロボットから勇気をもらったと感じた。,3,このロボットから勇気をもらったと感じた。,1,葛藤あり,行動あり,5
20,項目3_このロボットから勇気をもらったと感じた。,3,このロボットから勇気をもらったと感じた。,1,葛藤あり,行動あり,7
21,項目3_このロボットから勇気をもらったと感じた。,3,このロボットから勇気をもらったと感じた。,1,葛藤あり,行動あり,4
22,項目3_このロボットから勇気をもらったと感じた。,3,このロボットから勇気をもらったと感じた。,1,葛藤あり,行動あり,2
23,項目3_このロボットから勇気をもらったと感じた。,3,このロボットから勇気をもらったと感じた。,1,葛藤あり,行動あり,3
24,項目3_このロボットから勇気をもらったと感じた。,3,このロボットから勇気をもらったと感じた。,1,葛藤あり,行動あり,3
25,項目3_このロボットから勇気をもらったと感じた。,3,このロボットから勇気をもらったと感じた。,1,葛藤あり,行動あり,5
26,項目3_このロボットから勇気をもらったと感じた。,3,このロボットから勇気をもらったと感じた。,1,葛藤あり,行動あり,5
27,項目3_このロボットから勇気をもらったと感じた。,3,このロボットから勇気をもらったと感じた。,1,葛藤あり,行動あり,2
28,項目3_このロボットから勇気をもらったと感じた。,3,このロボットから勇気をもらったと感じた。,1,葛藤あり,行動あり,1
29,項目3_このロボットから勇気をもらったと感じた。,3,このロボットから勇気をもらったと感じた。,1,葛藤あり,行動あり,4
30,項目3_このロボットから勇気をもらったと感じた。,3,このロボットから勇気をもらったと感じた。,1,葛藤あり,行動あり,5
31,項目3_このロボットから勇気をもらったと感じた。,3,このロボットから勇気をもらったと感じた。,1,葛藤あり,行動あり,2
32,項目3_このロボットから勇気をもらったと感じた。,3,このロボットから勇気をもらったと感じた。,1,葛藤あり,行動あり,6
33,項目3_このロボットから勇気をもらったと感じた。,3,このロボットから勇気をもらったと感じた。,1,葛藤あり,行動あり,6
34,項目3_このロボットから勇気をもらったと感じた。,3,このロボットから勇気をもらったと感じた。,1,葛藤あり,行動あり,7
35,項目3_このロボットから勇気をもらったと感じた。,3,このロボットから勇気をもらったと感じた。,1,葛藤あり,行動あり,5
36,項目3_このロボットから勇気をもらったと感じた。,3,このロボットから勇気をもらったと感じた。,1,葛藤あり,行動あり,4
37,項目3_このロボットから勇気をもらったと感じた。,3,このロボットから勇気をもらったと感じた。,1,葛藤あり,行動あり,3
38,項目3_このロボットから勇気をもらったと感じた。,3,このロボットから勇気をもらったと感じた。,1,葛藤あり,行動あり,5
39,項目3_このロボットから勇気をもらったと感じた。,3,このロボットから勇気をもらったと感じた。,1,葛藤あり,行動あり,2
40,項目3_このロボットから勇気をもらったと感じた。,3,このロボットから勇気をもらったと感じた。,1,葛藤あり,行動あり,3
41,項目3_このロボットから勇気をもらったと感じた。,3,このロボットから勇気をもらったと感じた。,1,葛藤あり,行動あり,5
42,項目3_このロボットから勇気をもらったと感じた。,3,このロボットから勇気をもらったと感じた。,1,葛藤あり,行動あり,5
43,項目3_このロボットから勇気をもらったと感じた。,3,このロボットから勇気をもらったと感じた。,1,葛藤あり,行動あり,2
44,項目3_このロボットから勇気をもらったと感じた。,3,このロボットから勇気をもらったと感じた。,1,葛藤あり,行動あり,3
45,項目3_このロボットから勇気をもらったと感じた。,3,このロボットから勇気をもらったと感じた。,1,葛藤あり,行動あり,6
46,項目3_このロボットから勇気をもらったと感じた。,3,このロボットから勇気をもらったと感じた。,1,葛藤あり,行動あり,4
47,項目3_このロボットから勇気をもらったと感じた。,3,このロボットから勇気をもらったと感じた。,1,葛藤あり,行動あり,2
48,項目3_このロボットから勇気をもらったと感じた。,3,このロボットから勇気をもらったと感じた。,1,葛藤あり,行動あり,5
49,項目3_このロボットから勇気をもらったと感じた。,3,このロボットから勇気をもらったと感じた。,1,葛藤あり,行動あり,5
50,項目3_このロボットから勇気をもらったと感じた。,3,このロボットから勇気をもらったと感じた。,1,葛藤あり,行動あり,4
51,項目3_このロボットから勇気をもらったと感じた。,3,このロボットから勇気をもらったと感じた。,1,葛藤あり,行動あり,2
52,項目3_このロボットから勇気をもらったと感じた。,3,このロボットから勇気をもらったと感じた。,1,葛藤あり,行動あり,5
53,項目3_このロボットから勇気をもらったと感じた。,3,このロボットから勇気をもらったと感じた。,1,葛藤あり,行動あり,5
54,項目3_このロボットから勇気をもらったと感じた。,3,このロボットから勇気をもらったと感じた。,1,葛藤あり,行動あり,4
55,項目3_このロボットから勇気をもらったと感じた。,3,このロボットから勇気をもらったと感じた。,1,葛藤あり,行動あり,4
56,項目3_このロボットから勇気をもらったと感じた。,3,このロボットから勇気をもらったと感じた。,1,葛藤あり,行動あり,3
57,項目3_このロボットから勇気をもらったと感じた。,3,このロボットから勇気をもらったと感じた。,1,葛藤あり,行動あり,5
58,項目3_このロボットから勇気をもらったと感じた。,3,このロボットから勇気をもらったと感じた。,1,葛藤あり,行動あり,5
59,項目3_このロボットから勇気をもらったと感じた。,3,このロボットから勇気をもらったと感じた。,1,葛藤あり,行動あり,4
60,項目3_このロボットから勇気をもらったと感じた。,3,このロボットから勇気をもらったと感じた。,1,葛藤あり,行動あり,6
61,項目3_このロボットから勇気をもらったと感じた。,3,このロボットから勇気をもらったと感じた。,1,葛藤あり,行動あり,4
62,項目3_このロボットから勇気をもらったと感じた。,3,このロボットから勇気をもらったと感じた。,1,葛藤あり,行動あり,3
63,項目3_このロボットから勇気をもらったと感じた。,3,このロボットから勇気をもらったと感じた。,1,葛藤あり,行動あり,7
64,項目3_このロボットから勇気をもらったと感じた。,3,このロボットから勇気をもらったと感じた。,1,葛藤あり,行動あり,3
65,項目3_このロボットから勇気をもらったと感じた。,3,このロボットから勇気をもらったと感じた。,1,葛藤あり,行動あり,3
66,項目3_このロボットから勇気をもらったと感じた。,3,このロボットから勇気をもらったと感じた。,1,葛藤あり,行動あり,3
67,項目3_このロボットから勇気をもらったと感じた。,3,このロボットから勇気をもらったと感じた。,1,葛藤あり,行動あり,5
68,項目3_このロボットから勇気をもらったと感じた。,3,このロボットから勇気をもらったと感じた。,1,葛藤あり,行動あり,5
69,項目3_このロボットから勇気をもらったと感じた。,3,このロボットから勇気をもらったと感じた。,1,葛藤あり,行動あり,7
70,項目3_このロボットから勇気をもらったと感じた。,3,このロボットから勇気をもらったと感じた。,1,葛藤あり,行動あり,5
71,項目3_このロボットから勇気をもらったと感じた。,3,このロボットから勇気をもらったと感じた。,1,葛藤あり,行動あり,2
72,項目3_このロボットから勇気をもらったと感じた。,3,このロボットから勇気をもらったと感じた。,1,葛藤あり,行動あり,1
73,項目3_このロボットから勇気をもらったと感じた。,3,このロボットから勇気をもらったと感じた。,1,葛藤あり,行動あり,4
74,項目3_このロボットから勇気をもらったと感じた。,3,このロボットから勇気をもらったと感じた。,1,葛藤あり,行動あり,5
75,項目3_このロボットから勇気をもらったと感じた。,3,このロボットから勇気をもらったと感じた。,1,葛藤あり,行動あり,4
76,項目3_このロボットから勇気をもらったと感じた。,3,このロボットから勇気をもらったと感じた。,1,葛藤あり,行動あり,5
77,項目3_このロボットから勇気をもらったと感じた。,3,このロボットから勇気をもらったと感じた。,1,葛藤あり,行動あり,5
78,項目3_このロボットから勇気をもらったと感じた。,3,このロボットから勇気をもらったと感じた。,1,葛藤あり,行動あり,5
79,項目3_このロボットから勇気をもらったと感じた。,3,このロボットから勇気をもらったと感じた。,1,葛藤あり,行動あり,6
80,項目3_このロボットから勇気をもらったと感じた。,3,このロボットから勇気をもらったと感じた。,1,葛藤あり,行動あり,5
81,項目3_このロボットから勇気をもらったと感じた。,3,このロボットから勇気をもらったと感じた。,1,葛藤あり,行動あり,5
82,項目3_このロボットから勇気をもらったと感じた。,3,このロボットから勇気をもらったと感じた。,1,葛藤あり,行動あり,5
83,項目3_このロボットから勇気をもらったと感じた。,3,このロボットから勇気をもらったと感じた。,1,葛藤あり,行動あり,5
84,項目3_このロボットから勇気をもらったと感じた。,3,このロボットから勇気をもらったと感じた。,1,葛藤あり,行動あり,1
85,項目3_このロボットから勇気をもらったと感じた。,3,このロボットから勇気をもらったと感じた。,1,葛藤あり,行動あり,4
86,項目3_このロボットから勇気をもらったと感じた。,3,このロボットから勇気をもらったと感じた。,1,葛藤あり,行動あり,4
87,項目3_このロボットから勇気をもらったと感じた。,3,このロボットから勇気をもらったと感じた。,1,葛藤あり,行動あり,4
88,項目3_このロボットから勇気をもらったと感じた。,3,このロボットから勇気をもらったと感じた。,1,葛藤あり,行動あり,6
89,項目3_このロボットから勇気をもらったと感じた。,3,このロボットから勇気をもらったと感じた。,1,葛藤あり,行動あり,1
90,項目3_このロボットから勇気をもらったと感じた。,3,このロボットから勇気をもらったと感じた。,1,葛藤あり,行動あり,5
91,項目3_このロボットから勇気をもらったと感じた。,3,このロボットから勇気をもらったと感じた。,1,葛藤あり,行動あり,6
92,項目3_このロボットから勇気をもらったと感じた。,3,このロボットから勇気をもらったと感じた。,1,葛藤あり,行動あり,4
93,項目3_このロボットから勇気をもらったと感じた。,3,このロボットから勇気をもらったと感じた。,1,葛藤あり,行動あり,5
94,項目3_このロボットから勇気をもらったと感じた。,3,このロボットから勇気をもらったと感じた。,1,葛藤あり,行動あり,2
95,項目3_このロボットから勇気をもらったと感じた。,3,このロボットから勇気をもらったと感じた。,1,葛藤あり,行動あり,2
96,項目3_このロボットから勇気をもらったと感じた。,3,このロボットから勇気をもらったと感じた。,1,葛藤あり,行動あり,1
97,項目3_このロボットから勇気をもらったと感じた。,3,このロボットから勇気をもらったと感じた。,1,葛藤あり,行動あり,6
98,項目3_このロボットから勇気をもらったと感じた。,3,このロボットから勇気をもらったと感じた。,1,葛藤あり,行動あり,5
99,項目3_このロボットから勇気をもらったと感じた。,3,このロボットから勇気をもらったと感じた。,1,葛藤あり,行動あり,3
100,項目3_このロボットから勇気をもらったと感じた。,3,このロボットから勇気をもらったと感じた。,1,葛藤あり,行動あり,4
101,項目3_このロボットから勇気をもらったと感じた。,3,このロボットから勇気をもらったと感じた。,1,葛藤あり,行動あり,5
102,項目3_このロボットから勇気をもらったと感じた。,3,このロボットから勇気をもらったと感じた。,1,葛藤あり,行動あり,4
103,項目3_このロボットから勇気をもらったと感じた。,3,このロボットから勇気をもらったと感じた。,1,葛藤あり,行動あり,4
104,項目3_このロボットから勇気をもらったと感じた。,3,このロボットから勇気をもらったと感じた。,1,葛藤あり,行動あり,4
105,項目3_このロボットから勇気をもらったと感じた。,3,このロボットから勇気をもらったと感じた。,1,葛藤あり,行動あり,5
106,項目3_このロボットから勇気をもらったと感じた。,3,このロボットから勇気をもらったと感じた。,1,葛藤あり,行動あり,6
107,項目3_このロボットから勇気をもらったと感じた。,3,このロボットから勇気をもらったと感じた。,1,葛藤あり,行動あり,2
108,項目3_このロボットから勇気をもらったと感じた。,3,このロボットから勇気をもらったと感じた。,1,葛藤あり,行動あり,4
109,項目3_このロボットから勇気をもらったと感じた。,3,このロボットから勇気をもらったと感じた。,1,葛藤あり,行動あり,2
110,項目3_このロボットから勇気をもらったと感じた。,3,このロボットから勇気をもらったと感じた。,1,葛藤あり,行動あり,5
111,項目3_このロボットから勇気をもらったと感じた。,3,このロボットから勇気をもらったと感じた。,1,葛藤あり,行動あり,4
112,項目3_このロボットから勇気をもらったと感じた。,3,このロボットから勇気をもらったと感じた。,1,葛藤あり,行動あり,3
113,項目3_このロボットから勇気をもらったと感じた。,3,このロボットから勇気をもらったと感じた。,1,葛藤あり,行動あり,5
114,項目3_このロボットから勇気をもらったと感じた。,3,このロボットから勇気をもらったと感じた。,1,葛藤あり,行動あり,3
115,項目3_このロボットから勇気をもらったと感じた。,3,このロボットから勇気をもらったと感じた。,1,葛藤あり,行動あり,5
116,項目3_このロボットから勇気をもらったと感じた。,3,このロボットから勇気をもらったと感じた。,1,葛藤あり,行動あり,4
117,項目3_このロボットから勇気をもらったと感じた。,3,このロボットから勇気をもらったと感じた。,1,葛藤あり,行動あり,5
118,項目3_このロボットから勇気をもらったと感じた。,3,このロボットから勇気をもらったと感じた。,1,葛藤あり,行動あり,3
119,項目3_このロボットから勇気をもらったと感じた。,3,このロボットから勇気をもらったと感じた。,1,葛藤あり,行動あり,3
120,項目3_このロボットから勇気をもらったと感じた。,3,このロボットから勇気をもらったと感じた。,1,葛藤あり,行動あり,3
121,項目3_このロボットから勇気をもらったと感じた。,3,このロボットから勇気をもらったと感じた。,1,葛藤あり,行動あり,7
122,項目3_このロボットから勇気をもらったと感じた。,3,このロボットから勇気をもらったと感じた。,1,葛藤あり,行動あり,2
123,項目3_このロボットから勇気をもらったと感じた。,3,このロボットから勇気をもらったと感じた。,1,葛藤あり,行動あり,5
124,項目3_このロボットから勇気をもらったと感じた。,3,このロボットから勇気をもらったと感じた。,1,葛藤あり,行動あり,4
125,項目3_このロボットから勇気をもらったと感じた。,3,このロボットから勇気をもらったと感じた。,1,葛藤あり,行動あり,5
126,項目3_このロボットから勇気をもらったと感じた。,3,このロボットから勇気をもらったと感じた。,1,葛藤あり,行動あり,4
1,項目3_このロボットから勇気をもらったと感じた。,3,このロボットから勇気をもらったと感じた。,2,葛藤あり,行動なし,3
2,項目3_このロボットから勇気をもらったと感じた。,3,このロボットから勇気をもらったと感じた。,2,葛藤あり,行動なし,4
3,項目3_このロボットから勇気をもらったと感じた。,3,このロボットから勇気をもらったと感じた。,2,葛藤あり,行動なし,4
4,項目3_このロボットから勇気をもらったと感じた。,3,このロボットから勇気をもらったと感じた。,2,葛藤あり,行動なし,5
5,項目3_このロボットから勇気をもらったと感じた。,3,このロボットから勇気をもらったと感じた。,2,葛藤あり,行動なし,5
6,項目3_このロボットから勇気をもらったと感じた。,3,このロボットから勇気をもらったと感じた。,2,葛藤あり,行動なし,2
7,項目3_このロボットから勇気をもらったと感じた。,3,このロボットから勇気をもらったと感じた。,2,葛藤あり,行動なし,1
8,項目3_このロボットから勇気をもらったと感じた。,3,このロボットから勇気をもらったと感じた。,2,葛藤あり,行動なし,1
9,項目3_このロボットから勇気をもらったと感じた。,3,このロボットから勇気をもらったと感じた。,2,葛藤あり,行動なし,5
10,項目3_このロボットから勇気をもらったと感じた。,3,このロボットから勇気をもらったと感じた。,2,葛藤あり,行動なし,3
11,項目3_このロボットから勇気をもらったと感じた。,3,このロボットから勇気をもらったと感じた。,2,葛藤あり,行動なし,3
12,項目3_このロボットから勇気をもらったと感じた。,3,このロボットから勇気をもらったと感じた。,2,葛藤あり,行動なし,5
13,項目3_このロボットから勇気をもらったと感じた。,3,このロボットから勇気をもらったと感じた。,2,葛藤あり,行動なし,4
14,項目3_このロボットから勇気をもらったと感じた。,3,このロボットから勇気をもらったと感じた。,2,葛藤あり,行動なし,4
15,項目3_このロボットから勇気をもらったと感じた。,3,このロボットから勇気をもらったと感じた。,2,葛藤あり,行動なし,2
16,項目3_このロボットから勇気をもらったと感じた。,3,このロボットから勇気をもらったと感じた。,2,葛藤あり,行動なし,7
17,項目3_このロボットから勇気をもらったと感じた。,3,このロボットから勇気をもらったと感じた。,2,葛藤あり,行動なし,5
18,項目3_このロボットから勇気をもらったと感じた。,3,このロボットから勇気をもらったと感じた。,2,葛藤あり,行動なし,4
19,項目3_このロボットから勇気をもらったと感じた。,3,このロボットから勇気をもらったと感じた。,2,葛藤あり,行動なし,2
20,項目3_このロボットから勇気をもらったと感じた。,3,このロボットから勇気をもらったと感じた。,2,葛藤あり,行動なし,7
21,項目3_このロボットから勇気をもらったと感じた。,3,このロボットから勇気をもらったと感じた。,2,葛藤あり,行動なし,4
22,項目3_このロボットから勇気をもらったと感じた。,3,このロボットから勇気をもらったと感じた。,2,葛藤あり,行動なし,1
23,項目3_このロボットから勇気をもらったと感じた。,3,このロボットから勇気をもらったと感じた。,2,葛藤あり,行動なし,3
24,項目3_このロボットから勇気をもらったと感じた。,3,このロボットから勇気をもらったと感じた。,2,葛藤あり,行動なし,2
25,項目3_このロボットから勇気をもらったと感じた。,3,このロボットから勇気をもらったと感じた。,2,葛藤あり,行動なし,1
26,項目3_このロボットから勇気をもらったと感じた。,3,このロボットから勇気をもらったと感じた。,2,葛藤あり,行動なし,2
27,項目3_このロボットから勇気をもらったと感じた。,3,このロボットから勇気をもらったと感じた。,2,葛藤あり,行動なし,1
28,項目3_このロボットから勇気をもらったと感じた。,3,このロボットから勇気をもらったと感じた。,2,葛藤あり,行動なし,1
29,項目3_このロボットから勇気をもらったと感じた。,3,このロボットから勇気をもらったと感じた。,2,葛藤あり,行動なし,4
30,項目3_このロボットから勇気をもらったと感じた。,3,このロボットから勇気をもらったと感じた。,2,葛藤あり,行動なし,5
31,項目3_このロボットから勇気をもらったと感じた。,3,このロボットから勇気をもらったと感じた。,2,葛藤あり,行動なし,4
32,項目3_このロボットから勇気をもらったと感じた。,3,このロボットから勇気をもらったと感じた。,2,葛藤あり,行動なし,6
33,項目3_このロボットから勇気をもらったと感じた。,3,このロボットから勇気をもらったと感じた。,2,葛藤あり,行動なし,1
34,項目3_このロボットから勇気をもらったと感じた。,3,このロボットから勇気をもらったと感じた。,2,葛藤あり,行動なし,7
35,項目3_このロボットから勇気をもらったと感じた。,3,このロボットから勇気をもらったと感じた。,2,葛藤あり,行動なし,5
36,項目3_このロボットから勇気をもらったと感じた。,3,このロボットから勇気をもらったと感じた。,2,葛藤あり,行動なし,2
37,項目3_このロボットから勇気をもらったと感じた。,3,このロボットから勇気をもらったと感じた。,2,葛藤あり,行動なし,3
38,項目3_このロボットから勇気をもらったと感じた。,3,このロボットから勇気をもらったと感じた。,2,葛藤あり,行動なし,2
39,項目3_このロボットから勇気をもらったと感じた。,3,このロボットから勇気をもらったと感じた。,2,葛藤あり,行動なし,2
40,項目3_このロボットから勇気をもらったと感じた。,3,このロボットから勇気をもらったと感じた。,2,葛藤あり,行動なし,3
41,項目3_このロボットから勇気をもらったと感じた。,3,このロボットから勇気をもらったと感じた。,2,葛藤あり,行動なし,2
42,項目3_このロボットから勇気をもらったと感じた。,3,このロボットから勇気をもらったと感じた。,2,葛藤あり,行動なし,2
43,項目3_このロボットから勇気をもらったと感じた。,3,このロボットから勇気をもらったと感じた。,2,葛藤あり,行動なし,2
44,項目3_このロボットから勇気をもらったと感じた。,3,このロボットから勇気をもらったと感じた。,2,葛藤あり,行動なし,1
45,項目3_このロボットから勇気をもらったと感じた。,3,このロボットから勇気をもらったと感じた。,2,葛藤あり,行動なし,3
46,項目3_このロボットから勇気をもらったと感じた。,3,このロボットから勇気をもらったと感じた。,2,葛藤あり,行動なし,3
47,項目3_このロボットから勇気をもらったと感じた。,3,このロボットから勇気をもらったと感じた。,2,葛藤あり,行動なし,1
48,項目3_このロボットから勇気をもらったと感じた。,3,このロボットから勇気をもらったと感じた。,2,葛藤あり,行動なし,5
49,項目3_このロボットから勇気をもらったと感じた。,3,このロボットから勇気をもらったと感じた。,2,葛藤あり,行動なし,4
50,項目3_このロボットから勇気をもらったと感じた。,3,このロボットから勇気をもらったと感じた。,2,葛藤あり,行動なし,5
51,項目3_このロボットから勇気をもらったと感じた。,3,このロボットから勇気をもらったと感じた。,2,葛藤あり,行動なし,6
52,項目3_このロボットから勇気をもらったと感じた。,3,このロボットから勇気をもらったと感じた。,2,葛藤あり,行動なし,2
53,項目3_このロボットから勇気をもらったと感じた。,3,このロボットから勇気をもらったと感じた。,2,葛藤あり,行動なし,3
54,項目3_このロボットから勇気をもらったと感じた。,3,このロボットから勇気をもらったと感じた。,2,葛藤あり,行動なし,4
55,項目3_このロボットから勇気をもらったと感じた。,3,このロボットから勇気をもらったと感じた。,2,葛藤あり,行動なし,5
56,項目3_このロボットから勇気をもらったと感じた。,3,このロボットから勇気をもらったと感じた。,2,葛藤あり,行動なし,2
57,項目3_このロボットから勇気をもらったと感じた。,3,このロボットから勇気をもらったと感じた。,2,葛藤あり,行動なし,3
58,項目3_このロボットから勇気をもらったと感じた。,3,このロボットから勇気をもらったと感じた。,2,葛藤あり,行動なし,5
59,項目3_このロボットから勇気をもらったと感じた。,3,このロボットから勇気をもらったと感じた。,2,葛藤あり,行動なし,1
60,項目3_このロボットから勇気をもらったと感じた。,3,このロボットから勇気をもらったと感じた。,2,葛藤あり,行動なし,2
61,項目3_このロボットから勇気をもらったと感じた。,3,このロボットから勇気をもらったと感じた。,2,葛藤あり,行動なし,3
62,項目3_このロボットから勇気をもらったと感じた。,3,このロボットから勇気をもらったと感じた。,2,葛藤あり,行動なし,5
63,項目3_このロボットから勇気をもらったと感じた。,3,このロボットから勇気をもらったと感じた。,2,葛藤あり,行動なし,1
64,項目3_このロボットから勇気をもらったと感じた。,3,このロボットから勇気をもらったと感じた。,2,葛藤あり,行動なし,2
65,項目3_このロボットから勇気をもらったと感じた。,3,このロボットから勇気をもらったと感じた。,2,葛藤あり,行動なし,3
66,項目3_このロボットから勇気をもらったと感じた。,3,このロボットから勇気をもらったと感じた。,2,葛藤あり,行動なし,2
67,項目3_このロボットから勇気をもらったと感じた。,3,このロボットから勇気をもらったと感じた。,2,葛藤あり,行動なし,2
68,項目3_このロボットから勇気をもらったと感じた。,3,このロボットから勇気をもらったと感じた。,2,葛藤あり,行動なし,1
69,項目3_このロボットから勇気をもらったと感じた。,3,このロボットから勇気をもらったと感じた。,2,葛藤あり,行動なし,7
70,項目3_このロボットから勇気をもらったと感じた。,3,このロボットから勇気をもらったと感じた。,2,葛藤あり,行動なし,3
71,項目3_このロボットから勇気をもらったと感じた。,3,このロボットから勇気をもらったと感じた。,2,葛藤あり,行動なし,1
72,項目3_このロボットから勇気をもらったと感じた。,3,このロボットから勇気をもらったと感じた。,2,葛藤あり,行動なし,1
73,項目3_このロボットから勇気をもらったと感じた。,3,このロボットから勇気をもらったと感じた。,2,葛藤あり,行動なし,3
74,項目3_このロボットから勇気をもらったと感じた。,3,このロボットから勇気をもらったと感じた。,2,葛藤あり,行動なし,2
75,項目3_このロボットから勇気をもらったと感じた。,3,このロボットから勇気をもらったと感じた。,2,葛藤あり,行動なし,5
76,項目3_このロボットから勇気をもらったと感じた。,3,このロボットから勇気をもらったと感じた。,2,葛藤あり,行動なし,3
77,項目3_このロボットから勇気をもらったと感じた。,3,このロボットから勇気をもらったと感じた。,2,葛藤あり,行動なし,1
78,項目3_このロボットから勇気をもらったと感じた。,3,このロボットから勇気をもらったと感じた。,2,葛藤あり,行動なし,1
79,項目3_このロボットから勇気をもらったと感じた。,3,このロボットから勇気をもらったと感じた。,2,葛藤あり,行動なし,2
80,項目3_このロボットから勇気をもらったと感じた。,3,このロボットから勇気をもらったと感じた。,2,葛藤あり,行動なし,2
81,項目3_このロボットから勇気をもらったと感じた。,3,このロボットから勇気をもらったと感じた。,2,葛藤あり,行動なし,2
82,項目3_このロボットから勇気をもらったと感じた。,3,このロボットから勇気をもらったと感じた。,2,葛藤あり,行動なし,5
83,項目3_このロボットから勇気をもらったと感じた。,3,このロボットから勇気をもらったと感じた。,2,葛藤あり,行動なし,2
84,項目3_このロボットから勇気をもらったと感じた。,3,このロボットから勇気をもらったと感じた。,2,葛藤あり,行動なし,1
85,項目3_このロボットから勇気をもらったと感じた。,3,このロボットから勇気をもらったと感じた。,2,葛藤あり,行動なし,3
86,項目3_このロボットから勇気をもらったと感じた。,3,このロボットから勇気をもらったと感じた。,2,葛藤あり,行動なし,4
87,項目3_このロボットから勇気をもらったと感じた。,3,このロボットから勇気をもらったと感じた。,2,葛藤あり,行動なし,3
88,項目3_このロボットから勇気をもらったと感じた。,3,このロボットから勇気をもらったと感じた。,2,葛藤あり,行動なし,1
89,項目3_このロボットから勇気をもらったと感じた。,3,このロボットから勇気をもらったと感じた。,2,葛藤あり,行動なし,1
90,項目3_このロボットから勇気をもらったと感じた。,3,このロボットから勇気をもらったと感じた。,2,葛藤あり,行動なし,2
91,項目3_このロボットから勇気をもらったと感じた。,3,このロボットから勇気をもらったと感じた。,2,葛藤あり,行動なし,2
92,項目3_このロボットから勇気をもらったと感じた。,3,このロボットから勇気をもらったと感じた。,2,葛藤あり,行動なし,1
93,項目3_このロボットから勇気をもらったと感じた。,3,このロボットから勇気をもらったと感じた。,2,葛藤あり,行動なし,4
94,項目3_このロボットから勇気をもらったと感じた。,3,このロボットから勇気をもらったと感じた。,2,葛藤あり,行動なし,1
95,項目3_このロボットから勇気をもらったと感じた。,3,このロボットから勇気をもらったと感じた。,2,葛藤あり,行動なし,1
96,項目3_このロボットから勇気をもらったと感じた。,3,このロボットから勇気をもらったと感じた。,2,葛藤あり,行動なし,1
97,項目3_このロボットから勇気をもらったと感じた。,3,このロボットから勇気をもらったと感じた。,2,葛藤あり,行動なし,2
98,項目3_このロボットから勇気をもらったと感じた。,3,このロボットから勇気をもらったと感じた。,2,葛藤あり,行動なし,2
99,項目3_このロボットから勇気をもらったと感じた。,3,このロボットから勇気をもらったと感じた。,2,葛藤あり,行動なし,1
100,項目3_このロボットから勇気をもらったと感じた。,3,このロボットから勇気をもらったと感じた。,2,葛藤あり,行動なし,1
101,項目3_このロボットから勇気をもらったと感じた。,3,このロボットから勇気をもらったと感じた。,2,葛藤あり,行動なし,3
102,項目3_このロボットから勇気をもらったと感じた。,3,このロボットから勇気をもらったと感じた。,2,葛藤あり,行動なし,5
103,項目3_このロボットから勇気をもらったと感じた。,3,このロボットから勇気をもらったと感じた。,2,葛藤あり,行動なし,3
104,項目3_このロボットから勇気をもらったと感じた。,3,このロボットから勇気をもらったと感じた。,2,葛藤あり,行動なし,4
105,項目3_このロボットから勇気をもらったと感じた。,3,このロボットから勇気をもらったと感じた。,2,葛藤あり,行動なし,4
106,項目3_このロボットから勇気をもらったと感じた。,3,このロボットから勇気をもらったと感じた。,2,葛藤あり,行動なし,2
107,項目3_このロボットから勇気をもらったと感じた。,3,このロボットから勇気をもらったと感じた。,2,葛藤あり,行動なし,2
108,項目3_このロボットから勇気をもらったと感じた。,3,このロボットから勇気をもらったと感じた。,2,葛藤あり,行動なし,1
109,項目3_このロボットから勇気をもらったと感じた。,3,このロボットから勇気をもらったと感じた。,2,葛藤あり,行動なし,2
110,項目3_このロボットから勇気をもらったと感じた。,3,このロボットから勇気をもらったと感じた。,2,葛藤あり,行動なし,4
111,項目3_このロボットから勇気をもらったと感じた。,3,このロボットから勇気をもらったと感じた。,2,葛藤あり,行動なし,4
112,項目3_このロボットから勇気をもらったと感じた。,3,このロボットから勇気をもらったと感じた。,2,葛藤あり,行動なし,4
113,項目3_このロボットから勇気をもらったと感じた。,3,このロボットから勇気をもらったと感じた。,2,葛藤あり,行動なし,3
114,項目3_このロボットから勇気をもらったと感じた。,3,このロボットから勇気をもらったと感じた。,2,葛藤あり,行動なし,3
115,項目3_このロボットから勇気をもらったと感じた。,3,このロボットから勇気をもらったと感じた。,2,葛藤あり,行動なし,4
116,項目3_このロボットから勇気をもらったと感じた。,3,このロボットから勇気をもらったと感じた。,2,葛藤あり,行動なし,1
117,項目3_このロボットから勇気をもらったと感じた。,3,このロボットから勇気をもらったと感じた。,2,葛藤あり,行動なし,2
118,項目3_このロボットから勇気をもらったと感じた。,3,このロボットから勇気をもらったと感じた。,2,葛藤あり,行動なし,4
119,項目3_このロボットから勇気をもらったと感じた。,3,このロボットから勇気をもらったと感じた。,2,葛藤あり,行動なし,3
120,項目3_このロボットから勇気をもらったと感じた。,3,このロボットから勇気をもらったと感じた。,2,葛藤あり,行動なし,4
121,項目3_このロボットから勇気をもらったと感じた。,3,このロボットから勇気をもらったと感じた。,2,葛藤あり,行動なし,5
122,項目3_このロボットから勇気をもらったと感じた。,3,このロボットから勇気をもらったと感じた。,2,葛藤あり,行動なし,1
123,項目3_このロボットから勇気をもらったと感じた。,3,このロボットから勇気をもらったと感じた。,2,葛藤あり,行動なし,5
124,項目3_このロボットから勇気をもらったと感じた。,3,このロボットから勇気をもらったと感じた。,2,葛藤あり,行動なし,4
125,項目3_このロボットから勇気をもらったと感じた。,3,このロボットから勇気をもらったと感じた。,2,葛藤あり,行動なし,5
126,項目3_このロボットから勇気をもらったと感じた。,3,このロボットから勇気をもらったと感じた。,2,葛藤あり,行動なし,5
1,項目3_このロボットから勇気をもらったと感じた。,3,このロボットから勇気をもらったと感じた。,3,葛藤なし,行動あり,4
2,項目3_このロボットから勇気をもらったと感じた。,3,このロボットから勇気をもらったと感じた。,3,葛藤なし,行動あり,5
3,項目3_このロボットから勇気をもらったと感じた。,3,このロボットから勇気をもらったと感じた。,3,葛藤なし,行動あり,4
4,項目3_このロボットから勇気をもらったと感じた。,3,このロボットから勇気をもらったと感じた。,3,葛藤なし,行動あり,5
5,項目3_このロボットから勇気をもらったと感じた。,3,このロボットから勇気をもらったと感じた。,3,葛藤なし,行動あり,5
6,項目3_このロボットから勇気をもらったと感じた。,3,このロボットから勇気をもらったと感じた。,3,葛藤なし,行動あり,6
7,項目3_このロボットから勇気をもらったと感じた。,3,このロボットから勇気をもらったと感じた。,3,葛藤なし,行動あり,2
8,項目3_このロボットから勇気をもらったと感じた。,3,このロボットから勇気をもらったと感じた。,3,葛藤なし,行動あり,2
9,項目3_このロボットから勇気をもらったと感じた。,3,このロボットから勇気をもらったと感じた。,3,葛藤なし,行動あり,5
10,項目3_このロボットから勇気をもらったと感じた。,3,このロボットから勇気をもらったと感じた。,3,葛藤なし,行動あり,2
11,項目3_このロボットから勇気をもらったと感じた。,3,このロボットから勇気をもらったと感じた。,3,葛藤なし,行動あり,7
12,項目3_このロボットから勇気をもらったと感じた。,3,このロボットから勇気をもらったと感じた。,3,葛藤なし,行動あり,5
13,項目3_このロボットから勇気をもらったと感じた。,3,このロボットから勇気をもらったと感じた。,3,葛藤なし,行動あり,5
14,項目3_このロボットから勇気をもらったと感じた。,3,このロボットから勇気をもらったと感じた。,3,葛藤なし,行動あり,5
15,項目3_このロボットから勇気をもらったと感じた。,3,このロボットから勇気をもらったと感じた。,3,葛藤なし,行動あり,2
16,項目3_このロボットから勇気をもらったと感じた。,3,このロボットから勇気をもらったと感じた。,3,葛藤なし,行動あり,7
17,項目3_このロボットから勇気をもらったと感じた。,3,このロボットから勇気をもらったと感じた。,3,葛藤なし,行動あり,4
18,項目3_このロボットから勇気をもらったと感じた。,3,このロボットから勇気をもらったと感じた。,3,葛藤なし,行動あり,4
19,項目3_このロボットから勇気をもらったと感じた。,3,このロボットから勇気をもらったと感じた。,3,葛藤なし,行動あり,5
20,項目3_このロボットから勇気をもらったと感じた。,3,このロボットから勇気をもらったと感じた。,3,葛藤なし,行動あり,6
21,項目3_このロボットから勇気をもらったと感じた。,3,このロボットから勇気をもらったと感じた。,3,葛藤なし,行動あり,5
22,項目3_このロボットから勇気をもらったと感じた。,3,このロボットから勇気をもらったと感じた。,3,葛藤なし,行動あり,3
23,項目3_このロボットから勇気をもらったと感じた。,3,このロボットから勇気をもらったと感じた。,3,葛藤なし,行動あり,5
24,項目3_このロボットから勇気をもらったと感じた。,3,このロボットから勇気をもらったと感じた。,3,葛藤なし,行動あり,4
25,項目3_このロボットから勇気をもらったと感じた。,3,このロボットから勇気をもらったと感じた。,3,葛藤なし,行動あり,5
26,項目3_このロボットから勇気をもらったと感じた。,3,このロボットから勇気をもらったと感じた。,3,葛藤なし,行動あり,2
27,項目3_このロボットから勇気をもらったと感じた。,3,このロボットから勇気をもらったと感じた。,3,葛藤なし,行動あり,5
28,項目3_このロボットから勇気をもらったと感じた。,3,このロボットから勇気をもらったと感じた。,3,葛藤なし,行動あり,1
29,項目3_このロボットから勇気をもらったと感じた。,3,このロボットから勇気をもらったと感じた。,3,葛藤なし,行動あり,4
30,項目3_このロボットから勇気をもらったと感じた。,3,このロボットから勇気をもらったと感じた。,3,葛藤なし,行動あり,5
31,項目3_このロボットから勇気をもらったと感じた。,3,このロボットから勇気をもらったと感じた。,3,葛藤なし,行動あり,3
32,項目3_このロボットから勇気をもらったと感じた。,3,このロボットから勇気をもらったと感じた。,3,葛藤なし,行動あり,5
33,項目3_このロボットから勇気をもらったと感じた。,3,このロボットから勇気をもらったと感じた。,3,葛藤なし,行動あり,6
34,項目3_このロボットから勇気をもらったと感じた。,3,このロボットから勇気をもらったと感じた。,3,葛藤なし,行動あり,6
35,項目3_このロボットから勇気をもらったと感じた。,3,このロボットから勇気をもらったと感じた。,3,葛藤なし,行動あり,5
36,項目3_このロボットから勇気をもらったと感じた。,3,このロボットから勇気をもらったと感じた。,3,葛藤なし,行動あり,4
37,項目3_このロボットから勇気をもらったと感じた。,3,このロボットから勇気をもらったと感じた。,3,葛藤なし,行動あり,5
38,項目3_このロボットから勇気をもらったと感じた。,3,このロボットから勇気をもらったと感じた。,3,葛藤なし,行動あり,5
39,項目3_このロボットから勇気をもらったと感じた。,3,このロボットから勇気をもらったと感じた。,3,葛藤なし,行動あり,1
40,項目3_このロボットから勇気をもらったと感じた。,3,このロボットから勇気をもらったと感じた。,3,葛藤なし,行動あり,3
41,項目3_このロボットから勇気をもらったと感じた。,3,このロボットから勇気をもらったと感じた。,3,葛藤なし,行動あり,5
42,項目3_このロボットから勇気をもらったと感じた。,3,このロボットから勇気をもらったと感じた。,3,葛藤なし,行動あり,5
43,項目3_このロボットから勇気をもらったと感じた。,3,このロボットから勇気をもらったと感じた。,3,葛藤なし,行動あり,4
44,項目3_このロボットから勇気をもらったと感じた。,3,このロボットから勇気をもらったと感じた。,3,葛藤なし,行動あり,5
45,項目3_このロボットから勇気をもらったと感じた。,3,このロボットから勇気をもらったと感じた。,3,葛藤なし,行動あり,4
46,項目3_このロボットから勇気をもらったと感じた。,3,このロボットから勇気をもらったと感じた。,3,葛藤なし,行動あり,1
47,項目3_このロボットから勇気をもらったと感じた。,3,このロボットから勇気をもらったと感じた。,3,葛藤なし,行動あり,5
48,項目3_このロボットから勇気をもらったと感じた。,3,このロボットから勇気をもらったと感じた。,3,葛藤なし,行動あり,5
49,項目3_このロボットから勇気をもらったと感じた。,3,このロボットから勇気をもらったと感じた。,3,葛藤なし,行動あり,3
50,項目3_このロボットから勇気をもらったと感じた。,3,このロボットから勇気をもらったと感じた。,3,葛藤なし,行動あり,4
51,項目3_このロボットから勇気をもらったと感じた。,3,このロボットから勇気をもらったと感じた。,3,葛藤なし,行動あり,3
52,項目3_このロボットから勇気をもらったと感じた。,3,このロボットから勇気をもらったと感じた。,3,葛藤なし,行動あり,5
53,項目3_このロボットから勇気をもらったと感じた。,3,このロボットから勇気をもらったと感じた。,3,葛藤なし,行動あり,4
54,項目3_このロボットから勇気をもらったと感じた。,3,このロボットから勇気をもらったと感じた。,3,葛藤なし,行動あり,3
55,項目3_このロボットから勇気をもらったと感じた。,3,このロボットから勇気をもらったと感じた。,3,葛藤なし,行動あり,6
56,項目3_このロボットから勇気をもらったと感じた。,3,このロボットから勇気をもらったと感じた。,3,葛藤なし,行動あり,2
57,項目3_このロボットから勇気をもらったと感じた。,3,このロボットから勇気をもらったと感じた。,3,葛藤なし,行動あり,5
58,項目3_このロボットから勇気をもらったと感じた。,3,このロボットから勇気をもらったと感じた。,3,葛藤なし,行動あり,5
59,項目3_このロボットから勇気をもらったと感じた。,3,このロボットから勇気をもらったと感じた。,3,葛藤なし,行動あり,4
60,項目3_このロボットから勇気をもらったと感じた。,3,このロボットから勇気をもらったと感じた。,3,葛藤なし,行動あり,6
61,項目3_このロボットから勇気をもらったと感じた。,3,このロボットから勇気をもらったと感じた。,3,葛藤なし,行動あり,5
62,項目3_このロボットから勇気をもらったと感じた。,3,このロボットから勇気をもらったと感じた。,3,葛藤なし,行動あり,4
63,項目3_このロボットから勇気をもらったと感じた。,3,このロボットから勇気をもらったと感じた。,3,葛藤なし,行動あり,7
64,項目3_このロボットから勇気をもらったと感じた。,3,このロボットから勇気をもらったと感じた。,3,葛藤なし,行動あり,3
65,項目3_このロボットから勇気をもらったと感じた。,3,このロボットから勇気をもらったと感じた。,3,葛藤なし,行動あり,2
66,項目3_このロボットから勇気をもらったと感じた。,3,このロボットから勇気をもらったと感じた。,3,葛藤なし,行動あり,5
67,項目3_このロボットから勇気をもらったと感じた。,3,このロボットから勇気をもらったと感じた。,3,葛藤なし,行動あり,2
68,項目3_このロボットから勇気をもらったと感じた。,3,このロボットから勇気をもらったと感じた。,3,葛藤なし,行動あり,4
69,項目3_このロボットから勇気をもらったと感じた。,3,このロボットから勇気をもらったと感じた。,3,葛藤なし,行動あり,7
70,項目3_このロボットから勇気をもらったと感じた。,3,このロボットから勇気をもらったと感じた。,3,葛藤なし,行動あり,4
71,項目3_このロボットから勇気をもらったと感じた。,3,このロボットから勇気をもらったと感じた。,3,葛藤なし,行動あり,6
72,項目3_このロボットから勇気をもらったと感じた。,3,このロボットから勇気をもらったと感じた。,3,葛藤なし,行動あり,1
73,項目3_このロボットから勇気をもらったと感じた。,3,このロボットから勇気をもらったと感じた。,3,葛藤なし,行動あり,2
74,項目3_このロボットから勇気をもらったと感じた。,3,このロボットから勇気をもらったと感じた。,3,葛藤なし,行動あり,6
75,項目3_このロボットから勇気をもらったと感じた。,3,このロボットから勇気をもらったと感じた。,3,葛藤なし,行動あり,4
76,項目3_このロボットから勇気をもらったと感じた。,3,このロボットから勇気をもらったと感じた。,3,葛藤なし,行動あり,4
77,項目3_このロボットから勇気をもらったと感じた。,3,このロボットから勇気をもらったと感じた。,3,葛藤なし,行動あり,7
78,項目3_このロボットから勇気をもらったと感じた。,3,このロボットから勇気をもらったと感じた。,3,葛藤なし,行動あり,5
79,項目3_このロボットから勇気をもらったと感じた。,3,このロボットから勇気をもらったと感じた。,3,葛藤なし,行動あり,5
80,項目3_このロボットから勇気をもらったと感じた。,3,このロボットから勇気をもらったと感じた。,3,葛藤なし,行動あり,5
81,項目3_このロボットから勇気をもらったと感じた。,3,このロボットから勇気をもらったと感じた。,3,葛藤なし,行動あり,5
82,項目3_このロボットから勇気をもらったと感じた。,3,このロボットから勇気をもらったと感じた。,3,葛藤なし,行動あり,5
83,項目3_このロボットから勇気をもらったと感じた。,3,このロボットから勇気をもらったと感じた。,3,葛藤なし,行動あり,5
84,項目3_このロボットから勇気をもらったと感じた。,3,このロボットから勇気をもらったと感じた。,3,葛藤なし,行動あり,2
85,項目3_このロボットから勇気をもらったと感じた。,3,このロボットから勇気をもらったと感じた。,3,葛藤なし,行動あり,3
86,項目3_このロボットから勇気をもらったと感じた。,3,このロボットから勇気をもらったと感じた。,3,葛藤なし,行動あり,4
87,項目3_このロボットから勇気をもらったと感じた。,3,このロボットから勇気をもらったと感じた。,3,葛藤なし,行動あり,4
88,項目3_このロボットから勇気をもらったと感じた。,3,このロボットから勇気をもらったと感じた。,3,葛藤なし,行動あり,6
89,項目3_このロボットから勇気をもらったと感じた。,3,このロボットから勇気をもらったと感じた。,3,葛藤なし,行動あり,1
90,項目3_このロボットから勇気をもらったと感じた。,3,このロボットから勇気をもらったと感じた。,3,葛藤なし,行動あり,5
91,項目3_このロボットから勇気をもらったと感じた。,3,このロボットから勇気をもらったと感じた。,3,葛藤なし,行動あり,7
92,項目3_このロボットから勇気をもらったと感じた。,3,このロボットから勇気をもらったと感じた。,3,葛藤なし,行動あり,5
93,項目3_このロボットから勇気をもらったと感じた。,3,このロボットから勇気をもらったと感じた。,3,葛藤なし,行動あり,5
94,項目3_このロボットから勇気をもらったと感じた。,3,このロボットから勇気をもらったと感じた。,3,葛藤なし,行動あり,2
95,項目3_このロボットから勇気をもらったと感じた。,3,このロボットから勇気をもらったと感じた。,3,葛藤なし,行動あり,2
96,項目3_このロボットから勇気をもらったと感じた。,3,このロボットから勇気をもらったと感じた。,3,葛藤なし,行動あり,1
97,項目3_このロボットから勇気をもらったと感じた。,3,このロボットから勇気をもらったと感じた。,3,葛藤なし,行動あり,4
98,項目3_このロボットから勇気をもらったと感じた。,3,このロボットから勇気をもらったと感じた。,3,葛藤なし,行動あり,5
99,項目3_このロボットから勇気をもらったと感じた。,3,このロボットから勇気をもらったと感じた。,3,葛藤なし,行動あり,2
100,項目3_このロボットから勇気をもらったと感じた。,3,このロボットから勇気をもらったと感じた。,3,葛藤なし,行動あり,3
101,項目3_このロボットから勇気をもらったと感じた。,3,このロボットから勇気をもらったと感じた。,3,葛藤なし,行動あり,4
102,項目3_このロボットから勇気をもらったと感じた。,3,このロボットから勇気をもらったと感じた。,3,葛藤なし,行動あり,6
103,項目3_このロボットから勇気をもらったと感じた。,3,このロボットから勇気をもらったと感じた。,3,葛藤なし,行動あり,5
104,項目3_このロボットから勇気をもらったと感じた。,3,このロボットから勇気をもらったと感じた。,3,葛藤なし,行動あり,4
105,項目3_このロボットから勇気をもらったと感じた。,3,このロボットから勇気をもらったと感じた。,3,葛藤なし,行動あり,4
106,項目3_このロボットから勇気をもらったと感じた。,3,このロボットから勇気をもらったと感じた。,3,葛藤なし,行動あり,6
107,項目3_このロボットから勇気をもらったと感じた。,3,このロボットから勇気をもらったと感じた。,3,葛藤なし,行動あり,3
108,項目3_このロボットから勇気をもらったと感じた。,3,このロボットから勇気をもらったと感じた。,3,葛藤なし,行動あり,7
109,項目3_このロボットから勇気をもらったと感じた。,3,このロボットから勇気をもらったと感じた。,3,葛藤なし,行動あり,5
110,項目3_このロボットから勇気をもらったと感じた。,3,このロボットから勇気をもらったと感じた。,3,葛藤なし,行動あり,5
111,項目3_このロボットから勇気をもらったと感じた。,3,このロボットから勇気をもらったと感じた。,3,葛藤なし,行動あり,4
112,項目3_このロボットから勇気をもらったと感じた。,3,このロボットから勇気をもらったと感じた。,3,葛藤なし,行動あり,4
113,項目3_このロボットから勇気をもらったと感じた。,3,このロボットから勇気をもらったと感じた。,3,葛藤なし,行動あり,7
114,項目3_このロボットから勇気をもらったと感じた。,3,このロボットから勇気をもらったと感じた。,3,葛藤なし,行動あり,3
115,項目3_このロボットから勇気をもらったと感じた。,3,このロボットから勇気をもらったと感じた。,3,葛藤なし,行動あり,4
116,項目3_このロボットから勇気をもらったと感じた。,3,このロボットから勇気をもらったと感じた。,3,葛藤なし,行動あり,2
117,項目3_このロボットから勇気をもらったと感じた。,3,このロボットから勇気をもらったと感じた。,3,葛藤なし,行動あり,6
118,項目3_このロボットから勇気をもらったと感じた。,3,このロボットから勇気をもらったと感じた。,3,葛藤なし,行動あり,4
119,項目3_このロボットから勇気をもらったと感じた。,3,このロボットから勇気をもらったと感じた。,3,葛藤なし,行動あり,3
120,項目3_このロボットから勇気をもらったと感じた。,3,このロボットから勇気をもらったと感じた。,3,葛藤なし,行動あり,5
121,項目3_このロボットから勇気をもらったと感じた。,3,このロボットから勇気をもらったと感じた。,3,葛藤なし,行動あり,7
122,項目3_このロボットから勇気をもらったと感じた。,3,このロボットから勇気をもらったと感じた。,3,葛藤なし,行動あり,2
123,項目3_このロボットから勇気をもらったと感じた。,3,このロボットから勇気をもらったと感じた。,3,葛藤なし,行動あり,4
124,項目3_このロボットから勇気をもらったと感じた。,3,このロボットから勇気をもらったと感じた。,3,葛藤なし,行動あり,3
125,項目3_このロボットから勇気をもらったと感じた。,3,このロボットから勇気をもらったと感じた。,3,葛藤なし,行動あり,4
126,項目3_このロボットから勇気をもらったと感じた。,3,このロボットから勇気をもらったと感じた。,3,葛藤なし,行動あり,5
1,項目3_このロボットから勇気をもらったと感じた。,3,このロボットから勇気をもらったと感じた。,4,葛藤なし,行動なし,3
2,項目3_このロボットから勇気をもらったと感じた。,3,このロボットから勇気をもらったと感じた。,4,葛藤なし,行動なし,5
3,項目3_このロボットから勇気をもらったと感じた。,3,このロボットから勇気をもらったと感じた。,4,葛藤なし,行動なし,4
4,項目3_このロボットから勇気をもらったと感じた。,3,このロボットから勇気をもらったと感じた。,4,葛藤なし,行動なし,5
5,項目3_このロボットから勇気をもらったと感じた。,3,このロボットから勇気をもらったと感じた。,4,葛藤なし,行動なし,2
6,項目3_このロボットから勇気をもらったと感じた。,3,このロボットから勇気をもらったと感じた。,4,葛藤なし,行動なし,2
7,項目3_このロボットから勇気をもらったと感じた。,3,このロボットから勇気をもらったと感じた。,4,葛藤なし,行動なし,1
8,項目3_このロボットから勇気をもらったと感じた。,3,このロボットから勇気をもらったと感じた。,4,葛藤なし,行動なし,2
9,項目3_このロボットから勇気をもらったと感じた。,3,このロボットから勇気をもらったと感じた。,4,葛藤なし,行動なし,4
10,項目3_このロボットから勇気をもらったと感じた。,3,このロボットから勇気をもらったと感じた。,4,葛藤なし,行動なし,2
11,項目3_このロボットから勇気をもらったと感じた。,3,このロボットから勇気をもらったと感じた。,4,葛藤なし,行動なし,5
12,項目3_このロボットから勇気をもらったと感じた。,3,このロボットから勇気をもらったと感じた。,4,葛藤なし,行動なし,4
13,項目3_このロボットから勇気をもらったと感じた。,3,このロボットから勇気をもらったと感じた。,4,葛藤なし,行動なし,3
14,項目3_このロボットから勇気をもらったと感じた。,3,このロボットから勇気をもらったと感じた。,4,葛藤なし,行動なし,2
15,項目3_このロボットから勇気をもらったと感じた。,3,このロボットから勇気をもらったと感じた。,4,葛藤なし,行動なし,2
16,項目3_このロボットから勇気をもらったと感じた。,3,このロボットから勇気をもらったと感じた。,4,葛藤なし,行動なし,7
17,項目3_このロボットから勇気をもらったと感じた。,3,このロボットから勇気をもらったと感じた。,4,葛藤なし,行動なし,2
18,項目3_このロボットから勇気をもらったと感じた。,3,このロボットから勇気をもらったと感じた。,4,葛藤なし,行動なし,4
19,項目3_このロボットから勇気をもらったと感じた。,3,このロボットから勇気をもらったと感じた。,4,葛藤なし,行動なし,1
20,項目3_このロボットから勇気をもらったと感じた。,3,このロボットから勇気をもらったと感じた。,4,葛藤なし,行動なし,5
21,項目3_このロボットから勇気をもらったと感じた。,3,このロボットから勇気をもらったと感じた。,4,葛藤なし,行動なし,3
22,項目3_このロボットから勇気をもらったと感じた。,3,このロボットから勇気をもらったと感じた。,4,葛藤なし,行動なし,2
23,項目3_このロボットから勇気をもらったと感じた。,3,このロボットから勇気をもらったと感じた。,4,葛藤なし,行動なし,2
24,項目3_このロボットから勇気をもらったと感じた。,3,このロボットから勇気をもらったと感じた。,4,葛藤なし,行動なし,3
25,項目3_このロボットから勇気をもらったと感じた。,3,このロボットから勇気をもらったと感じた。,4,葛藤なし,行動なし,1
26,項目3_このロボットから勇気をもらったと感じた。,3,このロボットから勇気をもらったと感じた。,4,葛藤なし,行動なし,5
27,項目3_このロボットから勇気をもらったと感じた。,3,このロボットから勇気をもらったと感じた。,4,葛藤なし,行動なし,1
28,項目3_このロボットから勇気をもらったと感じた。,3,このロボットから勇気をもらったと感じた。,4,葛藤なし,行動なし,1
29,項目3_このロボットから勇気をもらったと感じた。,3,このロボットから勇気をもらったと感じた。,4,葛藤なし,行動なし,4
30,項目3_このロボットから勇気をもらったと感じた。,3,このロボットから勇気をもらったと感じた。,4,葛藤なし,行動なし,5
31,項目3_このロボットから勇気をもらったと感じた。,3,このロボットから勇気をもらったと感じた。,4,葛藤なし,行動なし,3
32,項目3_このロボットから勇気をもらったと感じた。,3,このロボットから勇気をもらったと感じた。,4,葛藤なし,行動なし,6
33,項目3_このロボットから勇気をもらったと感じた。,3,このロボットから勇気をもらったと感じた。,4,葛藤なし,行動なし,1
34,項目3_このロボットから勇気をもらったと感じた。,3,このロボットから勇気をもらったと感じた。,4,葛藤なし,行動なし,6
35,項目3_このロボットから勇気をもらったと感じた。,3,このロボットから勇気をもらったと感じた。,4,葛藤なし,行動なし,5
36,項目3_このロボットから勇気をもらったと感じた。,3,このロボットから勇気をもらったと感じた。,4,葛藤なし,行動なし,2
37,項目3_このロボットから勇気をもらったと感じた。,3,このロボットから勇気をもらったと感じた。,4,葛藤なし,行動なし,2
38,項目3_このロボットから勇気をもらったと感じた。,3,このロボットから勇気をもらったと感じた。,4,葛藤なし,行動なし,2
39,項目3_このロボットから勇気をもらったと感じた。,3,このロボットから勇気をもらったと感じた。,4,葛藤なし,行動なし,1
40,項目3_このロボットから勇気をもらったと感じた。,3,このロボットから勇気をもらったと感じた。,4,葛藤なし,行動なし,3
41,項目3_このロボットから勇気をもらったと感じた。,3,このロボットから勇気をもらったと感じた。,4,葛藤なし,行動なし,2
42,項目3_このロボットから勇気をもらったと感じた。,3,このロボットから勇気をもらったと感じた。,4,葛藤なし,行動なし,3
43,項目3_このロボットから勇気をもらったと感じた。,3,このロボットから勇気をもらったと感じた。,4,葛藤なし,行動なし,2
44,項目3_このロボットから勇気をもらったと感じた。,3,このロボットから勇気をもらったと感じた。,4,葛藤なし,行動なし,1
45,項目3_このロボットから勇気をもらったと感じた。,3,このロボットから勇気をもらったと感じた。,4,葛藤なし,行動なし,5
46,項目3_このロボットから勇気をもらったと感じた。,3,このロボットから勇気をもらったと感じた。,4,葛藤なし,行動なし,3
47,項目3_このロボットから勇気をもらったと感じた。,3,このロボットから勇気をもらったと感じた。,4,葛藤なし,行動なし,5
48,項目3_このロボットから勇気をもらったと感じた。,3,このロボットから勇気をもらったと感じた。,4,葛藤なし,行動なし,1
49,項目3_このロボットから勇気をもらったと感じた。,3,このロボットから勇気をもらったと感じた。,4,葛藤なし,行動なし,4
50,項目3_このロボットから勇気をもらったと感じた。,3,このロボットから勇気をもらったと感じた。,4,葛藤なし,行動なし,3
51,項目3_このロボットから勇気をもらったと感じた。,3,このロボットから勇気をもらったと感じた。,4,葛藤なし,行動なし,2
52,項目3_このロボットから勇気をもらったと感じた。,3,このロボットから勇気をもらったと感じた。,4,葛藤なし,行動なし,1
53,項目3_このロボットから勇気をもらったと感じた。,3,このロボットから勇気をもらったと感じた。,4,葛藤なし,行動なし,3
54,項目3_このロボットから勇気をもらったと感じた。,3,このロボットから勇気をもらったと感じた。,4,葛藤なし,行動なし,3
55,項目3_このロボットから勇気をもらったと感じた。,3,このロボットから勇気をもらったと感じた。,4,葛藤なし,行動なし,6
56,項目3_このロボットから勇気をもらったと感じた。,3,このロボットから勇気をもらったと感じた。,4,葛藤なし,行動なし,2
57,項目3_このロボットから勇気をもらったと感じた。,3,このロボットから勇気をもらったと感じた。,4,葛藤なし,行動なし,3
58,項目3_このロボットから勇気をもらったと感じた。,3,このロボットから勇気をもらったと感じた。,4,葛藤なし,行動なし,4
59,項目3_このロボットから勇気をもらったと感じた。,3,このロボットから勇気をもらったと感じた。,4,葛藤なし,行動なし,1
60,項目3_このロボットから勇気をもらったと感じた。,3,このロボットから勇気をもらったと感じた。,4,葛藤なし,行動なし,3
61,項目3_このロボットから勇気をもらったと感じた。,3,このロボットから勇気をもらったと感じた。,4,葛藤なし,行動なし,1
62,項目3_このロボットから勇気をもらったと感じた。,3,このロボットから勇気をもらったと感じた。,4,葛藤なし,行動なし,4
63,項目3_このロボットから勇気をもらったと感じた。,3,このロボットから勇気をもらったと感じた。,4,葛藤なし,行動なし,1
64,項目3_このロボットから勇気をもらったと感じた。,3,このロボットから勇気をもらったと感じた。,4,葛藤なし,行動なし,1
65,項目3_このロボットから勇気をもらったと感じた。,3,このロボットから勇気をもらったと感じた。,4,葛藤なし,行動なし,2
66,項目3_このロボットから勇気をもらったと感じた。,3,このロボットから勇気をもらったと感じた。,4,葛藤なし,行動なし,2
67,項目3_このロボットから勇気をもらったと感じた。,3,このロボットから勇気をもらったと感じた。,4,葛藤なし,行動なし,3
68,項目3_このロボットから勇気をもらったと感じた。,3,このロボットから勇気をもらったと感じた。,4,葛藤なし,行動なし,1
69,項目3_このロボットから勇気をもらったと感じた。,3,このロボットから勇気をもらったと感じた。,4,葛藤なし,行動なし,2
70,項目3_このロボットから勇気をもらったと感じた。,3,このロボットから勇気をもらったと感じた。,4,葛藤なし,行動なし,3
71,項目3_このロボットから勇気をもらったと感じた。,3,このロボットから勇気をもらったと感じた。,4,葛藤なし,行動なし,1
72,項目3_このロボットから勇気をもらったと感じた。,3,このロボットから勇気をもらったと感じた。,4,葛藤なし,行動なし,1
73,項目3_このロボットから勇気をもらったと感じた。,3,このロボットから勇気をもらったと感じた。,4,葛藤なし,行動なし,3
74,項目3_このロボットから勇気をもらったと感じた。,3,このロボットから勇気をもらったと感じた。,4,葛藤なし,行動なし,2
75,項目3_このロボットから勇気をもらったと感じた。,3,このロボットから勇気をもらったと感じた。,4,葛藤なし,行動なし,4
76,項目3_このロボットから勇気をもらったと感じた。,3,このロボットから勇気をもらったと感じた。,4,葛藤なし,行動なし,4
77,項目3_このロボットから勇気をもらったと感じた。,3,このロボットから勇気をもらったと感じた。,4,葛藤なし,行動なし,1
78,項目3_このロボットから勇気をもらったと感じた。,3,このロボットから勇気をもらったと感じた。,4,葛藤なし,行動なし,2
79,項目3_このロボットから勇気をもらったと感じた。,3,このロボットから勇気をもらったと感じた。,4,葛藤なし,行動なし,1
80,項目3_このロボットから勇気をもらったと感じた。,3,このロボットから勇気をもらったと感じた。,4,葛藤なし,行動なし,3
81,項目3_このロボットから勇気をもらったと感じた。,3,このロボットから勇気をもらったと感じた。,4,葛藤なし,行動なし,3
82,項目3_このロボットから勇気をもらったと感じた。,3,このロボットから勇気をもらったと感じた。,4,葛藤なし,行動なし,5
83,項目3_このロボットから勇気をもらったと感じた。,3,このロボットから勇気をもらったと感じた。,4,葛藤なし,行動なし,1
84,項目3_このロボットから勇気をもらったと感じた。,3,このロボットから勇気をもらったと感じた。,4,葛藤なし,行動なし,1
85,項目3_このロボットから勇気をもらったと感じた。,3,このロボットから勇気をもらったと感じた。,4,葛藤なし,行動なし,2
86,項目3_このロボットから勇気をもらったと感じた。,3,このロボットから勇気をもらったと感じた。,4,葛藤なし,行動なし,4
87,項目3_このロボットから勇気をもらったと感じた。,3,このロボットから勇気をもらったと感じた。,4,葛藤なし,行動なし,3
88,項目3_このロボットから勇気をもらったと感じた。,3,このロボットから勇気をもらったと感じた。,4,葛藤なし,行動なし,1
89,項目3_このロボットから勇気をもらったと感じた。,3,このロボットから勇気をもらったと感じた。,4,葛藤なし,行動なし,1
90,項目3_このロボットから勇気をもらったと感じた。,3,このロボットから勇気をもらったと感じた。,4,葛藤なし,行動なし,2
91,項目3_このロボットから勇気をもらったと感じた。,3,このロボットから勇気をもらったと感じた。,4,葛藤なし,行動なし,4
92,項目3_このロボットから勇気をもらったと感じた。,3,このロボットから勇気をもらったと感じた。,4,葛藤なし,行動なし,1
93,項目3_このロボットから勇気をもらったと感じた。,3,このロボットから勇気をもらったと感じた。,4,葛藤なし,行動なし,5
94,項目3_このロボットから勇気をもらったと感じた。,3,このロボットから勇気をもらったと感じた。,4,葛藤なし,行動なし,1
95,項目3_このロボットから勇気をもらったと感じた。,3,このロボットから勇気をもらったと感じた。,4,葛藤なし,行動なし,7
96,項目3_このロボットから勇気をもらったと感じた。,3,このロボットから勇気をもらったと感じた。,4,葛藤なし,行動なし,1
97,項目3_このロボットから勇気をもらったと感じた。,3,このロボットから勇気をもらったと感じた。,4,葛藤なし,行動なし,2
98,項目3_このロボットから勇気をもらったと感じた。,3,このロボットから勇気をもらったと感じた。,4,葛藤なし,行動なし,2
99,項目3_このロボットから勇気をもらったと感じた。,3,このロボットから勇気をもらったと感じた。,4,葛藤なし,行動なし,1
100,項目3_このロボットから勇気をもらったと感じた。,3,このロボットから勇気をもらったと感じた。,4,葛藤なし,行動なし,2
101,項目3_このロボットから勇気をもらったと感じた。,3,このロボットから勇気をもらったと感じた。,4,葛藤なし,行動なし,4
102,項目3_このロボットから勇気をもらったと感じた。,3,このロボットから勇気をもらったと感じた。,4,葛藤なし,行動なし,4
103,項目3_このロボットから勇気をもらったと感じた。,3,このロボットから勇気をもらったと感じた。,4,葛藤なし,行動なし,2
104,項目3_このロボットから勇気をもらったと感じた。,3,このロボットから勇気をもらったと感じた。,4,葛藤なし,行動なし,4
105,項目3_このロボットから勇気をもらったと感じた。,3,このロボットから勇気をもらったと感じた。,4,葛藤なし,行動なし,5
106,項目3_このロボットから勇気をもらったと感じた。,3,このロボットから勇気をもらったと感じた。,4,葛藤なし,行動なし,4
107,項目3_このロボットから勇気をもらったと感じた。,3,このロボットから勇気をもらったと感じた。,4,葛藤なし,行動なし,2
108,項目3_このロボットから勇気をもらったと感じた。,3,このロボットから勇気をもらったと感じた。,4,葛藤なし,行動なし,1
109,項目3_このロボットから勇気をもらったと感じた。,3,このロボットから勇気をもらったと感じた。,4,葛藤なし,行動なし,1
110,項目3_このロボットから勇気をもらったと感じた。,3,このロボットから勇気をもらったと感じた。,4,葛藤なし,行動なし,4
111,項目3_このロボットから勇気をもらったと感じた。,3,このロボットから勇気をもらったと感じた。,4,葛藤なし,行動なし,2
112,項目3_このロボットから勇気をもらったと感じた。,3,このロボットから勇気をもらったと感じた。,4,葛藤なし,行動なし,4
113,項目3_このロボットから勇気をもらったと感じた。,3,このロボットから勇気をもらったと感じた。,4,葛藤なし,行動なし,4
114,項目3_このロボットから勇気をもらったと感じた。,3,このロボットから勇気をもらったと感じた。,4,葛藤なし,行動なし,3
115,項目3_このロボットから勇気をもらったと感じた。,3,このロボットから勇気をもらったと感じた。,4,葛藤なし,行動なし,5
116,項目3_このロボットから勇気をもらったと感じた。,3,このロボットから勇気をもらったと感じた。,4,葛藤なし,行動なし,1
117,項目3_このロボットから勇気をもらったと感じた。,3,このロボットから勇気をもらったと感じた。,4,葛藤なし,行動なし,2
118,項目3_このロボットから勇気をもらったと感じた。,3,このロボットから勇気をもらったと感じた。,4,葛藤なし,行動なし,4
119,項目3_このロボットから勇気をもらったと感じた。,3,このロボットから勇気をもらったと感じた。,4,葛藤なし,行動なし,2
120,項目3_このロボットから勇気をもらったと感じた。,3,このロボットから勇気をもらったと感じた。,4,葛藤なし,行動なし,3
121,項目3_このロボットから勇気をもらったと感じた。,3,このロボットから勇気をもらったと感じた。,4,葛藤なし,行動なし,1
122,項目3_このロボットから勇気をもらったと感じた。,3,このロボットから勇気をもらったと感じた。,4,葛藤なし,行動なし,1
123,項目3_このロボットから勇気をもらったと感じた。,3,このロボットから勇気をもらったと感じた。,4,葛藤なし,行動なし,4
124,項目3_このロボットから勇気をもらったと感じた。,3,このロボットから勇気をもらったと感じた。,4,葛藤なし,行動なし,3
125,項目3_このロボットから勇気をもらったと感じた。,3,このロボットから勇気をもらったと感じた。,4,葛藤なし,行動なし,4
126,項目3_このロボットから勇気をもらったと感じた。,3,このロボットから勇気をもらったと感じた。,4,葛藤なし,行動なし,5
