participant_id,video_no,conflict,action,score,score_type,target,pre_courage,group
1,1,葛藤あり,行動あり,3.1666666666666665,post,勇気尺度（post）,2.8333333333333335,事前勇気<4
2,1,葛藤あり,行動あり,4.333333333333333,post,勇気尺度（post）,4.666666666666667,事前勇気>=4
3,1,葛藤あり,行動あり,3.6666666666666665,post,勇気尺度（post）,4.333333333333333,事前勇気>=4
4,1,葛藤あり,行動あり,4.333333333333333,post,勇気尺度（post）,3.6666666666666665,事前勇気<4
5,1,葛藤あり,行動あり,3.5,post,勇気尺度（post）,2.3333333333333335,事前勇気<4
6,1,葛藤あり,行動あり,5.333333333333333,post,勇気尺度（post）,4.666666666666667,事前勇気>=4
7,1,葛藤あり,行動あり,4.166666666666667,post,勇気尺度（post）,4.333333333333333,事前勇気>=4
8,1,葛藤あり,行動あり,1.5,post,勇気尺度（post）,3.3333333333333335,事前勇気<4
9,1,葛藤あり,行動あり,4.5,post,勇気尺度（post）,4.0,事前勇気>=4
10,1,葛藤あり,行動あり,2.0,post,勇気尺度（post）,2.0,事前勇気<4
11,1,葛藤あり,行動あり,5.5,post,勇気尺度（post）,6.333333333333333,事前勇気>=4
12,1,葛藤あり,行動あり,4.666666666666667,post,勇気尺度（post）,4.0,事前勇気>=4
13,1,葛藤あり,行動あり,3.3333333333333335,post,勇気尺度（post）,3.1666666666666665,事前勇気<4
14,1,葛藤あり,行動あり,5.0,post,勇気尺度（post）,5.166666666666667,事前勇気>=4
15,1,葛藤あり,行動あり,2.0,post,勇気尺度（post）,2.1666666666666665,事前勇気<4
16,1,葛藤あり,行動あり,5.833333333333333,post,勇気尺度（post）,5.666666666666667,事前勇気>=4
17,1,葛藤あり,行動あり,4.833333333333333,post,勇気尺度（post）,4.5,事前勇気>=4
18,1,葛藤あり,行動あり,3.6666666666666665,post,勇気尺度（post）,2.8333333333333335,事前勇気<4
19,1,葛藤あり,行動あり,3.0,post,勇気尺度（post）,2.8333333333333335,事前勇気<4
20,1,葛藤あり,行動あり,3.8333333333333335,post,勇気尺度（post）,4.5,事前勇気>=4
21,1,葛藤あり,行動あり,3.8333333333333335,post,勇気尺度（post）,3.5,事前勇気<4
22,1,葛藤あり,行動あり,4.5,post,勇気尺度（post）,4.5,事前勇気>=4
23,1,葛藤あり,行動あり,6.0,post,勇気尺度（post）,5.833333333333333,事前勇気>=4
24,1,葛藤あり,行動あり,2.3333333333333335,post,勇気尺度（post）,3.5,事前勇気<4
25,1,葛藤あり,行動あり,4.5,post,勇気尺度（post）,4.166666666666667,事前勇気>=4
26,1,葛藤あり,行動あり,3.8333333333333335,post,勇気尺度（post）,3.6666666666666665,事前勇気<4
27,1,葛藤あり,行動あり,1.8333333333333333,post,勇気尺度（post）,1.3333333333333333,事前勇気<4
28,1,葛藤あり,行動あり,6.0,post,勇気尺度（post）,5.333333333333333,事前勇気>=4
29,1,葛藤あり,行動あり,6.666666666666667,post,勇気尺度（post）,6.0,事前勇気>=4
30,1,葛藤あり,行動あり,2.6666666666666665,post,勇気尺度（post）,1.8333333333333333,事前勇気<4
31,1,葛藤あり,行動あり,3.3333333333333335,post,勇気尺度（post）,3.5,事前勇気<4
32,1,葛藤あり,行動あり,3.6666666666666665,post,勇気尺度（post）,3.5,事前勇気<4
33,1,葛藤あり,行動あり,5.333333333333333,post,勇気尺度（post）,5.5,事前勇気>=4
34,1,葛藤あり,行動あり,5.0,post,勇気尺度（post）,5.166666666666667,事前勇気>=4
35,1,葛藤あり,行動あり,5.166666666666667,post,勇気尺度（post）,5.166666666666667,事前勇気>=4
36,1,葛藤あり,行動あり,2.5,post,勇気尺度（post）,2.6666666666666665,事前勇気<4
37,1,葛藤あり,行動あり,3.8333333333333335,post,勇気尺度（post）,3.5,事前勇気<4
38,1,葛藤あり,行動あり,3.3333333333333335,post,勇気尺度（post）,3.8333333333333335,事前勇気<4
39,1,葛藤あり,行動あり,1.6666666666666667,post,勇気尺度（post）,1.5,事前勇気<4
40,1,葛藤あり,行動あり,3.0,post,勇気尺度（post）,2.3333333333333335,事前勇気<4
41,1,葛藤あり,行動あり,3.8333333333333335,post,勇気尺度（post）,3.8333333333333335,事前勇気<4
42,1,葛藤あり,行動あり,3.1666666666666665,post,勇気尺度（post）,2.8333333333333335,事前勇気<4
43,1,葛藤あり,行動あり,3.5,post,勇気尺度（post）,3.5,事前勇気<4
44,1,葛藤あり,行動あり,2.0,post,勇気尺度（post）,2.3333333333333335,事前勇気<4
45,1,葛藤あり,行動あり,2.0,post,勇気尺度（post）,3.5,事前勇気<4
46,1,葛藤あり,行動あり,2.8333333333333335,post,勇気尺度（post）,3.3333333333333335,事前勇気<4
47,1,葛藤あり,行動あり,5.0,post,勇気尺度（post）,5.166666666666667,事前勇気>=4
48,1,葛藤あり,行動あり,4.5,post,勇気尺度（post）,4.5,事前勇気>=4
49,1,葛藤あり,行動あり,4.166666666666667,post,勇気尺度（post）,3.6666666666666665,事前勇気<4
50,1,葛藤あり,行動あり,3.8333333333333335,post,勇気尺度（post）,4.5,事前勇気>=4
51,1,葛藤あり,行動あり,3.0,post,勇気尺度（post）,2.0,事前勇気<4
52,1,葛藤あり,行動あり,4.5,post,勇気尺度（post）,4.166666666666667,事前勇気>=4
53,1,葛藤あり,行動あり,4.0,post,勇気尺度（post）,4.0,事前勇気>=4
54,1,葛藤あり,行動あり,4.0,post,勇気尺度（post）,3.3333333333333335,事前勇気<4
55,1,葛藤あり,行動あり,5.833333333333333,post,勇気尺度（post）,5.333333333333333,事前勇気>=4
56,1,葛藤あり,行動あり,2.8333333333333335,post,勇気尺度（post）,2.5,事前勇気<4
57,1,葛藤あり,行動あり,3.6666666666666665,post,勇気尺度（post）,2.5,事前勇気<4
58,1,葛藤あり,行動あり,1.8333333333333333,post,勇気尺度（post）,2.0,事前勇気<4
59,1,葛藤あり,行動あり,3.0,post,勇気尺度（post）,2.0,事前勇気<4
60,1,葛藤あり,行動あり,4.833333333333333,post,勇気尺度（post）,5.333333333333333,事前勇気>=4
61,1,葛藤あり,行動あり,4.0,post,勇気尺度（post）,4.666666666666667,事前勇気>=4
62,1,葛藤あり,行動あり,2.8333333333333335,post,勇気尺度（post）,4.333333333333333,事前勇気>=4
63,1,葛藤あり,行動あり,4.666666666666667,post,勇気尺度（post）,4.333333333333333,事前勇気>=4
64,1,葛藤あり,行動あり,5.666666666666667,post,勇気尺度（post）,5.833333333333333,事前勇気>=4
65,1,葛藤あり,行動あり,3.0,post,勇気尺度（post）,2.5,事前勇気<4
66,1,葛藤あり,行動あり,3.3333333333333335,post,勇気尺度（post）,4.5,事前勇気>=4
67,1,葛藤あり,行動あり,3.3333333333333335,post,勇気尺度（post）,3.8333333333333335,事前勇気<4
68,1,葛藤あり,行動あり,4.0,post,勇気尺度（post）,4.166666666666667,事前勇気>=4
69,1,葛藤あり,行動あり,5.833333333333333,post,勇気尺度（post）,4.833333333333333,事前勇気>=4
70,1,葛藤あり,行動あり,2.6666666666666665,post,勇気尺度（post）,2.6666666666666665,事前勇気<4
71,1,葛藤あり,行動あり,3.8333333333333335,post,勇気尺度（post）,4.666666666666667,事前勇気>=4
72,1,葛藤あり,行動あり,1.3333333333333333,post,勇気尺度（post）,1.8333333333333333,事前勇気<4
73,1,葛藤あり,行動あり,4.0,post,勇気尺度（post）,4.5,事前勇気>=4
74,1,葛藤あり,行動あり,5.333333333333333,post,勇気尺度（post）,4.833333333333333,事前勇気>=4
75,1,葛藤あり,行動あり,3.3333333333333335,post,勇気尺度（post）,1.8333333333333333,事前勇気<4
76,1,葛藤あり,行動あり,4.333333333333333,post,勇気尺度（post）,4.833333333333333,事前勇気>=4
77,1,葛藤あり,行動あり,1.5,post,勇気尺度（post）,2.0,事前勇気<4
78,1,葛藤あり,行動あり,4.333333333333333,post,勇気尺度（post）,4.166666666666667,事前勇気>=4
79,1,葛藤あり,行動あり,5.333333333333333,post,勇気尺度（post）,4.5,事前勇気>=4
80,1,葛藤あり,行動あり,3.8333333333333335,post,勇気尺度（post）,4.166666666666667,事前勇気>=4
81,1,葛藤あり,行動あり,4.5,post,勇気尺度（post）,4.333333333333333,事前勇気>=4
82,1,葛藤あり,行動あり,5.0,post,勇気尺度（post）,3.5,事前勇気<4
83,1,葛藤あり,行動あり,1.8333333333333333,post,勇気尺度（post）,2.0,事前勇気<4
84,1,葛藤あり,行動あり,2.1666666666666665,post,勇気尺度（post）,1.8333333333333333,事前勇気<4
85,1,葛藤あり,行動あり,1.1666666666666667,post,勇気尺度（post）,2.5,事前勇気<4
86,1,葛藤あり,行動あり,4.0,post,勇気尺度（post）,4.0,事前勇気>=4
87,1,葛藤あり,行動あり,5.0,post,勇気尺度（post）,3.0,事前勇気<4
88,1,葛藤あり,行動あり,4.0,post,勇気尺度（post）,3.6666666666666665,事前勇気<4
89,1,葛藤あり,行動あり,7.0,post,勇気尺度（post）,7.0,事前勇気>=4
90,1,葛藤あり,行動あり,5.666666666666667,post,勇気尺度（post）,5.833333333333333,事前勇気>=4
91,1,葛藤あり,行動あり,4.5,post,勇気尺度（post）,4.833333333333333,事前勇気>=4
92,1,葛藤あり,行動あり,5.0,post,勇気尺度（post）,5.0,事前勇気>=4
93,1,葛藤あり,行動あり,5.0,post,勇気尺度（post）,4.0,事前勇気>=4
94,1,葛藤あり,行動あり,2.0,post,勇気尺度（post）,2.3333333333333335,事前勇気<4
95,1,葛藤あり,行動あり,2.5,post,勇気尺度（post）,3.5,事前勇気<4
96,1,葛藤あり,行動あり,4.833333333333333,post,勇気尺度（post）,4.5,事前勇気>=4
97,1,葛藤あり,行動あり,4.5,post,勇気尺度（post）,3.5,事前勇気<4
98,1,葛藤あり,行動あり,4.666666666666667,post,勇気尺度（post）,3.3333333333333335,事前勇気<4
99,1,葛藤あり,行動あり,3.5,post,勇気尺度（post）,3.5,事前勇気<4
100,1,葛藤あり,行動あり,2.0,post,勇気尺度（post）,2.3333333333333335,事前勇気<4
101,1,葛藤あり,行動あり,2.3333333333333335,post,勇気尺度（post）,1.5,事前勇気<4
102,1,葛藤あり,行動あり,4.333333333333333,post,勇気尺度（post）,4.666666666666667,事前勇気>=4
103,1,葛藤あり,行動あり,3.8333333333333335,post,勇気尺度（post）,3.6666666666666665,事前勇気<4
104,1,葛藤あり,行動あり,4.0,post,勇気尺度（post）,4.0,事前勇気>=4
105,1,葛藤あり,行動あり,4.0,post,勇気尺度（post）,4.333333333333333,事前勇気>=4
106,1,葛藤あり,行動あり,4.5,post,勇気尺度（post）,4.666666666666667,事前勇気>=4
107,1,葛藤あり,行動あり,2.3333333333333335,post,勇気尺度（post）,2.6666666666666665,事前勇気<4
108,1,葛藤あり,行動あり,3.8333333333333335,post,勇気尺度（post）,2.5,事前勇気<4
109,1,葛藤あり,行動あり,3.0,post,勇気尺度（post）,3.1666666666666665,事前勇気<4
110,1,葛藤あり,行動あり,4.333333333333333,post,勇気尺度（post）,4.166666666666667,事前勇気>=4
111,1,葛藤あり,行動あり,4.0,post,勇気尺度（post）,3.8333333333333335,事前勇気<4
112,1,葛藤あり,行動あり,5.833333333333333,post,勇気尺度（post）,3.6666666666666665,事前勇気<4
113,1,葛藤あり,行動あり,5.166666666666667,post,勇気尺度（post）,5.166666666666667,事前勇気>=4
114,1,葛藤あり,行動あり,3.0,post,勇気尺度（post）,3.3333333333333335,事前勇気<4
115,1,葛藤あり,行動あり,4.0,post,勇気尺度（post）,3.6666666666666665,事前勇気<4
116,1,葛藤あり,行動あり,2.5,post,勇気尺度（post）,2.5,事前勇気<4
117,1,葛藤あり,行動あり,4.833333333333333,post,勇気尺度（post）,3.6666666666666665,事前勇気<4
118,1,葛藤あり,行動あり,3.0,post,勇気尺度（post）,2.3333333333333335,事前勇気<4
119,1,葛藤あり,行動あり,2.1666666666666665,post,勇気尺度（post）,2.5,事前勇気<4
120,1,葛藤あり,行動あり,4.166666666666667,post,勇気尺度（post）,4.5,事前勇気>=4
121,1,葛藤あり,行動あり,6.833333333333333,post,勇気尺度（post）,6.833333333333333,事前勇気>=4
122,1,葛藤あり,行動あり,3.3333333333333335,post,勇気尺度（post）,3.1666666666666665,事前勇気<4
123,1,葛藤あり,行動あり,4.0,post,勇気尺度（post）,3.3333333333333335,事前勇気<4
124,1,葛藤あり,行動あり,3.6666666666666665,post,勇気尺度（post）,3.1666666666666665,事前勇気<4
125,1,葛藤あり,行動あり,4.666666666666667,post,勇気尺度（post）,4.333333333333333,事前勇気>=4
126,1,葛藤あり,行動あり,3.8333333333333335,post,勇気尺度（post）,3.6666666666666665,事前勇気<4
1,1,葛藤あり,行動あり,0.33333333333333304,diff,勇気尺度（diff）,2.8333333333333335,事前勇気<4
2,1,葛藤あり,行動あり,-0.3333333333333339,diff,勇気尺度（diff）,4.666666666666667,事前勇気>=4
3,1,葛藤あり,行動あり,-0.6666666666666665,diff,勇気尺度（diff）,4.333333333333333,事前勇気>=4
4,1,葛藤あり,行動あり,0.6666666666666665,diff,勇気尺度（diff）,3.6666666666666665,事前勇気<4
5,1,葛藤あり,行動あり,1.1666666666666665,diff,勇気尺度（diff）,2.3333333333333335,事前勇気<4
6,1,葛藤あり,行動あり,0.6666666666666661,diff,勇気尺度（diff）,4.666666666666667,事前勇気>=4
7,1,葛藤あり,行動あり,-0.16666666666666607,diff,勇気尺度（diff）,4.333333333333333,事前勇気>=4
8,1,葛藤あり,行動あり,-1.8333333333333335,diff,勇気尺度（diff）,3.3333333333333335,事前勇気<4
9,1,葛藤あり,行動あり,0.5,diff,勇気尺度（diff）,4.0,事前勇気>=4
10,1,葛藤あり,行動あり,0.0,diff,勇気尺度（diff）,2.0,事前勇気<4
11,1,葛藤あり,行動あり,-0.833333333333333,diff,勇気尺度（diff）,6.333333333333333,事前勇気>=4
12,1,葛藤あり,行動あり,0.666666666666667,diff,勇気尺度（diff）,4.0,事前勇気>=4
13,1,葛藤あり,行動あり,0.16666666666666696,diff,勇気尺度（diff）,3.1666666666666665,事前勇気<4
14,1,葛藤あり,行動あり,-0.16666666666666696,diff,勇気尺度（diff）,5.166666666666667,事前勇気>=4
15,1,葛藤あり,行動あり,-0.16666666666666652,diff,勇気尺度（diff）,2.1666666666666665,事前勇気<4
16,1,葛藤あり,行動あり,0.16666666666666607,diff,勇気尺度（diff）,5.666666666666667,事前勇気>=4
17,1,葛藤あり,行動あり,0.33333333333333304,diff,勇気尺度（diff）,4.5,事前勇気>=4
18,1,葛藤あり,行動あり,0.833333333333333,diff,勇気尺度（diff）,2.8333333333333335,事前勇気<4
19,1,葛藤あり,行動あり,0.16666666666666652,diff,勇気尺度（diff）,2.8333333333333335,事前勇気<4
20,1,葛藤あり,行動あり,-0.6666666666666665,diff,勇気尺度（diff）,4.5,事前勇気>=4
21,1,葛藤あり,行動あり,0.3333333333333335,diff,勇気尺度（diff）,3.5,事前勇気<4
22,1,葛藤あり,行動あり,0.0,diff,勇気尺度（diff）,4.5,事前勇気>=4
23,1,葛藤あり,行動あり,0.16666666666666696,diff,勇気尺度（diff）,5.833333333333333,事前勇気>=4
24,1,葛藤あり,行動あり,-1.1666666666666665,diff,勇気尺度（diff）,3.5,事前勇気<4
25,1,葛藤あり,行動あり,0.33333333333333304,diff,勇気尺度（diff）,4.166666666666667,事前勇気>=4
26,1,葛藤あり,行動あり,0.16666666666666696,diff,勇気尺度（diff）,3.6666666666666665,事前勇気<4
27,1,葛藤あり,行動あり,0.5,diff,勇気尺度（diff）,1.3333333333333333,事前勇気<4
28,1,葛藤あり,行動あり,0.666666666666667,diff,勇気尺度（diff）,5.333333333333333,事前勇気>=4
29,1,葛藤あり,行動あり,0.666666666666667,diff,勇気尺度（diff）,6.0,事前勇気>=4
30,1,葛藤あり,行動あり,0.8333333333333333,diff,勇気尺度（diff）,1.8333333333333333,事前勇気<4
31,1,葛藤あり,行動あり,-0.16666666666666652,diff,勇気尺度（diff）,3.5,事前勇気<4
32,1,葛藤あり,行動あり,0.16666666666666652,diff,勇気尺度（diff）,3.5,事前勇気<4
33,1,葛藤あり,行動あり,-0.16666666666666696,diff,勇気尺度（diff）,5.5,事前勇気>=4
34,1,葛藤あり,行動あり,-0.16666666666666696,diff,勇気尺度（diff）,5.166666666666667,事前勇気>=4
35,1,葛藤あり,行動あり,0.0,diff,勇気尺度（diff）,5.166666666666667,事前勇気>=4
36,1,葛藤あり,行動あり,-0.16666666666666652,diff,勇気尺度（diff）,2.6666666666666665,事前勇気<4
37,1,葛藤あり,行動あり,0.3333333333333335,diff,勇気尺度（diff）,3.5,事前勇気<4
38,1,葛藤あり,行動あり,-0.5,diff,勇気尺度（diff）,3.8333333333333335,事前勇気<4
39,1,葛藤あり,行動あり,0.16666666666666674,diff,勇気尺度（diff）,1.5,事前勇気<4
40,1,葛藤あり,行動あり,0.6666666666666665,diff,勇気尺度（diff）,2.3333333333333335,事前勇気<4
41,1,葛藤あり,行動あり,0.0,diff,勇気尺度（diff）,3.8333333333333335,事前勇気<4
42,1,葛藤あり,行動あり,0.33333333333333304,diff,勇気尺度（diff）,2.8333333333333335,事前勇気<4
43,1,葛藤あり,行動あり,0.0,diff,勇気尺度（diff）,3.5,事前勇気<4
44,1,葛藤あり,行動あり,-0.3333333333333335,diff,勇気尺度（diff）,2.3333333333333335,事前勇気<4
45,1,葛藤あり,行動あり,-1.5,diff,勇気尺度（diff）,3.5,事前勇気<4
46,1,葛藤あり,行動あり,-0.5,diff,勇気尺度（diff）,3.3333333333333335,事前勇気<4
47,1,葛藤あり,行動あり,-0.16666666666666696,diff,勇気尺度（diff）,5.166666666666667,事前勇気>=4
48,1,葛藤あり,行動あり,0.0,diff,勇気尺度（diff）,4.5,事前勇気>=4
49,1,葛藤あり,行動あり,0.5000000000000004,diff,勇気尺度（diff）,3.6666666666666665,事前勇気<4
50,1,葛藤あり,行動あり,-0.6666666666666665,diff,勇気尺度（diff）,4.5,事前勇気>=4
51,1,葛藤あり,行動あり,1.0,diff,勇気尺度（diff）,2.0,事前勇気<4
52,1,葛藤あり,行動あり,0.33333333333333304,diff,勇気尺度（diff）,4.166666666666667,事前勇気>=4
53,1,葛藤あり,行動あり,0.0,diff,勇気尺度（diff）,4.0,事前勇気>=4
54,1,葛藤あり,行動あり,0.6666666666666665,diff,勇気尺度（diff）,3.3333333333333335,事前勇気<4
55,1,葛藤あり,行動あり,0.5,diff,勇気尺度（diff）,5.333333333333333,事前勇気>=4
56,1,葛藤あり,行動あり,0.3333333333333335,diff,勇気尺度（diff）,2.5,事前勇気<4
57,1,葛藤あり,行動あり,1.1666666666666665,diff,勇気尺度（diff）,2.5,事前勇気<4
58,1,葛藤あり,行動あり,-0.16666666666666674,diff,勇気尺度（diff）,2.0,事前勇気<4
59,1,葛藤あり,行動あり,1.0,diff,勇気尺度（diff）,2.0,事前勇気<4
60,1,葛藤あり,行動あり,-0.5,diff,勇気尺度（diff）,5.333333333333333,事前勇気>=4
61,1,葛藤あり,行動あり,-0.666666666666667,diff,勇気尺度（diff）,4.666666666666667,事前勇気>=4
62,1,葛藤あり,行動あり,-1.4999999999999996,diff,勇気尺度（diff）,4.333333333333333,事前勇気>=4
63,1,葛藤あり,行動あり,0.3333333333333339,diff,勇気尺度（diff）,4.333333333333333,事前勇気>=4
64,1,葛藤あり,行動あり,-0.16666666666666607,diff,勇気尺度（diff）,5.833333333333333,事前勇気>=4
65,1,葛藤あり,行動あり,0.5,diff,勇気尺度（diff）,2.5,事前勇気<4
66,1,葛藤あり,行動あり,-1.1666666666666665,diff,勇気尺度（diff）,4.5,事前勇気>=4
67,1,葛藤あり,行動あり,-0.5,diff,勇気尺度（diff）,3.8333333333333335,事前勇気<4
68,1,葛藤あり,行動あり,-0.16666666666666696,diff,勇気尺度（diff）,4.166666666666667,事前勇気>=4
69,1,葛藤あり,行動あり,1.0,diff,勇気尺度（diff）,4.833333333333333,事前勇気>=4
70,1,葛藤あり,行動あり,0.0,diff,勇気尺度（diff）,2.6666666666666665,事前勇気<4
71,1,葛藤あり,行動あり,-0.8333333333333335,diff,勇気尺度（diff）,4.666666666666667,事前勇気>=4
72,1,葛藤あり,行動あり,-0.5,diff,勇気尺度（diff）,1.8333333333333333,事前勇気<4
73,1,葛藤あり,行動あり,-0.5,diff,勇気尺度（diff）,4.5,事前勇気>=4
74,1,葛藤あり,行動あり,0.5,diff,勇気尺度（diff）,4.833333333333333,事前勇気>=4
75,1,葛藤あり,行動あり,1.5000000000000002,diff,勇気尺度（diff）,1.8333333333333333,事前勇気<4
76,1,葛藤あり,行動あり,-0.5,diff,勇気尺度（diff）,4.833333333333333,事前勇気>=4
77,1,葛藤あり,行動あり,-0.5,diff,勇気尺度（diff）,2.0,事前勇気<4
78,1,葛藤あり,行動あり,0.16666666666666607,diff,勇気尺度（diff）,4.166666666666667,事前勇気>=4
79,1,葛藤あり,行動あり,0.833333333333333,diff,勇気尺度（diff）,4.5,事前勇気>=4
80,1,葛藤あり,行動あり,-0.3333333333333335,diff,勇気尺度（diff）,4.166666666666667,事前勇気>=4
81,1,葛藤あり,行動あり,0.16666666666666696,diff,勇気尺度（diff）,4.333333333333333,事前勇気>=4
82,1,葛藤あり,行動あり,1.5,diff,勇気尺度（diff）,3.5,事前勇気<4
83,1,葛藤あり,行動あり,-0.16666666666666674,diff,勇気尺度（diff）,2.0,事前勇気<4
84,1,葛藤あり,行動あり,0.33333333333333326,diff,勇気尺度（diff）,1.8333333333333333,事前勇気<4
85,1,葛藤あり,行動あり,-1.3333333333333333,diff,勇気尺度（diff）,2.5,事前勇気<4
86,1,葛藤あり,行動あり,0.0,diff,勇気尺度（diff）,4.0,事前勇気>=4
87,1,葛藤あり,行動あり,2.0,diff,勇気尺度（diff）,3.0,事前勇気<4
88,1,葛藤あり,行動あり,0.3333333333333335,diff,勇気尺度（diff）,3.6666666666666665,事前勇気<4
89,1,葛藤あり,行動あり,0.0,diff,勇気尺度（diff）,7.0,事前勇気>=4
90,1,葛藤あり,行動あり,-0.16666666666666607,diff,勇気尺度（diff）,5.833333333333333,事前勇気>=4
91,1,葛藤あり,行動あり,-0.33333333333333304,diff,勇気尺度（diff）,4.833333333333333,事前勇気>=4
92,1,葛藤あり,行動あり,0.0,diff,勇気尺度（diff）,5.0,事前勇気>=4
93,1,葛藤あり,行動あり,1.0,diff,勇気尺度（diff）,4.0,事前勇気>=4
94,1,葛藤あり,行動あり,-0.3333333333333335,diff,勇気尺度（diff）,2.3333333333333335,事前勇気<4
95,1,葛藤あり,行動あり,-1.0,diff,勇気尺度（diff）,3.5,事前勇気<4
96,1,葛藤あり,行動あり,0.33333333333333304,diff,勇気尺度（diff）,4.5,事前勇気>=4
97,1,葛藤あり,行動あり,1.0,diff,勇気尺度（diff）,3.5,事前勇気<4
98,1,葛藤あり,行動あり,1.3333333333333335,diff,勇気尺度（diff）,3.3333333333333335,事前勇気<4
99,1,葛藤あり,行動あり,0.0,diff,勇気尺度（diff）,3.5,事前勇気<4
100,1,葛藤あり,行動あり,-0.3333333333333335,diff,勇気尺度（diff）,2.3333333333333335,事前勇気<4
101,1,葛藤あり,行動あり,0.8333333333333335,diff,勇気尺度（diff）,1.5,事前勇気<4
102,1,葛藤あり,行動あり,-0.3333333333333339,diff,勇気尺度（diff）,4.666666666666667,事前勇気>=4
103,1,葛藤あり,行動あり,0.16666666666666696,diff,勇気尺度（diff）,3.6666666666666665,事前勇気<4
104,1,葛藤あり,行動あり,0.0,diff,勇気尺度（diff）,4.0,事前勇気>=4
105,1,葛藤あり,行動あり,-0.33333333333333304,diff,勇気尺度（diff）,4.333333333333333,事前勇気>=4
106,1,葛藤あり,行動あり,-0.16666666666666696,diff,勇気尺度（diff）,4.666666666666667,事前勇気>=4
107,1,葛藤あり,行動あり,-0.33333333333333304,diff,勇気尺度（diff）,2.6666666666666665,事前勇気<4
108,1,葛藤あり,行動あり,1.3333333333333335,diff,勇気尺度（diff）,2.5,事前勇気<4
109,1,葛藤あり,行動あり,-0.16666666666666652,diff,勇気尺度（diff）,3.1666666666666665,事前勇気<4
110,1,葛藤あり,行動あり,0.16666666666666607,diff,勇気尺度（diff）,4.166666666666667,事前勇気>=4
111,1,葛藤あり,行動あり,0.16666666666666652,diff,勇気尺度（diff）,3.8333333333333335,事前勇気<4
112,1,葛藤あり,行動あり,2.1666666666666665,diff,勇気尺度（diff）,3.6666666666666665,事前勇気<4
113,1,葛藤あり,行動あり,0.0,diff,勇気尺度（diff）,5.166666666666667,事前勇気>=4
114,1,葛藤あり,行動あり,-0.3333333333333335,diff,勇気尺度（diff）,3.3333333333333335,事前勇気<4
115,1,葛藤あり,行動あり,0.3333333333333335,diff,勇気尺度（diff）,3.6666666666666665,事前勇気<4
116,1,葛藤あり,行動あり,0.0,diff,勇気尺度（diff）,2.5,事前勇気<4
117,1,葛藤あり,行動あり,1.1666666666666665,diff,勇気尺度（diff）,3.6666666666666665,事前勇気<4
118,1,葛藤あり,行動あり,0.6666666666666665,diff,勇気尺度（diff）,2.3333333333333335,事前勇気<4
119,1,葛藤あり,行動あり,-0.3333333333333335,diff,勇気尺度（diff）,2.5,事前勇気<4
120,1,葛藤あり,行動あり,-0.33333333333333304,diff,勇気尺度（diff）,4.5,事前勇気>=4
121,1,葛藤あり,行動あり,0.0,diff,勇気尺度（diff）,6.833333333333333,事前勇気>=4
122,1,葛藤あり,行動あり,0.16666666666666696,diff,勇気尺度（diff）,3.1666666666666665,事前勇気<4
123,1,葛藤あり,行動あり,0.6666666666666665,diff,勇気尺度（diff）,3.3333333333333335,事前勇気<4
124,1,葛藤あり,行動あり,0.5,diff,勇気尺度（diff）,3.1666666666666665,事前勇気<4
125,1,葛藤あり,行動あり,0.3333333333333339,diff,勇気尺度（diff）,4.333333333333333,事前勇気>=4
126,1,葛藤あり,行動あり,0.16666666666666696,diff,勇気尺度（diff）,3.6666666666666665,事前勇気<4
1,2,葛藤あり,行動なし,3.8333333333333335,post,勇気尺度（post）,2.8333333333333335,事前勇気<4
2,2,葛藤あり,行動なし,5.0,post,勇気尺度（post）,4.666666666666667,事前勇気>=4
3,2,葛藤あり,行動なし,3.8333333333333335,post,勇気尺度（post）,4.333333333333333,事前勇気>=4
4,2,葛藤あり,行動なし,4.0,post,勇気尺度（post）,3.6666666666666665,事前勇気<4
5,2,葛藤あり,行動なし,3.0,post,勇気尺度（post）,2.3333333333333335,事前勇気<4
6,2,葛藤あり,行動なし,4.333333333333333,post,勇気尺度（post）,4.666666666666667,事前勇気>=4
7,2,葛藤あり,行動なし,4.0,post,勇気尺度（post）,4.333333333333333,事前勇気>=4
8,2,葛藤あり,行動なし,1.1666666666666667,post,勇気尺度（post）,3.3333333333333335,事前勇気<4
9,2,葛藤あり,行動なし,4.5,post,勇気尺度（post）,4.0,事前勇気>=4
10,2,葛藤あり,行動なし,2.0,post,勇気尺度（post）,2.0,事前勇気<4
11,2,葛藤あり,行動なし,6.166666666666667,post,勇気尺度（post）,6.333333333333333,事前勇気>=4
12,2,葛藤あり,行動なし,4.166666666666667,post,勇気尺度（post）,4.0,事前勇気>=4
13,2,葛藤あり,行動なし,3.0,post,勇気尺度（post）,3.1666666666666665,事前勇気<4
14,2,葛藤あり,行動なし,5.5,post,勇気尺度（post）,5.166666666666667,事前勇気>=4
15,2,葛藤あり,行動なし,2.0,post,勇気尺度（post）,2.1666666666666665,事前勇気<4
16,2,葛藤あり,行動なし,5.833333333333333,post,勇気尺度（post）,5.666666666666667,事前勇気>=4
17,2,葛藤あり,行動なし,4.666666666666667,post,勇気尺度（post）,4.5,事前勇気>=4
18,2,葛藤あり,行動なし,3.6666666666666665,post,勇気尺度（post）,2.8333333333333335,事前勇気<4
19,2,葛藤あり,行動なし,1.8333333333333333,post,勇気尺度（post）,2.8333333333333335,事前勇気<4
20,2,葛藤あり,行動なし,5.166666666666667,post,勇気尺度（post）,4.5,事前勇気>=4
21,2,葛藤あり,行動なし,4.0,post,勇気尺度（post）,3.5,事前勇気<4
22,2,葛藤あり,行動なし,4.833333333333333,post,勇気尺度（post）,4.5,事前勇気>=4
23,2,葛藤あり,行動なし,6.0,post,勇気尺度（post）,5.833333333333333,事前勇気>=4
24,2,葛藤あり,行動なし,3.6666666666666665,post,勇気尺度（post）,3.5,事前勇気<4
25,2,葛藤あり,行動なし,1.6666666666666667,post,勇気尺度（post）,4.166666666666667,事前勇気>=4
26,2,葛藤あり,行動なし,4.166666666666667,post,勇気尺度（post）,3.6666666666666665,事前勇気<4
27,2,葛藤あり,行動なし,1.5,post,勇気尺度（post）,1.3333333333333333,事前勇気<4
28,2,葛藤あり,行動なし,6.166666666666667,post,勇気尺度（post）,5.333333333333333,事前勇気>=4
29,2,葛藤あり,行動なし,6.5,post,勇気尺度（post）,6.0,事前勇気>=4
30,2,葛藤あり,行動なし,2.1666666666666665,post,勇気尺度（post）,1.8333333333333333,事前勇気<4
31,2,葛藤あり,行動なし,3.3333333333333335,post,勇気尺度（post）,3.5,事前勇気<4
32,2,葛藤あり,行動なし,3.5,post,勇気尺度（post）,3.5,事前勇気<4
33,2,葛藤あり,行動なし,5.666666666666667,post,勇気尺度（post）,5.5,事前勇気>=4
34,2,葛藤あり,行動なし,6.5,post,勇気尺度（post）,5.166666666666667,事前勇気>=4
35,2,葛藤あり,行動なし,4.833333333333333,post,勇気尺度（post）,5.166666666666667,事前勇気>=4
36,2,葛藤あり,行動なし,2.1666666666666665,post,勇気尺度（post）,2.6666666666666665,事前勇気<4
37,2,葛藤あり,行動なし,4.0,post,勇気尺度（post）,3.5,事前勇気<4
38,2,葛藤あり,行動なし,3.1666666666666665,post,勇気尺度（post）,3.8333333333333335,事前勇気<4
39,2,葛藤あり,行動なし,1.8333333333333333,post,勇気尺度（post）,1.5,事前勇気<4
40,2,葛藤あり,行動なし,3.0,post,勇気尺度（post）,2.3333333333333335,事前勇気<4
41,2,葛藤あり,行動なし,4.333333333333333,post,勇気尺度（post）,3.8333333333333335,事前勇気<4
42,2,葛藤あり,行動なし,3.0,post,勇気尺度（post）,2.8333333333333335,事前勇気<4
43,2,葛藤あり,行動なし,3.6666666666666665,post,勇気尺度（post）,3.5,事前勇気<4
44,2,葛藤あり,行動なし,2.3333333333333335,post,勇気尺度（post）,2.3333333333333335,事前勇気<4
45,2,葛藤あり,行動なし,3.6666666666666665,post,勇気尺度（post）,3.5,事前勇気<4
46,2,葛藤あり,行動なし,2.5,post,勇気尺度（post）,3.3333333333333335,事前勇気<4
47,2,葛藤あり,行動なし,5.833333333333333,post,勇気尺度（post）,5.166666666666667,事前勇気>=4
48,2,葛藤あり,行動なし,4.5,post,勇気尺度（post）,4.5,事前勇気>=4
49,2,葛藤あり,行動なし,4.166666666666667,post,勇気尺度（post）,3.6666666666666665,事前勇気<4
50,2,葛藤あり,行動なし,3.8333333333333335,post,勇気尺度（post）,4.5,事前勇気>=4
51,2,葛藤あり,行動なし,2.6666666666666665,post,勇気尺度（post）,2.0,事前勇気<4
52,2,葛藤あり,行動なし,4.666666666666667,post,勇気尺度（post）,4.166666666666667,事前勇気>=4
53,2,葛藤あり,行動なし,4.0,post,勇気尺度（post）,4.0,事前勇気>=4
54,2,葛藤あり,行動なし,4.0,post,勇気尺度（post）,3.3333333333333335,事前勇気<4
55,2,葛藤あり,行動なし,5.666666666666667,post,勇気尺度（post）,5.333333333333333,事前勇気>=4
56,2,葛藤あり,行動なし,2.0,post,勇気尺度（post）,2.5,事前勇気<4
57,2,葛藤あり,行動なし,2.8333333333333335,post,勇気尺度（post）,2.5,事前勇気<4
58,2,葛藤あり,行動なし,1.5,post,勇気尺度（post）,2.0,事前勇気<4
59,2,葛藤あり,行動なし,2.8333333333333335,post,勇気尺度（post）,2.0,事前勇気<4
60,2,葛藤あり,行動なし,4.833333333333333,post,勇気尺度（post）,5.333333333333333,事前勇気>=4
61,2,葛藤あり,行動なし,3.8333333333333335,post,勇気尺度（post）,4.666666666666667,事前勇気>=4
62,2,葛藤あり,行動なし,4.666666666666667,post,勇気尺度（post）,4.333333333333333,事前勇気>=4
63,2,葛藤あり,行動なし,4.0,post,勇気尺度（post）,4.333333333333333,事前勇気>=4
64,2,葛藤あり,行動なし,6.0,post,勇気尺度（post）,5.833333333333333,事前勇気>=4
65,2,葛藤あり,行動なし,2.5,post,勇気尺度（post）,2.5,事前勇気<4
66,2,葛藤あり,行動なし,2.6666666666666665,post,勇気尺度（post）,4.5,事前勇気>=4
67,2,葛藤あり,行動なし,2.6666666666666665,post,勇気尺度（post）,3.8333333333333335,事前勇気<4
68,2,葛藤あり,行動なし,4.0,post,勇気尺度（post）,4.166666666666667,事前勇気>=4
69,2,葛藤あり,行動なし,5.833333333333333,post,勇気尺度（post）,4.833333333333333,事前勇気>=4
70,2,葛藤あり,行動なし,2.8333333333333335,post,勇気尺度（post）,2.6666666666666665,事前勇気<4
71,2,葛藤あり,行動なし,4.666666666666667,post,勇気尺度（post）,4.666666666666667,事前勇気>=4
72,2,葛藤あり,行動なし,2.5,post,勇気尺度（post）,1.8333333333333333,事前勇気<4
73,2,葛藤あり,行動なし,4.0,post,勇気尺度（post）,4.5,事前勇気>=4
74,2,葛藤あり,行動なし,5.0,post,勇気尺度（post）,4.833333333333333,事前勇気>=4
75,2,葛藤あり,行動なし,4.166666666666667,post,勇気尺度（post）,1.8333333333333333,事前勇気<4
76,2,葛藤あり,行動なし,5.0,post,勇気尺度（post）,4.833333333333333,事前勇気>=4
77,2,葛藤あり,行動なし,1.6666666666666667,post,勇気尺度（post）,2.0,事前勇気<4
78,2,葛藤あり,行動なし,4.0,post,勇気尺度（post）,4.166666666666667,事前勇気>=4
79,2,葛藤あり,行動なし,3.5,post,勇気尺度（post）,4.5,事前勇気>=4
80,2,葛藤あり,行動なし,3.8333333333333335,post,勇気尺度（post）,4.166666666666667,事前勇気>=4
81,2,葛藤あり,行動なし,4.333333333333333,post,勇気尺度（post）,4.333333333333333,事前勇気>=4
82,2,葛藤あり,行動なし,5.0,post,勇気尺度（post）,3.5,事前勇気<4
83,2,葛藤あり,行動なし,1.8333333333333333,post,勇気尺度（post）,2.0,事前勇気<4
84,2,葛藤あり,行動なし,2.3333333333333335,post,勇気尺度（post）,1.8333333333333333,事前勇気<4
85,2,葛藤あり,行動なし,1.5,post,勇気尺度（post）,2.5,事前勇気<4
86,2,葛藤あり,行動なし,4.0,post,勇気尺度（post）,4.0,事前勇気>=4
87,2,葛藤あり,行動なし,4.0,post,勇気尺度（post）,3.0,事前勇気<4
88,2,葛藤あり,行動なし,3.6666666666666665,post,勇気尺度（post）,3.6666666666666665,事前勇気<4
89,2,葛藤あり,行動なし,7.0,post,勇気尺度（post）,7.0,事前勇気>=4
90,2,葛藤あり,行動なし,5.5,post,勇気尺度（post）,5.833333333333333,事前勇気>=4
91,2,葛藤あり,行動なし,3.5,post,勇気尺度（post）,4.833333333333333,事前勇気>=4
92,2,葛藤あり,行動なし,5.0,post,勇気尺度（post）,5.0,事前勇気>=4
93,2,葛藤あり,行動なし,5.333333333333333,post,勇気尺度（post）,4.0,事前勇気>=4
94,2,葛藤あり,行動なし,2.0,post,勇気尺度（post）,2.3333333333333335,事前勇気<4
95,2,葛藤あり,行動なし,2.3333333333333335,post,勇気尺度（post）,3.5,事前勇気<4
96,2,葛藤あり,行動なし,4.833333333333333,post,勇気尺度（post）,4.5,事前勇気>=4
97,2,葛藤あり,行動なし,4.166666666666667,post,勇気尺度（post）,3.5,事前勇気<4
98,2,葛藤あり,行動なし,2.5,post,勇気尺度（post）,3.3333333333333335,事前勇気<4
99,2,葛藤あり,行動なし,2.8333333333333335,post,勇気尺度（post）,3.5,事前勇気<4
100,2,葛藤あり,行動なし,2.1666666666666665,post,勇気尺度（post）,2.3333333333333335,事前勇気<4
101,2,葛藤あり,行動なし,3.6666666666666665,post,勇気尺度（post）,1.5,事前勇気<4
102,2,葛藤あり,行動なし,4.666666666666667,post,勇気尺度（post）,4.666666666666667,事前勇気>=4
103,2,葛藤あり,行動なし,3.6666666666666665,post,勇気尺度（post）,3.6666666666666665,事前勇気<4
104,2,葛藤あり,行動なし,4.0,post,勇気尺度（post）,4.0,事前勇気>=4
105,2,葛藤あり,行動なし,4.333333333333333,post,勇気尺度（post）,4.333333333333333,事前勇気>=4
106,2,葛藤あり,行動なし,3.8333333333333335,post,勇気尺度（post）,4.666666666666667,事前勇気>=4
107,2,葛藤あり,行動なし,2.0,post,勇気尺度（post）,2.6666666666666665,事前勇気<4
108,2,葛藤あり,行動なし,3.8333333333333335,post,勇気尺度（post）,2.5,事前勇気<4
109,2,葛藤あり,行動なし,3.5,post,勇気尺度（post）,3.1666666666666665,事前勇気<4
110,2,葛藤あり,行動なし,4.333333333333333,post,勇気尺度（post）,4.166666666666667,事前勇気>=4
111,2,葛藤あり,行動なし,4.833333333333333,post,勇気尺度（post）,3.8333333333333335,事前勇気<4
112,2,葛藤あり,行動なし,5.0,post,勇気尺度（post）,3.6666666666666665,事前勇気<4
113,2,葛藤あり,行動なし,5.166666666666667,post,勇気尺度（post）,5.166666666666667,事前勇気>=4
114,2,葛藤あり,行動なし,3.0,post,勇気尺度（post）,3.3333333333333335,事前勇気<4
115,2,葛藤あり,行動なし,3.8333333333333335,post,勇気尺度（post）,3.6666666666666665,事前勇気<4
116,2,葛藤あり,行動なし,2.3333333333333335,post,勇気尺度（post）,2.5,事前勇気<4
117,2,葛藤あり,行動なし,4.0,post,勇気尺度（post）,3.6666666666666665,事前勇気<4
118,2,葛藤あり,行動なし,4.0,post,勇気尺度（post）,2.3333333333333335,事前勇気<4
119,2,葛藤あり,行動なし,2.1666666666666665,post,勇気尺度（post）,2.5,事前勇気<4
120,2,葛藤あり,行動なし,5.0,post,勇気尺度（post）,4.5,事前勇気>=4
121,2,葛藤あり,行動なし,6.666666666666667,post,勇気尺度（post）,6.833333333333333,事前勇気>=4
122,2,葛藤あり,行動なし,3.1666666666666665,post,勇気尺度（post）,3.1666666666666665,事前勇気<4
123,2,葛藤あり,行動なし,4.166666666666667,post,勇気尺度（post）,3.3333333333333335,事前勇気<4
124,2,葛藤あり,行動なし,4.0,post,勇気尺度（post）,3.1666666666666665,事前勇気<4
125,2,葛藤あり,行動なし,4.0,post,勇気尺度（post）,4.333333333333333,事前勇気>=4
126,2,葛藤あり,行動なし,4.833333333333333,post,勇気尺度（post）,3.6666666666666665,事前勇気<4
1,2,葛藤あり,行動なし,1.0,diff,勇気尺度（diff）,2.8333333333333335,事前勇気<4
2,2,葛藤あり,行動なし,0.33333333333333304,diff,勇気尺度（diff）,4.666666666666667,事前勇気>=4
3,2,葛藤あり,行動なし,-0.49999999999999956,diff,勇気尺度（diff）,4.333333333333333,事前勇気>=4
4,2,葛藤あり,行動なし,0.3333333333333335,diff,勇気尺度（diff）,3.6666666666666665,事前勇気<4
5,2,葛藤あり,行動なし,0.6666666666666665,diff,勇気尺度（diff）,2.3333333333333335,事前勇気<4
6,2,葛藤あり,行動なし,-0.3333333333333339,diff,勇気尺度（diff）,4.666666666666667,事前勇気>=4
7,2,葛藤あり,行動なし,-0.33333333333333304,diff,勇気尺度（diff）,4.333333333333333,事前勇気>=4
8,2,葛藤あり,行動なし,-2.166666666666667,diff,勇気尺度（diff）,3.3333333333333335,事前勇気<4
9,2,葛藤あり,行動なし,0.5,diff,勇気尺度（diff）,4.0,事前勇気>=4
10,2,葛藤あり,行動なし,0.0,diff,勇気尺度（diff）,2.0,事前勇気<4
11,2,葛藤あり,行動なし,-0.16666666666666607,diff,勇気尺度（diff）,6.333333333333333,事前勇気>=4
12,2,葛藤あり,行動なし,0.16666666666666696,diff,勇気尺度（diff）,4.0,事前勇気>=4
13,2,葛藤あり,行動なし,-0.16666666666666652,diff,勇気尺度（diff）,3.1666666666666665,事前勇気<4
14,2,葛藤あり,行動なし,0.33333333333333304,diff,勇気尺度（diff）,5.166666666666667,事前勇気>=4
15,2,葛藤あり,行動なし,-0.16666666666666652,diff,勇気尺度（diff）,2.1666666666666665,事前勇気<4
16,2,葛藤あり,行動なし,0.16666666666666607,diff,勇気尺度（diff）,5.666666666666667,事前勇気>=4
17,2,葛藤あり,行動なし,0.16666666666666696,diff,勇気尺度（diff）,4.5,事前勇気>=4
18,2,葛藤あり,行動なし,0.833333333333333,diff,勇気尺度（diff）,2.8333333333333335,事前勇気<4
19,2,葛藤あり,行動なし,-1.0000000000000002,diff,勇気尺度（diff）,2.8333333333333335,事前勇気<4
20,2,葛藤あり,行動なし,0.666666666666667,diff,勇気尺度（diff）,4.5,事前勇気>=4
21,2,葛藤あり,行動なし,0.5,diff,勇気尺度（diff）,3.5,事前勇気<4
22,2,葛藤あり,行動なし,0.33333333333333304,diff,勇気尺度（diff）,4.5,事前勇気>=4
23,2,葛藤あり,行動なし,0.16666666666666696,diff,勇気尺度（diff）,5.833333333333333,事前勇気>=4
24,2,葛藤あり,行動なし,0.16666666666666652,diff,勇気尺度（diff）,3.5,事前勇気<4
25,2,葛藤あり,行動なし,-2.5,diff,勇気尺度（diff）,4.166666666666667,事前勇気>=4
26,2,葛藤あり,行動なし,0.5000000000000004,diff,勇気尺度（diff）,3.6666666666666665,事前勇気<4
27,2,葛藤あり,行動なし,0.16666666666666674,diff,勇気尺度（diff）,1.3333333333333333,事前勇気<4
28,2,葛藤あり,行動なし,0.8333333333333339,diff,勇気尺度（diff）,5.333333333333333,事前勇気>=4
29,2,葛藤あり,行動なし,0.5,diff,勇気尺度（diff）,6.0,事前勇気>=4
30,2,葛藤あり,行動なし,0.33333333333333326,diff,勇気尺度（diff）,1.8333333333333333,事前勇気<4
31,2,葛藤あり,行動なし,-0.16666666666666652,diff,勇気尺度（diff）,3.5,事前勇気<4
32,2,葛藤あり,行動なし,0.0,diff,勇気尺度（diff）,3.5,事前勇気<4
33,2,葛藤あり,行動なし,0.16666666666666696,diff,勇気尺度（diff）,5.5,事前勇気>=4
34,2,葛藤あり,行動なし,1.333333333333333,diff,勇気尺度（diff）,5.166666666666667,事前勇気>=4
35,2,葛藤あり,行動なし,-0.3333333333333339,diff,勇気尺度（diff）,5.166666666666667,事前勇気>=4
36,2,葛藤あり,行動なし,-0.5,diff,勇気尺度（diff）,2.6666666666666665,事前勇気<4
37,2,葛藤あり,行動なし,0.5,diff,勇気尺度（diff）,3.5,事前勇気<4
38,2,葛藤あり,行動なし,-0.666666666666667,diff,勇気尺度（diff）,3.8333333333333335,事前勇気<4
39,2,葛藤あり,行動なし,0.33333333333333326,diff,勇気尺度（diff）,1.5,事前勇気<4
40,2,葛藤あり,行動なし,0.6666666666666665,diff,勇気尺度（diff）,2.3333333333333335,事前勇気<4
41,2,葛藤あり,行動なし,0.49999999999999956,diff,勇気尺度（diff）,3.8333333333333335,事前勇気<4
42,2,葛藤あり,行動なし,0.16666666666666652,diff,勇気尺度（diff）,2.8333333333333335,事前勇気<4
43,2,葛藤あり,行動なし,0.16666666666666652,diff,勇気尺度（diff）,3.5,事前勇気<4
44,2,葛藤あり,行動なし,0.0,diff,勇気尺度（diff）,2.3333333333333335,事前勇気<4
45,2,葛藤あり,行動なし,0.16666666666666652,diff,勇気尺度（diff）,3.5,事前勇気<4
46,2,葛藤あり,行動なし,-0.8333333333333335,diff,勇気尺度（diff）,3.3333333333333335,事前勇気<4
47,2,葛藤あり,行動なし,0.6666666666666661,diff,勇気尺度（diff）,5.166666666666667,事前勇気>=4
48,2,葛藤あり,行動なし,0.0,diff,勇気尺度（diff）,4.5,事前勇気>=4
49,2,葛藤あり,行動なし,0.5000000000000004,diff,勇気尺度（diff）,3.6666666666666665,事前勇気<4
50,2,葛藤あり,行動なし,-0.6666666666666665,diff,勇気尺度（diff）,4.5,事前勇気>=4
51,2,葛藤あり,行動なし,0.6666666666666665,diff,勇気尺度（diff）,2.0,事前勇気<4
52,2,葛藤あり,行動なし,0.5,diff,勇気尺度（diff）,4.166666666666667,事前勇気>=4
53,2,葛藤あり,行動なし,0.0,diff,勇気尺度（diff）,4.0,事前勇気>=4
54,2,葛藤あり,行動なし,0.6666666666666665,diff,勇気尺度（diff）,3.3333333333333335,事前勇気<4
55,2,葛藤あり,行動なし,0.3333333333333339,diff,勇気尺度（diff）,5.333333333333333,事前勇気>=4
56,2,葛藤あり,行動なし,-0.5,diff,勇気尺度（diff）,2.5,事前勇気<4
57,2,葛藤あり,行動なし,0.3333333333333335,diff,勇気尺度（diff）,2.5,事前勇気<4
58,2,葛藤あり,行動なし,-0.5,diff,勇気尺度（diff）,2.0,事前勇気<4
59,2,葛藤あり,行動なし,0.8333333333333335,diff,勇気尺度（diff）,2.0,事前勇気<4
60,2,葛藤あり,行動なし,-0.5,diff,勇気尺度（diff）,5.333333333333333,事前勇気>=4
61,2,葛藤あり,行動なし,-0.8333333333333335,diff,勇気尺度（diff）,4.666666666666667,事前勇気>=4
62,2,葛藤あり,行動なし,0.3333333333333339,diff,勇気尺度（diff）,4.333333333333333,事前勇気>=4
63,2,葛藤あり,行動なし,-0.33333333333333304,diff,勇気尺度（diff）,4.333333333333333,事前勇気>=4
64,2,葛藤あり,行動なし,0.16666666666666696,diff,勇気尺度（diff）,5.833333333333333,事前勇気>=4
65,2,葛藤あり,行動なし,0.0,diff,勇気尺度（diff）,2.5,事前勇気<4
66,2,葛藤あり,行動なし,-1.8333333333333335,diff,勇気尺度（diff）,4.5,事前勇気>=4
67,2,葛藤あり,行動なし,-1.166666666666667,diff,勇気尺度（diff）,3.8333333333333335,事前勇気<4
68,2,葛藤あり,行動なし,-0.16666666666666696,diff,勇気尺度（diff）,4.166666666666667,事前勇気>=4
69,2,葛藤あり,行動なし,1.0,diff,勇気尺度（diff）,4.833333333333333,事前勇気>=4
70,2,葛藤あり,行動なし,0.16666666666666696,diff,勇気尺度（diff）,2.6666666666666665,事前勇気<4
71,2,葛藤あり,行動なし,0.0,diff,勇気尺度（diff）,4.666666666666667,事前勇気>=4
72,2,葛藤あり,行動なし,0.6666666666666667,diff,勇気尺度（diff）,1.8333333333333333,事前勇気<4
73,2,葛藤あり,行動なし,-0.5,diff,勇気尺度（diff）,4.5,事前勇気>=4
74,2,葛藤あり,行動なし,0.16666666666666696,diff,勇気尺度（diff）,4.833333333333333,事前勇気>=4
75,2,葛藤あり,行動なし,2.333333333333334,diff,勇気尺度（diff）,1.8333333333333333,事前勇気<4
76,2,葛藤あり,行動なし,0.16666666666666696,diff,勇気尺度（diff）,4.833333333333333,事前勇気>=4
77,2,葛藤あり,行動なし,-0.33333333333333326,diff,勇気尺度（diff）,2.0,事前勇気<4
78,2,葛藤あり,行動なし,-0.16666666666666696,diff,勇気尺度（diff）,4.166666666666667,事前勇気>=4
79,2,葛藤あり,行動なし,-1.0,diff,勇気尺度（diff）,4.5,事前勇気>=4
80,2,葛藤あり,行動なし,-0.3333333333333335,diff,勇気尺度（diff）,4.166666666666667,事前勇気>=4
81,2,葛藤あり,行動なし,0.0,diff,勇気尺度（diff）,4.333333333333333,事前勇気>=4
82,2,葛藤あり,行動なし,1.5,diff,勇気尺度（diff）,3.5,事前勇気<4
83,2,葛藤あり,行動なし,-0.16666666666666674,diff,勇気尺度（diff）,2.0,事前勇気<4
84,2,葛藤あり,行動なし,0.5000000000000002,diff,勇気尺度（diff）,1.8333333333333333,事前勇気<4
85,2,葛藤あり,行動なし,-1.0,diff,勇気尺度（diff）,2.5,事前勇気<4
86,2,葛藤あり,行動なし,0.0,diff,勇気尺度（diff）,4.0,事前勇気>=4
87,2,葛藤あり,行動なし,1.0,diff,勇気尺度（diff）,3.0,事前勇気<4
88,2,葛藤あり,行動なし,0.0,diff,勇気尺度（diff）,3.6666666666666665,事前勇気<4
89,2,葛藤あり,行動なし,0.0,diff,勇気尺度（diff）,7.0,事前勇気>=4
90,2,葛藤あり,行動なし,-0.33333333333333304,diff,勇気尺度（diff）,5.833333333333333,事前勇気>=4
91,2,葛藤あり,行動なし,-1.333333333333333,diff,勇気尺度（diff）,4.833333333333333,事前勇気>=4
92,2,葛藤あり,行動なし,0.0,diff,勇気尺度（diff）,5.0,事前勇気>=4
93,2,葛藤あり,行動なし,1.333333333333333,diff,勇気尺度（diff）,4.0,事前勇気>=4
94,2,葛藤あり,行動なし,-0.3333333333333335,diff,勇気尺度（diff）,2.3333333333333335,事前勇気<4
95,2,葛藤あり,行動なし,-1.1666666666666665,diff,勇気尺度（diff）,3.5,事前勇気<4
96,2,葛藤あり,行動なし,0.33333333333333304,diff,勇気尺度（diff）,4.5,事前勇気>=4
97,2,葛藤あり,行動なし,0.666666666666667,diff,勇気尺度（diff）,3.5,事前勇気<4
98,2,葛藤あり,行動なし,-0.8333333333333335,diff,勇気尺度（diff）,3.3333333333333335,事前勇気<4
99,2,葛藤あり,行動なし,-0.6666666666666665,diff,勇気尺度（diff）,3.5,事前勇気<4
100,2,葛藤あり,行動なし,-0.16666666666666696,diff,勇気尺度（diff）,2.3333333333333335,事前勇気<4
101,2,葛藤あり,行動なし,2.1666666666666665,diff,勇気尺度（diff）,1.5,事前勇気<4
102,2,葛藤あり,行動なし,0.0,diff,勇気尺度（diff）,4.666666666666667,事前勇気>=4
103,2,葛藤あり,行動なし,0.0,diff,勇気尺度（diff）,3.6666666666666665,事前勇気<4
104,2,葛藤あり,行動なし,0.0,diff,勇気尺度（diff）,4.0,事前勇気>=4
105,2,葛藤あり,行動なし,0.0,diff,勇気尺度（diff）,4.333333333333333,事前勇気>=4
106,2,葛藤あり,行動なし,-0.8333333333333335,diff,勇気尺度（diff）,4.666666666666667,事前勇気>=4
107,2,葛藤あり,行動なし,-0.6666666666666665,diff,勇気尺度（diff）,2.6666666666666665,事前勇気<4
108,2,葛藤あり,行動なし,1.3333333333333335,diff,勇気尺度（diff）,2.5,事前勇気<4
109,2,葛藤あり,行動なし,0.3333333333333335,diff,勇気尺度（diff）,3.1666666666666665,事前勇気<4
110,2,葛藤あり,行動なし,0.16666666666666607,diff,勇気尺度（diff）,4.166666666666667,事前勇気>=4
111,2,葛藤あり,行動なし,0.9999999999999996,diff,勇気尺度（diff）,3.8333333333333335,事前勇気<4
112,2,葛藤あり,行動なし,1.3333333333333335,diff,勇気尺度（diff）,3.6666666666666665,事前勇気<4
113,2,葛藤あり,行動なし,0.0,diff,勇気尺度（diff）,5.166666666666667,事前勇気>=4
114,2,葛藤あり,行動なし,-0.3333333333333335,diff,勇気尺度（diff）,3.3333333333333335,事前勇気<4
115,2,葛藤あり,行動なし,0.16666666666666696,diff,勇気尺度（diff）,3.6666666666666665,事前勇気<4
116,2,葛藤あり,行動なし,-0.16666666666666652,diff,勇気尺度（diff）,2.5,事前勇気<4
117,2,葛藤あり,行動なし,0.3333333333333335,diff,勇気尺度（diff）,3.6666666666666665,事前勇気<4
118,2,葛藤あり,行動なし,1.6666666666666665,diff,勇気尺度（diff）,2.3333333333333335,事前勇気<4
119,2,葛藤あり,行動なし,-0.3333333333333335,diff,勇気尺度（diff）,2.5,事前勇気<4
120,2,葛藤あり,行動なし,0.5,diff,勇気尺度（diff）,4.5,事前勇気>=4
121,2,葛藤あり,行動なし,-0.16666666666666607,diff,勇気尺度（diff）,6.833333333333333,事前勇気>=4
122,2,葛藤あり,行動なし,0.0,diff,勇気尺度（diff）,3.1666666666666665,事前勇気<4
123,2,葛藤あり,行動なし,0.8333333333333335,diff,勇気尺度（diff）,3.3333333333333335,事前勇気<4
124,2,葛藤あり,行動なし,0.8333333333333335,diff,勇気尺度（diff）,3.1666666666666665,事前勇気<4
125,2,葛藤あり,行動なし,-0.33333333333333304,diff,勇気尺度（diff）,4.333333333333333,事前勇気>=4
126,2,葛藤あり,行動なし,1.1666666666666665,diff,勇気尺度（diff）,3.6666666666666665,事前勇気<4
1,3,葛藤なし,行動あり,3.3333333333333335,post,勇気尺度（post）,2.8333333333333335,事前勇気<4
2,3,葛藤なし,行動あり,4.666666666666667,post,勇気尺度（post）,4.666666666666667,事前勇気>=4
3,3,葛藤なし,行動あり,4.0,post,勇気尺度（post）,4.333333333333333,事前勇気>=4
4,3,葛藤なし,行動あり,4.0,post,勇気尺度（post）,3.6666666666666665,事前勇気<4
5,3,葛藤なし,行動あり,3.0,post,勇気尺度（post）,2.3333333333333335,事前勇気<4
6,3,葛藤なし,行動あり,4.5,post,勇気尺度（post）,4.666666666666667,事前勇気>=4
7,3,葛藤なし,行動あり,3.8333333333333335,post,勇気尺度（post）,4.333333333333333,事前勇気>=4
8,3,葛藤なし,行動あり,1.3333333333333333,post,勇気尺度（post）,3.3333333333333335,事前勇気<4
9,3,葛藤なし,行動あり,4.333333333333333,post,勇気尺度（post）,4.0,事前勇気>=4
10,3,葛藤なし,行動あり,2.5,post,勇気尺度（post）,2.0,事前勇気<4
11,3,葛藤なし,行動あり,5.833333333333333,post,勇気尺度（post）,6.333333333333333,事前勇気>=4
12,3,葛藤なし,行動あり,4.5,post,勇気尺度（post）,4.0,事前勇気>=4
13,3,葛藤なし,行動あり,3.0,post,勇気尺度（post）,3.1666666666666665,事前勇気<4
14,3,葛藤なし,行動あり,5.333333333333333,post,勇気尺度（post）,5.166666666666667,事前勇気>=4
15,3,葛藤なし,行動あり,2.1666666666666665,post,勇気尺度（post）,2.1666666666666665,事前勇気<4
16,3,葛藤なし,行動あり,5.666666666666667,post,勇気尺度（post）,5.666666666666667,事前勇気>=4
17,3,葛藤なし,行動あり,4.833333333333333,post,勇気尺度（post）,4.5,事前勇気>=4
18,3,葛藤なし,行動あり,3.6666666666666665,post,勇気尺度（post）,2.8333333333333335,事前勇気<4
19,3,葛藤なし,行動あり,3.6666666666666665,post,勇気尺度（post）,2.8333333333333335,事前勇気<4
20,3,葛藤なし,行動あり,5.166666666666667,post,勇気尺度（post）,4.5,事前勇気>=4
21,3,葛藤なし,行動あり,3.1666666666666665,post,勇気尺度（post）,3.5,事前勇気<4
22,3,葛藤なし,行動あり,5.166666666666667,post,勇気尺度（post）,4.5,事前勇気>=4
23,3,葛藤なし,行動あり,6.166666666666667,post,勇気尺度（post）,5.833333333333333,事前勇気>=4
24,3,葛藤なし,行動あり,3.5,post,勇気尺度（post）,3.5,事前勇気<4
25,3,葛藤なし,行動あり,4.833333333333333,post,勇気尺度（post）,4.166666666666667,事前勇気>=4
26,3,葛藤なし,行動あり,2.8333333333333335,post,勇気尺度（post）,3.6666666666666665,事前勇気<4
27,3,葛藤なし,行動あり,1.3333333333333333,post,勇気尺度（post）,1.3333333333333333,事前勇気<4
28,3,葛藤なし,行動あり,6.666666666666667,post,勇気尺度（post）,5.333333333333333,事前勇気>=4
29,3,葛藤なし,行動あり,6.5,post,勇気尺度（post）,6.0,事前勇気>=4
30,3,葛藤なし,行動あり,2.1666666666666665,post,勇気尺度（post）,1.8333333333333333,事前勇気<4
31,3,葛藤なし,行動あり,2.5,post,勇気尺度（post）,3.5,事前勇気<4
32,3,葛藤なし,行動あり,3.6666666666666665,post,勇気尺度（post）,3.5,事前勇気<4
33,3,葛藤なし,行動あり,5.333333333333333,post,勇気尺度（post）,5.5,事前勇気>=4
34,3,葛藤なし,行動あり,6.5,post,勇気尺度（post）,5.166666666666667,事前勇気>=4
35,3,葛藤なし,行動あり,5.0,post,勇気尺度（post）,5.166666666666667,事前勇気>=4
36,3,葛藤なし,行動あり,2.5,post,勇気尺度（post）,2.6666666666666665,事前勇気<4
37,3,葛藤なし,行動あり,4.0,post,勇気尺度（post）,3.5,事前勇気<4
38,3,葛藤なし,行動あり,3.0,post,勇気尺度（post）,3.8333333333333335,事前勇気<4
39,3,葛藤なし,行動あり,1.5,post,勇気尺度（post）,1.5,事前勇気<4
40,3,葛藤なし,行動あり,2.6666666666666665,post,勇気尺度（post）,2.3333333333333335,事前勇気<4
41,3,葛藤なし,行動あり,4.5,post,勇気尺度（post）,3.8333333333333335,事前勇気<4
42,3,葛藤なし,行動あり,3.3333333333333335,post,勇気尺度（post）,2.8333333333333335,事前勇気<4
43,3,葛藤なし,行動あり,3.5,post,勇気尺度（post）,3.5,事前勇気<4
44,3,葛藤なし,行動あり,2.0,post,勇気尺度（post）,2.3333333333333335,事前勇気<4
45,3,葛藤なし,行動あり,4.5,post,勇気尺度（post）,3.5,事前勇気<4
46,3,葛藤なし,行動あり,2.6666666666666665,post,勇気尺度（post）,3.3333333333333335,事前勇気<4
47,3,葛藤なし,行動あり,5.0,post,勇気尺度（post）,5.166666666666667,事前勇気>=4
48,3,葛藤なし,行動あり,4.666666666666667,post,勇気尺度（post）,4.5,事前勇気>=4
49,3,葛藤なし,行動あり,3.0,post,勇気尺度（post）,3.6666666666666665,事前勇気<4
50,3,葛藤なし,行動あり,3.5,post,勇気尺度（post）,4.5,事前勇気>=4
51,3,葛藤なし,行動あり,1.8333333333333333,post,勇気尺度（post）,2.0,事前勇気<4
52,3,葛藤なし,行動あり,4.833333333333333,post,勇気尺度（post）,4.166666666666667,事前勇気>=4
53,3,葛藤なし,行動あり,4.0,post,勇気尺度（post）,4.0,事前勇気>=4
54,3,葛藤なし,行動あり,3.0,post,勇気尺度（post）,3.3333333333333335,事前勇気<4
55,3,葛藤なし,行動あり,5.5,post,勇気尺度（post）,5.333333333333333,事前勇気>=4
56,3,葛藤なし,行動あり,2.0,post,勇気尺度（post）,2.5,事前勇気<4
57,3,葛藤なし,行動あり,3.8333333333333335,post,勇気尺度（post）,2.5,事前勇気<4
58,3,葛藤なし,行動あり,1.5,post,勇気尺度（post）,2.0,事前勇気<4
59,3,葛藤なし,行動あり,3.0,post,勇気尺度（post）,2.0,事前勇気<4
60,3,葛藤なし,行動あり,5.0,post,勇気尺度（post）,5.333333333333333,事前勇気>=4
61,3,葛藤なし,行動あり,4.166666666666667,post,勇気尺度（post）,4.666666666666667,事前勇気>=4
62,3,葛藤なし,行動あり,5.0,post,勇気尺度（post）,4.333333333333333,事前勇気>=4
63,3,葛藤なし,行動あり,4.333333333333333,post,勇気尺度（post）,4.333333333333333,事前勇気>=4
64,3,葛藤なし,行動あり,5.833333333333333,post,勇気尺度（post）,5.833333333333333,事前勇気>=4
65,3,葛藤なし,行動あり,2.3333333333333335,post,勇気尺度（post）,2.5,事前勇気<4
66,3,葛藤なし,行動あり,3.3333333333333335,post,勇気尺度（post）,4.5,事前勇気>=4
67,3,葛藤なし,行動あり,2.0,post,勇気尺度（post）,3.8333333333333335,事前勇気<4
68,3,葛藤なし,行動あり,4.333333333333333,post,勇気尺度（post）,4.166666666666667,事前勇気>=4
69,3,葛藤なし,行動あり,6.0,post,勇気尺度（post）,4.833333333333333,事前勇気>=4
70,3,葛藤なし,行動あり,2.5,post,勇気尺度（post）,2.6666666666666665,事前勇気<4
71,3,葛藤なし,行動あり,5.333333333333333,post,勇気尺度（post）,4.666666666666667,事前勇気>=4
72,3,葛藤なし,行動あり,2.0,post,勇気尺度（post）,1.8333333333333333,事前勇気<4
73,3,葛藤なし,行動あり,2.6666666666666665,post,勇気尺度（post）,4.5,事前勇気>=4
74,3,葛藤なし,行動あり,6.0,post,勇気尺度（post）,4.833333333333333,事前勇気>=4
75,3,葛藤なし,行動あり,2.3333333333333335,post,勇気尺度（post）,1.8333333333333333,事前勇気<4
76,3,葛藤なし,行動あり,5.0,post,勇気尺度（post）,4.833333333333333,事前勇気>=4
77,3,葛藤なし,行動あり,2.6666666666666665,post,勇気尺度（post）,2.0,事前勇気<4
78,3,葛藤なし,行動あり,3.8333333333333335,post,勇気尺度（post）,4.166666666666667,事前勇気>=4
79,3,葛藤なし,行動あり,5.833333333333333,post,勇気尺度（post）,4.5,事前勇気>=4
80,3,葛藤なし,行動あり,3.6666666666666665,post,勇気尺度（post）,4.166666666666667,事前勇気>=4
81,3,葛藤なし,行動あり,4.666666666666667,post,勇気尺度（post）,4.333333333333333,事前勇気>=4
82,3,葛藤なし,行動あり,5.0,post,勇気尺度（post）,3.5,事前勇気<4
83,3,葛藤なし,行動あり,2.3333333333333335,post,勇気尺度（post）,2.0,事前勇気<4
84,3,葛藤なし,行動あり,2.0,post,勇気尺度（post）,1.8333333333333333,事前勇気<4
85,3,葛藤なし,行動あり,1.0,post,勇気尺度（post）,2.5,事前勇気<4
86,3,葛藤なし,行動あり,4.0,post,勇気尺度（post）,4.0,事前勇気>=4
87,3,葛藤なし,行動あり,3.6666666666666665,post,勇気尺度（post）,3.0,事前勇気<4
88,3,葛藤なし,行動あり,3.8333333333333335,post,勇気尺度（post）,3.6666666666666665,事前勇気<4
89,3,葛藤なし,行動あり,7.0,post,勇気尺度（post）,7.0,事前勇気>=4
90,3,葛藤なし,行動あり,5.666666666666667,post,勇気尺度（post）,5.833333333333333,事前勇気>=4
91,3,葛藤なし,行動あり,5.333333333333333,post,勇気尺度（post）,4.833333333333333,事前勇気>=4
92,3,葛藤なし,行動あり,5.0,post,勇気尺度（post）,5.0,事前勇気>=4
93,3,葛藤なし,行動あり,4.5,post,勇気尺度（post）,4.0,事前勇気>=4
94,3,葛藤なし,行動あり,2.0,post,勇気尺度（post）,2.3333333333333335,事前勇気<4
95,3,葛藤なし,行動あり,1.6666666666666667,post,勇気尺度（post）,3.5,事前勇気<4
96,3,葛藤なし,行動あり,4.833333333333333,post,勇気尺度（post）,4.5,事前勇気>=4
97,3,葛藤なし,行動あり,4.5,post,勇気尺度（post）,3.5,事前勇気<4
98,3,葛藤なし,行動あり,4.833333333333333,post,勇気尺度（post）,3.3333333333333335,事前勇気<4
99,3,葛藤なし,行動あり,3.1666666666666665,post,勇気尺度（post）,3.5,事前勇気<4
100,3,葛藤なし,行動あり,2.1666666666666665,post,勇気尺度（post）,2.3333333333333335,事前勇気<4
101,3,葛藤なし,行動あり,3.8333333333333335,post,勇気尺度（post）,1.5,事前勇気<4
102,3,葛藤なし,行動あり,4.5,post,勇気尺度（post）,4.666666666666667,事前勇気>=4
103,3,葛藤なし,行動あり,3.8333333333333335,post,勇気尺度（post）,3.6666666666666665,事前勇気<4
104,3,葛藤なし,行動あり,4.0,post,勇気尺度（post）,4.0,事前勇気>=4
105,3,葛藤なし,行動あり,4.666666666666667,post,勇気尺度（post）,4.333333333333333,事前勇気>=4
106,3,葛藤なし,行動あり,4.333333333333333,post,勇気尺度（post）,4.666666666666667,事前勇気>=4
107,3,葛藤なし,行動あり,2.0,post,勇気尺度（post）,2.6666666666666665,事前勇気<4
108,3,葛藤なし,行動あり,4.0,post,勇気尺度（post）,2.5,事前勇気<4
109,3,葛藤なし,行動あり,3.6666666666666665,post,勇気尺度（post）,3.1666666666666665,事前勇気<4
110,3,葛藤なし,行動あり,4.5,post,勇気尺度（post）,4.166666666666667,事前勇気>=4
111,3,葛藤なし,行動あり,4.5,post,勇気尺度（post）,3.8333333333333335,事前勇気<4
112,3,葛藤なし,行動あり,5.0,post,勇気尺度（post）,3.6666666666666665,事前勇気<4
113,3,葛藤なし,行動あり,5.5,post,勇気尺度（post）,5.166666666666667,事前勇気>=4
114,3,葛藤なし,行動あり,3.1666666666666665,post,勇気尺度（post）,3.3333333333333335,事前勇気<4
115,3,葛藤なし,行動あり,4.333333333333333,post,勇気尺度（post）,3.6666666666666665,事前勇気<4
116,3,葛藤なし,行動あり,1.8333333333333333,post,勇気尺度（post）,2.5,事前勇気<4
117,3,葛藤なし,行動あり,5.0,post,勇気尺度（post）,3.6666666666666665,事前勇気<4
118,3,葛藤なし,行動あり,4.0,post,勇気尺度（post）,2.3333333333333335,事前勇気<4
119,3,葛藤なし,行動あり,1.6666666666666667,post,勇気尺度（post）,2.5,事前勇気<4
120,3,葛藤なし,行動あり,5.166666666666667,post,勇気尺度（post）,4.5,事前勇気>=4
121,3,葛藤なし,行動あり,6.833333333333333,post,勇気尺度（post）,6.833333333333333,事前勇気>=4
122,3,葛藤なし,行動あり,3.5,post,勇気尺度（post）,3.1666666666666665,事前勇気<4
123,3,葛藤なし,行動あり,4.0,post,勇気尺度（post）,3.3333333333333335,事前勇気<4
124,3,葛藤なし,行動あり,4.0,post,勇気尺度（post）,3.1666666666666665,事前勇気<4
125,3,葛藤なし,行動あり,4.333333333333333,post,勇気尺度（post）,4.333333333333333,事前勇気>=4
126,3,葛藤なし,行動あり,4.5,post,勇気尺度（post）,3.6666666666666665,事前勇気<4
1,3,葛藤なし,行動あり,0.5,diff,勇気尺度（diff）,2.8333333333333335,事前勇気<4
2,3,葛藤なし,行動あり,0.0,diff,勇気尺度（diff）,4.666666666666667,事前勇気>=4
3,3,葛藤なし,行動あり,-0.33333333333333304,diff,勇気尺度（diff）,4.333333333333333,事前勇気>=4
4,3,葛藤なし,行動あり,0.3333333333333335,diff,勇気尺度（diff）,3.6666666666666665,事前勇気<4
5,3,葛藤なし,行動あり,0.6666666666666665,diff,勇気尺度（diff）,2.3333333333333335,事前勇気<4
6,3,葛藤なし,行動あり,-0.16666666666666696,diff,勇気尺度（diff）,4.666666666666667,事前勇気>=4
7,3,葛藤なし,行動あり,-0.49999999999999956,diff,勇気尺度（diff）,4.333333333333333,事前勇気>=4
8,3,葛藤なし,行動あり,-2.0,diff,勇気尺度（diff）,3.3333333333333335,事前勇気<4
9,3,葛藤なし,行動あり,0.33333333333333304,diff,勇気尺度（diff）,4.0,事前勇気>=4
10,3,葛藤なし,行動あり,0.5,diff,勇気尺度（diff）,2.0,事前勇気<4
11,3,葛藤なし,行動あり,-0.5,diff,勇気尺度（diff）,6.333333333333333,事前勇気>=4
12,3,葛藤なし,行動あり,0.5,diff,勇気尺度（diff）,4.0,事前勇気>=4
13,3,葛藤なし,行動あり,-0.16666666666666652,diff,勇気尺度（diff）,3.1666666666666665,事前勇気<4
14,3,葛藤なし,行動あり,0.16666666666666607,diff,勇気尺度（diff）,5.166666666666667,事前勇気>=4
15,3,葛藤なし,行動あり,0.0,diff,勇気尺度（diff）,2.1666666666666665,事前勇気<4
16,3,葛藤なし,行動あり,0.0,diff,勇気尺度（diff）,5.666666666666667,事前勇気>=4
17,3,葛藤なし,行動あり,0.33333333333333304,diff,勇気尺度（diff）,4.5,事前勇気>=4
18,3,葛藤なし,行動あり,0.833333333333333,diff,勇気尺度（diff）,2.8333333333333335,事前勇気<4
19,3,葛藤なし,行動あり,0.833333333333333,diff,勇気尺度（diff）,2.8333333333333335,事前勇気<4
20,3,葛藤なし,行動あり,0.666666666666667,diff,勇気尺度（diff）,4.5,事前勇気>=4
21,3,葛藤なし,行動あり,-0.3333333333333335,diff,勇気尺度（diff）,3.5,事前勇気<4
22,3,葛藤なし,行動あり,0.666666666666667,diff,勇気尺度（diff）,4.5,事前勇気>=4
23,3,葛藤なし,行動あり,0.3333333333333339,diff,勇気尺度（diff）,5.833333333333333,事前勇気>=4
24,3,葛藤なし,行動あり,0.0,diff,勇気尺度（diff）,3.5,事前勇気<4
25,3,葛藤なし,行動あり,0.6666666666666661,diff,勇気尺度（diff）,4.166666666666667,事前勇気>=4
26,3,葛藤なし,行動あり,-0.833333333333333,diff,勇気尺度（diff）,3.6666666666666665,事前勇気<4
27,3,葛藤なし,行動あり,0.0,diff,勇気尺度（diff）,1.3333333333333333,事前勇気<4
28,3,葛藤なし,行動あり,1.333333333333334,diff,勇気尺度（diff）,5.333333333333333,事前勇気>=4
29,3,葛藤なし,行動あり,0.5,diff,勇気尺度（diff）,6.0,事前勇気>=4
30,3,葛藤なし,行動あり,0.33333333333333326,diff,勇気尺度（diff）,1.8333333333333333,事前勇気<4
31,3,葛藤なし,行動あり,-1.0,diff,勇気尺度（diff）,3.5,事前勇気<4
32,3,葛藤なし,行動あり,0.16666666666666652,diff,勇気尺度（diff）,3.5,事前勇気<4
33,3,葛藤なし,行動あり,-0.16666666666666696,diff,勇気尺度（diff）,5.5,事前勇気>=4
34,3,葛藤なし,行動あり,1.333333333333333,diff,勇気尺度（diff）,5.166666666666667,事前勇気>=4
35,3,葛藤なし,行動あり,-0.16666666666666696,diff,勇気尺度（diff）,5.166666666666667,事前勇気>=4
36,3,葛藤なし,行動あり,-0.16666666666666652,diff,勇気尺度（diff）,2.6666666666666665,事前勇気<4
37,3,葛藤なし,行動あり,0.5,diff,勇気尺度（diff）,3.5,事前勇気<4
38,3,葛藤なし,行動あり,-0.8333333333333335,diff,勇気尺度（diff）,3.8333333333333335,事前勇気<4
39,3,葛藤なし,行動あり,0.0,diff,勇気尺度（diff）,1.5,事前勇気<4
40,3,葛藤なし,行動あり,0.33333333333333304,diff,勇気尺度（diff）,2.3333333333333335,事前勇気<4
41,3,葛藤なし,行動あり,0.6666666666666665,diff,勇気尺度（diff）,3.8333333333333335,事前勇気<4
42,3,葛藤なし,行動あり,0.5,diff,勇気尺度（diff）,2.8333333333333335,事前勇気<4
43,3,葛藤なし,行動あり,0.0,diff,勇気尺度（diff）,3.5,事前勇気<4
44,3,葛藤なし,行動あり,-0.3333333333333335,diff,勇気尺度（diff）,2.3333333333333335,事前勇気<4
45,3,葛藤なし,行動あり,1.0,diff,勇気尺度（diff）,3.5,事前勇気<4
46,3,葛藤なし,行動あり,-0.666666666666667,diff,勇気尺度（diff）,3.3333333333333335,事前勇気<4
47,3,葛藤なし,行動あり,-0.16666666666666696,diff,勇気尺度（diff）,5.166666666666667,事前勇気>=4
48,3,葛藤なし,行動あり,0.16666666666666696,diff,勇気尺度（diff）,4.5,事前勇気>=4
49,3,葛藤なし,行動あり,-0.6666666666666665,diff,勇気尺度（diff）,3.6666666666666665,事前勇気<4
50,3,葛藤なし,行動あり,-1.0,diff,勇気尺度（diff）,4.5,事前勇気>=4
51,3,葛藤なし,行動あり,-0.16666666666666674,diff,勇気尺度（diff）,2.0,事前勇気<4
52,3,葛藤なし,行動あり,0.6666666666666661,diff,勇気尺度（diff）,4.166666666666667,事前勇気>=4
53,3,葛藤なし,行動あり,0.0,diff,勇気尺度（diff）,4.0,事前勇気>=4
54,3,葛藤なし,行動あり,-0.3333333333333335,diff,勇気尺度（diff）,3.3333333333333335,事前勇気<4
55,3,葛藤なし,行動あり,0.16666666666666696,diff,勇気尺度（diff）,5.333333333333333,事前勇気>=4
56,3,葛藤なし,行動あり,-0.5,diff,勇気尺度（diff）,2.5,事前勇気<4
57,3,葛藤なし,行動あり,1.3333333333333335,diff,勇気尺度（diff）,2.5,事前勇気<4
58,3,葛藤なし,行動あり,-0.5,diff,勇気尺度（diff）,2.0,事前勇気<4
59,3,葛藤なし,行動あり,1.0,diff,勇気尺度（diff）,2.0,事前勇気<4
60,3,葛藤なし,行動あり,-0.33333333333333304,diff,勇気尺度（diff）,5.333333333333333,事前勇気>=4
61,3,葛藤なし,行動あり,-0.5,diff,勇気尺度（diff）,4.666666666666667,事前勇気>=4
62,3,葛藤なし,行動あり,0.666666666666667,diff,勇気尺度（diff）,4.333333333333333,事前勇気>=4
63,3,葛藤なし,行動あり,0.0,diff,勇気尺度（diff）,4.333333333333333,事前勇気>=4
64,3,葛藤なし,行動あり,0.0,diff,勇気尺度（diff）,5.833333333333333,事前勇気>=4
65,3,葛藤なし,行動あり,-0.16666666666666652,diff,勇気尺度（diff）,2.5,事前勇気<4
66,3,葛藤なし,行動あり,-1.1666666666666665,diff,勇気尺度（diff）,4.5,事前勇気>=4
67,3,葛藤なし,行動あり,-1.8333333333333335,diff,勇気尺度（diff）,3.8333333333333335,事前勇気<4
68,3,葛藤なし,行動あり,0.16666666666666607,diff,勇気尺度（diff）,4.166666666666667,事前勇気>=4
69,3,葛藤なし,行動あり,1.166666666666667,diff,勇気尺度（diff）,4.833333333333333,事前勇気>=4
70,3,葛藤なし,行動あり,-0.16666666666666652,diff,勇気尺度（diff）,2.6666666666666665,事前勇気<4
71,3,葛藤なし,行動あり,0.6666666666666661,diff,勇気尺度（diff）,4.666666666666667,事前勇気>=4
72,3,葛藤なし,行動あり,0.16666666666666674,diff,勇気尺度（diff）,1.8333333333333333,事前勇気<4
73,3,葛藤なし,行動あり,-1.8333333333333335,diff,勇気尺度（diff）,4.5,事前勇気>=4
74,3,葛藤なし,行動あり,1.166666666666667,diff,勇気尺度（diff）,4.833333333333333,事前勇気>=4
75,3,葛藤なし,行動あり,0.5000000000000002,diff,勇気尺度（diff）,1.8333333333333333,事前勇気<4
76,3,葛藤なし,行動あり,0.16666666666666696,diff,勇気尺度（diff）,4.833333333333333,事前勇気>=4
77,3,葛藤なし,行動あり,0.6666666666666665,diff,勇気尺度（diff）,2.0,事前勇気<4
78,3,葛藤なし,行動あり,-0.3333333333333335,diff,勇気尺度（diff）,4.166666666666667,事前勇気>=4
79,3,葛藤なし,行動あり,1.333333333333333,diff,勇気尺度（diff）,4.5,事前勇気>=4
80,3,葛藤なし,行動あり,-0.5000000000000004,diff,勇気尺度（diff）,4.166666666666667,事前勇気>=4
81,3,葛藤なし,行動あり,0.3333333333333339,diff,勇気尺度（diff）,4.333333333333333,事前勇気>=4
82,3,葛藤なし,行動あり,1.5,diff,勇気尺度（diff）,3.5,事前勇気<4
83,3,葛藤なし,行動あり,0.3333333333333335,diff,勇気尺度（diff）,2.0,事前勇気<4
84,3,葛藤なし,行動あり,0.16666666666666674,diff,勇気尺度（diff）,1.8333333333333333,事前勇気<4
85,3,葛藤なし,行動あり,-1.5,diff,勇気尺度（diff）,2.5,事前勇気<4
86,3,葛藤なし,行動あり,0.0,diff,勇気尺度（diff）,4.0,事前勇気>=4
87,3,葛藤なし,行動あり,0.6666666666666665,diff,勇気尺度（diff）,3.0,事前勇気<4
88,3,葛藤なし,行動あり,0.16666666666666696,diff,勇気尺度（diff）,3.6666666666666665,事前勇気<4
89,3,葛藤なし,行動あり,0.0,diff,勇気尺度（diff）,7.0,事前勇気>=4
90,3,葛藤なし,行動あり,-0.16666666666666607,diff,勇気尺度（diff）,5.833333333333333,事前勇気>=4
91,3,葛藤なし,行動あり,0.5,diff,勇気尺度（diff）,4.833333333333333,事前勇気>=4
92,3,葛藤なし,行動あり,0.0,diff,勇気尺度（diff）,5.0,事前勇気>=4
93,3,葛藤なし,行動あり,0.5,diff,勇気尺度（diff）,4.0,事前勇気>=4
94,3,葛藤なし,行動あり,-0.3333333333333335,diff,勇気尺度（diff）,2.3333333333333335,事前勇気<4
95,3,葛藤なし,行動あり,-1.8333333333333333,diff,勇気尺度（diff）,3.5,事前勇気<4
96,3,葛藤なし,行動あり,0.33333333333333304,diff,勇気尺度（diff）,4.5,事前勇気>=4
97,3,葛藤なし,行動あり,1.0,diff,勇気尺度（diff）,3.5,事前勇気<4
98,3,葛藤なし,行動あり,1.4999999999999996,diff,勇気尺度（diff）,3.3333333333333335,事前勇気<4
99,3,葛藤なし,行動あり,-0.3333333333333335,diff,勇気尺度（diff）,3.5,事前勇気<4
100,3,葛藤なし,行動あり,-0.16666666666666696,diff,勇気尺度（diff）,2.3333333333333335,事前勇気<4
101,3,葛藤なし,行動あり,2.3333333333333335,diff,勇気尺度（diff）,1.5,事前勇気<4
102,3,葛藤なし,行動あり,-0.16666666666666696,diff,勇気尺度（diff）,4.666666666666667,事前勇気>=4
103,3,葛藤なし,行動あり,0.16666666666666696,diff,勇気尺度（diff）,3.6666666666666665,事前勇気<4
104,3,葛藤なし,行動あり,0.0,diff,勇気尺度（diff）,4.0,事前勇気>=4
105,3,葛藤なし,行動あり,0.3333333333333339,diff,勇気尺度（diff）,4.333333333333333,事前勇気>=4
106,3,葛藤なし,行動あり,-0.3333333333333339,diff,勇気尺度（diff）,4.666666666666667,事前勇気>=4
107,3,葛藤なし,行動あり,-0.6666666666666665,diff,勇気尺度（diff）,2.6666666666666665,事前勇気<4
108,3,葛藤なし,行動あり,1.5,diff,勇気尺度（diff）,2.5,事前勇気<4
109,3,葛藤なし,行動あり,0.5,diff,勇気尺度（diff）,3.1666666666666665,事前勇気<4
110,3,葛藤なし,行動あり,0.33333333333333304,diff,勇気尺度（diff）,4.166666666666667,事前勇気>=4
111,3,葛藤なし,行動あり,0.6666666666666665,diff,勇気尺度（diff）,3.8333333333333335,事前勇気<4
112,3,葛藤なし,行動あり,1.3333333333333335,diff,勇気尺度（diff）,3.6666666666666665,事前勇気<4
113,3,葛藤なし,行動あり,0.33333333333333304,diff,勇気尺度（diff）,5.166666666666667,事前勇気>=4
114,3,葛藤なし,行動あり,-0.16666666666666696,diff,勇気尺度（diff）,3.3333333333333335,事前勇気<4
115,3,葛藤なし,行動あり,0.6666666666666665,diff,勇気尺度（diff）,3.6666666666666665,事前勇気<4
116,3,葛藤なし,行動あり,-0.6666666666666667,diff,勇気尺度（diff）,2.5,事前勇気<4
117,3,葛藤なし,行動あり,1.3333333333333335,diff,勇気尺度（diff）,3.6666666666666665,事前勇気<4
118,3,葛藤なし,行動あり,1.6666666666666665,diff,勇気尺度（diff）,2.3333333333333335,事前勇気<4
119,3,葛藤なし,行動あり,-0.8333333333333333,diff,勇気尺度（diff）,2.5,事前勇気<4
120,3,葛藤なし,行動あり,0.666666666666667,diff,勇気尺度（diff）,4.5,事前勇気>=4
121,3,葛藤なし,行動あり,0.0,diff,勇気尺度（diff）,6.833333333333333,事前勇気>=4
122,3,葛藤なし,行動あり,0.3333333333333335,diff,勇気尺度（diff）,3.1666666666666665,事前勇気<4
123,3,葛藤なし,行動あり,0.6666666666666665,diff,勇気尺度（diff）,3.3333333333333335,事前勇気<4
124,3,葛藤なし,行動あり,0.8333333333333335,diff,勇気尺度（diff）,3.1666666666666665,事前勇気<4
125,3,葛藤なし,行動あり,0.0,diff,勇気尺度（diff）,4.333333333333333,事前勇気>=4
126,3,葛藤なし,行動あり,0.8333333333333335,diff,勇気尺度（diff）,3.6666666666666665,事前勇気<4
1,4,葛藤なし,行動なし,2.8333333333333335,post,勇気尺度（post）,2.8333333333333335,事前勇気<4
2,4,葛藤なし,行動なし,4.5,post,勇気尺度（post）,4.666666666666667,事前勇気>=4
3,4,葛藤なし,行動なし,4.166666666666667,post,勇気尺度（post）,4.333333333333333,事前勇気>=4
4,4,葛藤なし,行動なし,4.0,post,勇気尺度（post）,3.6666666666666665,事前勇気<4
5,4,葛藤なし,行動なし,4.0,post,勇気尺度（post）,2.3333333333333335,事前勇気<4
6,4,葛藤なし,行動なし,5.166666666666667,post,勇気尺度（post）,4.666666666666667,事前勇気>=4
7,4,葛藤なし,行動なし,4.0,post,勇気尺度（post）,4.333333333333333,事前勇気>=4
8,4,葛藤なし,行動なし,2.0,post,勇気尺度（post）,3.3333333333333335,事前勇気<4
9,4,葛藤なし,行動なし,4.5,post,勇気尺度（post）,4.0,事前勇気>=4
10,4,葛藤なし,行動なし,2.0,post,勇気尺度（post）,2.0,事前勇気<4
11,4,葛藤なし,行動なし,5.666666666666667,post,勇気尺度（post）,6.333333333333333,事前勇気>=4
12,4,葛藤なし,行動なし,4.0,post,勇気尺度（post）,4.0,事前勇気>=4
13,4,葛藤なし,行動なし,2.6666666666666665,post,勇気尺度（post）,3.1666666666666665,事前勇気<4
14,4,葛藤なし,行動なし,4.5,post,勇気尺度（post）,5.166666666666667,事前勇気>=4
15,4,葛藤なし,行動なし,2.1666666666666665,post,勇気尺度（post）,2.1666666666666665,事前勇気<4
16,4,葛藤なし,行動なし,6.166666666666667,post,勇気尺度（post）,5.666666666666667,事前勇気>=4
17,4,葛藤なし,行動なし,4.833333333333333,post,勇気尺度（post）,4.5,事前勇気>=4
18,4,葛藤なし,行動なし,3.6666666666666665,post,勇気尺度（post）,2.8333333333333335,事前勇気<4
19,4,葛藤なし,行動なし,1.6666666666666667,post,勇気尺度（post）,2.8333333333333335,事前勇気<4
20,4,葛藤なし,行動なし,3.5,post,勇気尺度（post）,4.5,事前勇気>=4
21,4,葛藤なし,行動なし,3.6666666666666665,post,勇気尺度（post）,3.5,事前勇気<4
22,4,葛藤なし,行動なし,5.0,post,勇気尺度（post）,4.5,事前勇気>=4
23,4,葛藤なし,行動なし,6.166666666666667,post,勇気尺度（post）,5.833333333333333,事前勇気>=4
24,4,葛藤なし,行動なし,3.5,post,勇気尺度（post）,3.5,事前勇気<4
25,4,葛藤なし,行動なし,1.8333333333333333,post,勇気尺度（post）,4.166666666666667,事前勇気>=4
26,4,葛藤なし,行動なし,3.6666666666666665,post,勇気尺度（post）,3.6666666666666665,事前勇気<4
27,4,葛藤なし,行動なし,1.3333333333333333,post,勇気尺度（post）,1.3333333333333333,事前勇気<4
28,4,葛藤なし,行動なし,6.666666666666667,post,勇気尺度（post）,5.333333333333333,事前勇気>=4
29,4,葛藤なし,行動なし,7.0,post,勇気尺度（post）,6.0,事前勇気>=4
30,4,葛藤なし,行動なし,2.5,post,勇気尺度（post）,1.8333333333333333,事前勇気<4
31,4,葛藤なし,行動なし,2.6666666666666665,post,勇気尺度（post）,3.5,事前勇気<4
32,4,葛藤なし,行動なし,3.5,post,勇気尺度（post）,3.5,事前勇気<4
33,4,葛藤なし,行動なし,5.833333333333333,post,勇気尺度（post）,5.5,事前勇気>=4
34,4,葛藤なし,行動なし,6.333333333333333,post,勇気尺度（post）,5.166666666666667,事前勇気>=4
35,4,葛藤なし,行動なし,5.0,post,勇気尺度（post）,5.166666666666667,事前勇気>=4
36,4,葛藤なし,行動なし,2.6666666666666665,post,勇気尺度（post）,2.6666666666666665,事前勇気<4
37,4,葛藤なし,行動なし,3.5,post,勇気尺度（post）,3.5,事前勇気<4
38,4,葛藤なし,行動なし,3.0,post,勇気尺度（post）,3.8333333333333335,事前勇気<4
39,4,葛藤なし,行動なし,1.6666666666666667,post,勇気尺度（post）,1.5,事前勇気<4
40,4,葛藤なし,行動なし,2.5,post,勇気尺度（post）,2.3333333333333335,事前勇気<4
41,4,葛藤なし,行動なし,4.166666666666667,post,勇気尺度（post）,3.8333333333333335,事前勇気<4
42,4,葛藤なし,行動なし,3.6666666666666665,post,勇気尺度（post）,2.8333333333333335,事前勇気<4
43,4,葛藤なし,行動なし,3.1666666666666665,post,勇気尺度（post）,3.5,事前勇気<4
44,4,葛藤なし,行動なし,1.0,post,勇気尺度（post）,2.3333333333333335,事前勇気<4
45,4,葛藤なし,行動なし,4.166666666666667,post,勇気尺度（post）,3.5,事前勇気<4
46,4,葛藤なし,行動なし,3.1666666666666665,post,勇気尺度（post）,3.3333333333333335,事前勇気<4
47,4,葛藤なし,行動なし,5.666666666666667,post,勇気尺度（post）,5.166666666666667,事前勇気>=4
48,4,葛藤なし,行動なし,3.6666666666666665,post,勇気尺度（post）,4.5,事前勇気>=4
49,4,葛藤なし,行動なし,3.1666666666666665,post,勇気尺度（post）,3.6666666666666665,事前勇気<4
50,4,葛藤なし,行動なし,3.1666666666666665,post,勇気尺度（post）,4.5,事前勇気>=4
51,4,葛藤なし,行動なし,6.166666666666667,post,勇気尺度（post）,2.0,事前勇気<4
52,4,葛藤なし,行動なし,4.666666666666667,post,勇気尺度（post）,4.166666666666667,事前勇気>=4
53,4,葛藤なし,行動なし,4.0,post,勇気尺度（post）,4.0,事前勇気>=4
54,4,葛藤なし,行動なし,3.0,post,勇気尺度（post）,3.3333333333333335,事前勇気<4
55,4,葛藤なし,行動なし,5.833333333333333,post,勇気尺度（post）,5.333333333333333,事前勇気>=4
56,4,葛藤なし,行動なし,2.0,post,勇気尺度（post）,2.5,事前勇気<4
57,4,葛藤なし,行動なし,3.0,post,勇気尺度（post）,2.5,事前勇気<4
58,4,葛藤なし,行動なし,1.8333333333333333,post,勇気尺度（post）,2.0,事前勇気<4
59,4,葛藤なし,行動なし,3.0,post,勇気尺度（post）,2.0,事前勇気<4
60,4,葛藤なし,行動なし,4.833333333333333,post,勇気尺度（post）,5.333333333333333,事前勇気>=4
61,4,葛藤なし,行動なし,4.0,post,勇気尺度（post）,4.666666666666667,事前勇気>=4
62,4,葛藤なし,行動なし,5.0,post,勇気尺度（post）,4.333333333333333,事前勇気>=4
63,4,葛藤なし,行動なし,4.333333333333333,post,勇気尺度（post）,4.333333333333333,事前勇気>=4
64,4,葛藤なし,行動なし,6.0,post,勇気尺度（post）,5.833333333333333,事前勇気>=4
65,4,葛藤なし,行動なし,2.5,post,勇気尺度（post）,2.5,事前勇気<4
66,4,葛藤なし,行動なし,3.1666666666666665,post,勇気尺度（post）,4.5,事前勇気>=4
67,4,葛藤なし,行動なし,2.6666666666666665,post,勇気尺度（post）,3.8333333333333335,事前勇気<4
68,4,葛藤なし,行動なし,4.333333333333333,post,勇気尺度（post）,4.166666666666667,事前勇気>=4
69,4,葛藤なし,行動なし,5.833333333333333,post,勇気尺度（post）,4.833333333333333,事前勇気>=4
70,4,葛藤なし,行動なし,2.0,post,勇気尺度（post）,2.6666666666666665,事前勇気<4
71,4,葛藤なし,行動なし,5.5,post,勇気尺度（post）,4.666666666666667,事前勇気>=4
72,4,葛藤なし,行動なし,2.1666666666666665,post,勇気尺度（post）,1.8333333333333333,事前勇気<4
73,4,葛藤なし,行動なし,3.1666666666666665,post,勇気尺度（post）,4.5,事前勇気>=4
74,4,葛藤なし,行動なし,5.666666666666667,post,勇気尺度（post）,4.833333333333333,事前勇気>=4
75,4,葛藤なし,行動なし,2.6666666666666665,post,勇気尺度（post）,1.8333333333333333,事前勇気<4
76,4,葛藤なし,行動なし,4.5,post,勇気尺度（post）,4.833333333333333,事前勇気>=4
77,4,葛藤なし,行動なし,1.3333333333333333,post,勇気尺度（post）,2.0,事前勇気<4
78,4,葛藤なし,行動なし,3.5,post,勇気尺度（post）,4.166666666666667,事前勇気>=4
79,4,葛藤なし,行動なし,3.8333333333333335,post,勇気尺度（post）,4.5,事前勇気>=4
80,4,葛藤なし,行動なし,3.5,post,勇気尺度（post）,4.166666666666667,事前勇気>=4
81,4,葛藤なし,行動なし,4.5,post,勇気尺度（post）,4.333333333333333,事前勇気>=4
82,4,葛藤なし,行動なし,5.0,post,勇気尺度（post）,3.5,事前勇気<4
83,4,葛藤なし,行動なし,1.8333333333333333,post,勇気尺度（post）,2.0,事前勇気<4
84,4,葛藤なし,行動なし,1.6666666666666667,post,勇気尺度（post）,1.8333333333333333,事前勇気<4
85,4,葛藤なし,行動なし,1.0,post,勇気尺度（post）,2.5,事前勇気<4
86,4,葛藤なし,行動なし,4.0,post,勇気尺度（post）,4.0,事前勇気>=4
87,4,葛藤なし,行動なし,4.0,post,勇気尺度（post）,3.0,事前勇気<4
88,4,葛藤なし,行動なし,3.8333333333333335,post,勇気尺度（post）,3.6666666666666665,事前勇気<4
89,4,葛藤なし,行動なし,7.0,post,勇気尺度（post）,7.0,事前勇気>=4
90,4,葛藤なし,行動なし,6.0,post,勇気尺度（post）,5.833333333333333,事前勇気>=4
91,4,葛藤なし,行動なし,4.0,post,勇気尺度（post）,4.833333333333333,事前勇気>=4
92,4,葛藤なし,行動なし,5.0,post,勇気尺度（post）,5.0,事前勇気>=4
93,4,葛藤なし,行動なし,5.166666666666667,post,勇気尺度（post）,4.0,事前勇気>=4
94,4,葛藤なし,行動なし,2.0,post,勇気尺度（post）,2.3333333333333335,事前勇気<4
95,4,葛藤なし,行動なし,4.666666666666667,post,勇気尺度（post）,3.5,事前勇気<4
96,4,葛藤なし,行動なし,4.833333333333333,post,勇気尺度（post）,4.5,事前勇気>=4
97,4,葛藤なし,行動なし,4.333333333333333,post,勇気尺度（post）,3.5,事前勇気<4
98,4,葛藤なし,行動なし,2.0,post,勇気尺度（post）,3.3333333333333335,事前勇気<4
99,4,葛藤なし,行動なし,2.6666666666666665,post,勇気尺度（post）,3.5,事前勇気<4
100,4,葛藤なし,行動なし,1.8333333333333333,post,勇気尺度（post）,2.3333333333333335,事前勇気<4
101,4,葛藤なし,行動なし,4.0,post,勇気尺度（post）,1.5,事前勇気<4
102,4,葛藤なし,行動なし,5.333333333333333,post,勇気尺度（post）,4.666666666666667,事前勇気>=4
103,4,葛藤なし,行動なし,3.0,post,勇気尺度（post）,3.6666666666666665,事前勇気<4
104,4,葛藤なし,行動なし,4.0,post,勇気尺度（post）,4.0,事前勇気>=4
105,4,葛藤なし,行動なし,4.5,post,勇気尺度（post）,4.333333333333333,事前勇気>=4
106,4,葛藤なし,行動なし,3.8333333333333335,post,勇気尺度（post）,4.666666666666667,事前勇気>=4
107,4,葛藤なし,行動なし,2.0,post,勇気尺度（post）,2.6666666666666665,事前勇気<4
108,4,葛藤なし,行動なし,1.0,post,勇気尺度（post）,2.5,事前勇気<4
109,4,葛藤なし,行動なし,3.0,post,勇気尺度（post）,3.1666666666666665,事前勇気<4
110,4,葛藤なし,行動なし,4.166666666666667,post,勇気尺度（post）,4.166666666666667,事前勇気>=4
111,4,葛藤なし,行動なし,2.5,post,勇気尺度（post）,3.8333333333333335,事前勇気<4
112,4,葛藤なし,行動なし,5.333333333333333,post,勇気尺度（post）,3.6666666666666665,事前勇気<4
113,4,葛藤なし,行動なし,5.166666666666667,post,勇気尺度（post）,5.166666666666667,事前勇気>=4
114,4,葛藤なし,行動なし,3.0,post,勇気尺度（post）,3.3333333333333335,事前勇気<4
115,4,葛藤なし,行動なし,3.8333333333333335,post,勇気尺度（post）,3.6666666666666665,事前勇気<4
116,4,葛藤なし,行動なし,2.5,post,勇気尺度（post）,2.5,事前勇気<4
117,4,葛藤なし,行動なし,2.3333333333333335,post,勇気尺度（post）,3.6666666666666665,事前勇気<4
118,4,葛藤なし,行動なし,4.0,post,勇気尺度（post）,2.3333333333333335,事前勇気<4
119,4,葛藤なし,行動なし,2.0,post,勇気尺度（post）,2.5,事前勇気<4
120,4,葛藤なし,行動なし,5.0,post,勇気尺度（post）,4.5,事前勇気>=4
121,4,葛藤なし,行動なし,6.666666666666667,post,勇気尺度（post）,6.833333333333333,事前勇気>=4
122,4,葛藤なし,行動なし,1.5,post,勇気尺度（post）,3.1666666666666665,事前勇気<4
123,4,葛藤なし,行動なし,4.166666666666667,post,勇気尺度（post）,3.3333333333333335,事前勇気<4
124,4,葛藤なし,行動なし,3.5,post,勇気尺度（post）,3.1666666666666665,事前勇気<4
125,4,葛藤なし,行動なし,4.166666666666667,post,勇気尺度（post）,4.333333333333333,事前勇気>=4
126,4,葛藤なし,行動なし,4.0,post,勇気尺度（post）,3.6666666666666665,事前勇気<4
1,4,葛藤なし,行動なし,0.0,diff,勇気尺度（diff）,2.8333333333333335,事前勇気<4
2,4,葛藤なし,行動なし,-0.16666666666666696,diff,勇気尺度（diff）,4.666666666666667,事前勇気>=4
3,4,葛藤なし,行動なし,-0.16666666666666607,diff,勇気尺度（diff）,4.333333333333333,事前勇気>=4
4,4,葛藤なし,行動なし,0.3333333333333335,diff,勇気尺度（diff）,3.6666666666666665,事前勇気<4
5,4,葛藤なし,行動なし,1.6666666666666665,diff,勇気尺度（diff）,2.3333333333333335,事前勇気<4
6,4,葛藤なし,行動なし,0.5,diff,勇気尺度（diff）,4.666666666666667,事前勇気>=4
7,4,葛藤なし,行動なし,-0.33333333333333304,diff,勇気尺度（diff）,4.333333333333333,事前勇気>=4
8,4,葛藤なし,行動なし,-1.3333333333333335,diff,勇気尺度（diff）,3.3333333333333335,事前勇気<4
9,4,葛藤なし,行動なし,0.5,diff,勇気尺度（diff）,4.0,事前勇気>=4
10,4,葛藤なし,行動なし,0.0,diff,勇気尺度（diff）,2.0,事前勇気<4
11,4,葛藤なし,行動なし,-0.6666666666666661,diff,勇気尺度（diff）,6.333333333333333,事前勇気>=4
12,4,葛藤なし,行動なし,0.0,diff,勇気尺度（diff）,4.0,事前勇気>=4
13,4,葛藤なし,行動なし,-0.5,diff,勇気尺度（diff）,3.1666666666666665,事前勇気<4
14,4,葛藤なし,行動なし,-0.666666666666667,diff,勇気尺度（diff）,5.166666666666667,事前勇気>=4
15,4,葛藤なし,行動なし,0.0,diff,勇気尺度（diff）,2.1666666666666665,事前勇気<4
16,4,葛藤なし,行動なし,0.5,diff,勇気尺度（diff）,5.666666666666667,事前勇気>=4
17,4,葛藤なし,行動なし,0.33333333333333304,diff,勇気尺度（diff）,4.5,事前勇気>=4
18,4,葛藤なし,行動なし,0.833333333333333,diff,勇気尺度（diff）,2.8333333333333335,事前勇気<4
19,4,葛藤なし,行動なし,-1.1666666666666667,diff,勇気尺度（diff）,2.8333333333333335,事前勇気<4
20,4,葛藤なし,行動なし,-1.0,diff,勇気尺度（diff）,4.5,事前勇気>=4
21,4,葛藤なし,行動なし,0.16666666666666652,diff,勇気尺度（diff）,3.5,事前勇気<4
22,4,葛藤なし,行動なし,0.5,diff,勇気尺度（diff）,4.5,事前勇気>=4
23,4,葛藤なし,行動なし,0.3333333333333339,diff,勇気尺度（diff）,5.833333333333333,事前勇気>=4
24,4,葛藤なし,行動なし,0.0,diff,勇気尺度（diff）,3.5,事前勇気<4
25,4,葛藤なし,行動なし,-2.333333333333334,diff,勇気尺度（diff）,4.166666666666667,事前勇気>=4
26,4,葛藤なし,行動なし,0.0,diff,勇気尺度（diff）,3.6666666666666665,事前勇気<4
27,4,葛藤なし,行動なし,0.0,diff,勇気尺度（diff）,1.3333333333333333,事前勇気<4
28,4,葛藤なし,行動なし,1.333333333333334,diff,勇気尺度（diff）,5.333333333333333,事前勇気>=4
29,4,葛藤なし,行動なし,1.0,diff,勇気尺度（diff）,6.0,事前勇気>=4
30,4,葛藤なし,行動なし,0.6666666666666667,diff,勇気尺度（diff）,1.8333333333333333,事前勇気<4
31,4,葛藤なし,行動なし,-0.8333333333333335,diff,勇気尺度（diff）,3.5,事前勇気<4
32,4,葛藤なし,行動なし,0.0,diff,勇気尺度（diff）,3.5,事前勇気<4
33,4,葛藤なし,行動なし,0.33333333333333304,diff,勇気尺度（diff）,5.5,事前勇気>=4
34,4,葛藤なし,行動なし,1.166666666666666,diff,勇気尺度（diff）,5.166666666666667,事前勇気>=4
35,4,葛藤なし,行動なし,-0.16666666666666696,diff,勇気尺度（diff）,5.166666666666667,事前勇気>=4
36,4,葛藤なし,行動なし,0.0,diff,勇気尺度（diff）,2.6666666666666665,事前勇気<4
37,4,葛藤なし,行動なし,0.0,diff,勇気尺度（diff）,3.5,事前勇気<4
38,4,葛藤なし,行動なし,-0.8333333333333335,diff,勇気尺度（diff）,3.8333333333333335,事前勇気<4
39,4,葛藤なし,行動なし,0.16666666666666674,diff,勇気尺度（diff）,1.5,事前勇気<4
40,4,葛藤なし,行動なし,0.16666666666666652,diff,勇気尺度（diff）,2.3333333333333335,事前勇気<4
41,4,葛藤なし,行動なし,0.3333333333333335,diff,勇気尺度（diff）,3.8333333333333335,事前勇気<4
42,4,葛藤なし,行動なし,0.833333333333333,diff,勇気尺度（diff）,2.8333333333333335,事前勇気<4
43,4,葛藤なし,行動なし,-0.3333333333333335,diff,勇気尺度（diff）,3.5,事前勇気<4
44,4,葛藤なし,行動なし,-1.3333333333333335,diff,勇気尺度（diff）,2.3333333333333335,事前勇気<4
45,4,葛藤なし,行動なし,0.666666666666667,diff,勇気尺度（diff）,3.5,事前勇気<4
46,4,葛藤なし,行動なし,-0.16666666666666696,diff,勇気尺度（diff）,3.3333333333333335,事前勇気<4
47,4,葛藤なし,行動なし,0.5,diff,勇気尺度（diff）,5.166666666666667,事前勇気>=4
48,4,葛藤なし,行動なし,-0.8333333333333335,diff,勇気尺度（diff）,4.5,事前勇気>=4
49,4,葛藤なし,行動なし,-0.5,diff,勇気尺度（diff）,3.6666666666666665,事前勇気<4
50,4,葛藤なし,行動なし,-1.3333333333333335,diff,勇気尺度（diff）,4.5,事前勇気>=4
51,4,葛藤なし,行動なし,4.166666666666667,diff,勇気尺度（diff）,2.0,事前勇気<4
52,4,葛藤なし,行動なし,0.5,diff,勇気尺度（diff）,4.166666666666667,事前勇気>=4
53,4,葛藤なし,行動なし,0.0,diff,勇気尺度（diff）,4.0,事前勇気>=4
54,4,葛藤なし,行動なし,-0.3333333333333335,diff,勇気尺度（diff）,3.3333333333333335,事前勇気<4
55,4,葛藤なし,行動なし,0.5,diff,勇気尺度（diff）,5.333333333333333,事前勇気>=4
56,4,葛藤なし,行動なし,-0.5,diff,勇気尺度（diff）,2.5,事前勇気<4
57,4,葛藤なし,行動なし,0.5,diff,勇気尺度（diff）,2.5,事前勇気<4
58,4,葛藤なし,行動なし,-0.16666666666666674,diff,勇気尺度（diff）,2.0,事前勇気<4
59,4,葛藤なし,行動なし,1.0,diff,勇気尺度（diff）,2.0,事前勇気<4
60,4,葛藤なし,行動なし,-0.5,diff,勇気尺度（diff）,5.333333333333333,事前勇気>=4
61,4,葛藤なし,行動なし,-0.666666666666667,diff,勇気尺度（diff）,4.666666666666667,事前勇気>=4
62,4,葛藤なし,行動なし,0.666666666666667,diff,勇気尺度（diff）,4.333333333333333,事前勇気>=4
63,4,葛藤なし,行動なし,0.0,diff,勇気尺度（diff）,4.333333333333333,事前勇気>=4
64,4,葛藤なし,行動なし,0.16666666666666696,diff,勇気尺度（diff）,5.833333333333333,事前勇気>=4
65,4,葛藤なし,行動なし,0.0,diff,勇気尺度（diff）,2.5,事前勇気<4
66,4,葛藤なし,行動なし,-1.3333333333333335,diff,勇気尺度（diff）,4.5,事前勇気>=4
67,4,葛藤なし,行動なし,-1.166666666666667,diff,勇気尺度（diff）,3.8333333333333335,事前勇気<4
68,4,葛藤なし,行動なし,0.16666666666666607,diff,勇気尺度（diff）,4.166666666666667,事前勇気>=4
69,4,葛藤なし,行動なし,1.0,diff,勇気尺度（diff）,4.833333333333333,事前勇気>=4
70,4,葛藤なし,行動なし,-0.6666666666666665,diff,勇気尺度（diff）,2.6666666666666665,事前勇気<4
71,4,葛藤なし,行動なし,0.833333333333333,diff,勇気尺度（diff）,4.666666666666667,事前勇気>=4
72,4,葛藤なし,行動なし,0.33333333333333326,diff,勇気尺度（diff）,1.8333333333333333,事前勇気<4
73,4,葛藤なし,行動なし,-1.3333333333333335,diff,勇気尺度（diff）,4.5,事前勇気>=4
74,4,葛藤なし,行動なし,0.8333333333333339,diff,勇気尺度（diff）,4.833333333333333,事前勇気>=4
75,4,葛藤なし,行動なし,0.8333333333333333,diff,勇気尺度（diff）,1.8333333333333333,事前勇気<4
76,4,葛藤なし,行動なし,-0.33333333333333304,diff,勇気尺度（diff）,4.833333333333333,事前勇気>=4
77,4,葛藤なし,行動なし,-0.6666666666666667,diff,勇気尺度（diff）,2.0,事前勇気<4
78,4,葛藤なし,行動なし,-0.666666666666667,diff,勇気尺度（diff）,4.166666666666667,事前勇気>=4
79,4,葛藤なし,行動なし,-0.6666666666666665,diff,勇気尺度（diff）,4.5,事前勇気>=4
80,4,葛藤なし,行動なし,-0.666666666666667,diff,勇気尺度（diff）,4.166666666666667,事前勇気>=4
81,4,葛藤なし,行動なし,0.16666666666666696,diff,勇気尺度（diff）,4.333333333333333,事前勇気>=4
82,4,葛藤なし,行動なし,1.5,diff,勇気尺度（diff）,3.5,事前勇気<4
83,4,葛藤なし,行動なし,-0.16666666666666674,diff,勇気尺度（diff）,2.0,事前勇気<4
84,4,葛藤なし,行動なし,-0.16666666666666652,diff,勇気尺度（diff）,1.8333333333333333,事前勇気<4
85,4,葛藤なし,行動なし,-1.5,diff,勇気尺度（diff）,2.5,事前勇気<4
86,4,葛藤なし,行動なし,0.0,diff,勇気尺度（diff）,4.0,事前勇気>=4
87,4,葛藤なし,行動なし,1.0,diff,勇気尺度（diff）,3.0,事前勇気<4
88,4,葛藤なし,行動なし,0.16666666666666696,diff,勇気尺度（diff）,3.6666666666666665,事前勇気<4
89,4,葛藤なし,行動なし,0.0,diff,勇気尺度（diff）,7.0,事前勇気>=4
90,4,葛藤なし,行動なし,0.16666666666666696,diff,勇気尺度（diff）,5.833333333333333,事前勇気>=4
91,4,葛藤なし,行動なし,-0.833333333333333,diff,勇気尺度（diff）,4.833333333333333,事前勇気>=4
92,4,葛藤なし,行動なし,0.0,diff,勇気尺度（diff）,5.0,事前勇気>=4
93,4,葛藤なし,行動なし,1.166666666666667,diff,勇気尺度（diff）,4.0,事前勇気>=4
94,4,葛藤なし,行動なし,-0.3333333333333335,diff,勇気尺度（diff）,2.3333333333333335,事前勇気<4
95,4,葛藤なし,行動なし,1.166666666666667,diff,勇気尺度（diff）,3.5,事前勇気<4
96,4,葛藤なし,行動なし,0.33333333333333304,diff,勇気尺度（diff）,4.5,事前勇気>=4
97,4,葛藤なし,行動なし,0.833333333333333,diff,勇気尺度（diff）,3.5,事前勇気<4
98,4,葛藤なし,行動なし,-1.3333333333333335,diff,勇気尺度（diff）,3.3333333333333335,事前勇気<4
99,4,葛藤なし,行動なし,-0.8333333333333335,diff,勇気尺度（diff）,3.5,事前勇気<4
100,4,葛藤なし,行動なし,-0.5000000000000002,diff,勇気尺度（diff）,2.3333333333333335,事前勇気<4
101,4,葛藤なし,行動なし,2.5,diff,勇気尺度（diff）,1.5,事前勇気<4
102,4,葛藤なし,行動なし,0.6666666666666661,diff,勇気尺度（diff）,4.666666666666667,事前勇気>=4
103,4,葛藤なし,行動なし,-0.6666666666666665,diff,勇気尺度（diff）,3.6666666666666665,事前勇気<4
104,4,葛藤なし,行動なし,0.0,diff,勇気尺度（diff）,4.0,事前勇気>=4
105,4,葛藤なし,行動なし,0.16666666666666696,diff,勇気尺度（diff）,4.333333333333333,事前勇気>=4
106,4,葛藤なし,行動なし,-0.8333333333333335,diff,勇気尺度（diff）,4.666666666666667,事前勇気>=4
107,4,葛藤なし,行動なし,-0.6666666666666665,diff,勇気尺度（diff）,2.6666666666666665,事前勇気<4
108,4,葛藤なし,行動なし,-1.5,diff,勇気尺度（diff）,2.5,事前勇気<4
109,4,葛藤なし,行動なし,-0.16666666666666652,diff,勇気尺度（diff）,3.1666666666666665,事前勇気<4
110,4,葛藤なし,行動なし,0.0,diff,勇気尺度（diff）,4.166666666666667,事前勇気>=4
111,4,葛藤なし,行動なし,-1.3333333333333335,diff,勇気尺度（diff）,3.8333333333333335,事前勇気<4
112,4,葛藤なし,行動なし,1.6666666666666665,diff,勇気尺度（diff）,3.6666666666666665,事前勇気<4
113,4,葛藤なし,行動なし,0.0,diff,勇気尺度（diff）,5.166666666666667,事前勇気>=4
114,4,葛藤なし,行動なし,-0.3333333333333335,diff,勇気尺度（diff）,3.3333333333333335,事前勇気<4
115,4,葛藤なし,行動なし,0.16666666666666696,diff,勇気尺度（diff）,3.6666666666666665,事前勇気<4
116,4,葛藤なし,行動なし,0.0,diff,勇気尺度（diff）,2.5,事前勇気<4
117,4,葛藤なし,行動なし,-1.333333333333333,diff,勇気尺度（diff）,3.6666666666666665,事前勇気<4
118,4,葛藤なし,行動なし,1.6666666666666665,diff,勇気尺度（diff）,2.3333333333333335,事前勇気<4
119,4,葛藤なし,行動なし,-0.5,diff,勇気尺度（diff）,2.5,事前勇気<4
120,4,葛藤なし,行動なし,0.5,diff,勇気尺度（diff）,4.5,事前勇気>=4
121,4,葛藤なし,行動なし,-0.16666666666666607,diff,勇気尺度（diff）,6.833333333333333,事前勇気>=4
122,4,葛藤なし,行動なし,-1.6666666666666665,diff,勇気尺度（diff）,3.1666666666666665,事前勇気<4
123,4,葛藤なし,行動なし,0.8333333333333335,diff,勇気尺度（diff）,3.3333333333333335,事前勇気<4
124,4,葛藤なし,行動なし,0.3333333333333335,diff,勇気尺度（diff）,3.1666666666666665,事前勇気<4
125,4,葛藤なし,行動なし,-0.16666666666666607,diff,勇気尺度（diff）,4.333333333333333,事前勇気>=4
126,4,葛藤なし,行動なし,0.3333333333333335,diff,勇気尺度（diff）,3.6666666666666665,事前勇気<4
1,1,葛藤あり,行動あり,4.5,post,葛藤尺度（post）,2.8333333333333335,事前勇気<4
2,1,葛藤あり,行動あり,4.5,post,葛藤尺度（post）,4.666666666666667,事前勇気>=4
3,1,葛藤あり,行動あり,5.0,post,葛藤尺度（post）,4.333333333333333,事前勇気>=4
4,1,葛藤あり,行動あり,5.0,post,葛藤尺度（post）,3.6666666666666665,事前勇気<4
5,1,葛藤あり,行動あり,4.25,post,葛藤尺度（post）,2.3333333333333335,事前勇気<4
6,1,葛藤あり,行動あり,5.5,post,葛藤尺度（post）,4.666666666666667,事前勇気>=4
7,1,葛藤あり,行動あり,6.0,post,葛藤尺度（post）,4.333333333333333,事前勇気>=4
8,1,葛藤あり,行動あり,6.5,post,葛藤尺度（post）,3.3333333333333335,事前勇気<4
9,1,葛藤あり,行動あり,4.75,post,葛藤尺度（post）,4.0,事前勇気>=4
10,1,葛藤あり,行動あり,5.0,post,葛藤尺度（post）,2.0,事前勇気<4
11,1,葛藤あり,行動あり,6.75,post,葛藤尺度（post）,6.333333333333333,事前勇気>=4
12,1,葛藤あり,行動あり,2.0,post,葛藤尺度（post）,4.0,事前勇気>=4
13,1,葛藤あり,行動あり,6.75,post,葛藤尺度（post）,3.1666666666666665,事前勇気<4
14,1,葛藤あり,行動あり,6.25,post,葛藤尺度（post）,5.166666666666667,事前勇気>=4
15,1,葛藤あり,行動あり,2.25,post,葛藤尺度（post）,2.1666666666666665,事前勇気<4
16,1,葛藤あり,行動あり,6.0,post,葛藤尺度（post）,5.666666666666667,事前勇気>=4
17,1,葛藤あり,行動あり,5.0,post,葛藤尺度（post）,4.5,事前勇気>=4
18,1,葛藤あり,行動あり,3.75,post,葛藤尺度（post）,2.8333333333333335,事前勇気<4
19,1,葛藤あり,行動あり,5.0,post,葛藤尺度（post）,2.8333333333333335,事前勇気<4
20,1,葛藤あり,行動あり,6.75,post,葛藤尺度（post）,4.5,事前勇気>=4
21,1,葛藤あり,行動あり,3.25,post,葛藤尺度（post）,3.5,事前勇気<4
22,1,葛藤あり,行動あり,6.5,post,葛藤尺度（post）,4.5,事前勇気>=4
23,1,葛藤あり,行動あり,5.5,post,葛藤尺度（post）,5.833333333333333,事前勇気>=4
24,1,葛藤あり,行動あり,2.25,post,葛藤尺度（post）,3.5,事前勇気<4
25,1,葛藤あり,行動あり,7.0,post,葛藤尺度（post）,4.166666666666667,事前勇気>=4
26,1,葛藤あり,行動あり,3.0,post,葛藤尺度（post）,3.6666666666666665,事前勇気<4
27,1,葛藤あり,行動あり,4.75,post,葛藤尺度（post）,1.3333333333333333,事前勇気<4
28,1,葛藤あり,行動あり,6.5,post,葛藤尺度（post）,5.333333333333333,事前勇気>=4
29,1,葛藤あり,行動あり,4.5,post,葛藤尺度（post）,6.0,事前勇気>=4
30,1,葛藤あり,行動あり,6.0,post,葛藤尺度（post）,1.8333333333333333,事前勇気<4
31,1,葛藤あり,行動あり,2.5,post,葛藤尺度（post）,3.5,事前勇気<4
32,1,葛藤あり,行動あり,6.25,post,葛藤尺度（post）,3.5,事前勇気<4
33,1,葛藤あり,行動あり,6.75,post,葛藤尺度（post）,5.5,事前勇気>=4
34,1,葛藤あり,行動あり,6.5,post,葛藤尺度（post）,5.166666666666667,事前勇気>=4
35,1,葛藤あり,行動あり,6.75,post,葛藤尺度（post）,5.166666666666667,事前勇気>=4
36,1,葛藤あり,行動あり,4.0,post,葛藤尺度（post）,2.6666666666666665,事前勇気<4
37,1,葛藤あり,行動あり,6.5,post,葛藤尺度（post）,3.5,事前勇気<4
38,1,葛藤あり,行動あり,5.75,post,葛藤尺度（post）,3.8333333333333335,事前勇気<4
39,1,葛藤あり,行動あり,3.75,post,葛藤尺度（post）,1.5,事前勇気<4
40,1,葛藤あり,行動あり,6.0,post,葛藤尺度（post）,2.3333333333333335,事前勇気<4
41,1,葛藤あり,行動あり,6.0,post,葛藤尺度（post）,3.8333333333333335,事前勇気<4
42,1,葛藤あり,行動あり,5.25,post,葛藤尺度（post）,2.8333333333333335,事前勇気<4
43,1,葛藤あり,行動あり,5.0,post,葛藤尺度（post）,3.5,事前勇気<4
44,1,葛藤あり,行動あり,5.0,post,葛藤尺度（post）,2.3333333333333335,事前勇気<4
45,1,葛藤あり,行動あり,4.0,post,葛藤尺度（post）,3.5,事前勇気<4
46,1,葛藤あり,行動あり,3.5,post,葛藤尺度（post）,3.3333333333333335,事前勇気<4
47,1,葛藤あり,行動あり,2.0,post,葛藤尺度（post）,5.166666666666667,事前勇気>=4
48,1,葛藤あり,行動あり,4.0,post,葛藤尺度（post）,4.5,事前勇気>=4
49,1,葛藤あり,行動あり,3.0,post,葛藤尺度（post）,3.6666666666666665,事前勇気<4
50,1,葛藤あり,行動あり,5.0,post,葛藤尺度（post）,4.5,事前勇気>=4
51,1,葛藤あり,行動あり,5.75,post,葛藤尺度（post）,2.0,事前勇気<4
52,1,葛藤あり,行動あり,5.75,post,葛藤尺度（post）,4.166666666666667,事前勇気>=4
53,1,葛藤あり,行動あり,4.0,post,葛藤尺度（post）,4.0,事前勇気>=4
54,1,葛藤あり,行動あり,4.75,post,葛藤尺度（post）,3.3333333333333335,事前勇気<4
55,1,葛藤あり,行動あり,6.0,post,葛藤尺度（post）,5.333333333333333,事前勇気>=4
56,1,葛藤あり,行動あり,5.0,post,葛藤尺度（post）,2.5,事前勇気<4
57,1,葛藤あり,行動あり,5.0,post,葛藤尺度（post）,2.5,事前勇気<4
58,1,葛藤あり,行動あり,6.5,post,葛藤尺度（post）,2.0,事前勇気<4
59,1,葛藤あり,行動あり,6.0,post,葛藤尺度（post）,2.0,事前勇気<4
60,1,葛藤あり,行動あり,6.0,post,葛藤尺度（post）,5.333333333333333,事前勇気>=4
61,1,葛藤あり,行動あり,5.0,post,葛藤尺度（post）,4.666666666666667,事前勇気>=4
62,1,葛藤あり,行動あり,4.75,post,葛藤尺度（post）,4.333333333333333,事前勇気>=4
63,1,葛藤あり,行動あり,6.0,post,葛藤尺度（post）,4.333333333333333,事前勇気>=4
64,1,葛藤あり,行動あり,6.0,post,葛藤尺度（post）,5.833333333333333,事前勇気>=4
65,1,葛藤あり,行動あり,2.75,post,葛藤尺度（post）,2.5,事前勇気<4
66,1,葛藤あり,行動あり,4.25,post,葛藤尺度（post）,4.5,事前勇気>=4
67,1,葛藤あり,行動あり,5.5,post,葛藤尺度（post）,3.8333333333333335,事前勇気<4
68,1,葛藤あり,行動あり,5.5,post,葛藤尺度（post）,4.166666666666667,事前勇気>=4
69,1,葛藤あり,行動あり,6.5,post,葛藤尺度（post）,4.833333333333333,事前勇気>=4
70,1,葛藤あり,行動あり,5.0,post,葛藤尺度（post）,2.6666666666666665,事前勇気<4
71,1,葛藤あり,行動あり,4.25,post,葛藤尺度（post）,4.666666666666667,事前勇気>=4
72,1,葛藤あり,行動あり,5.0,post,葛藤尺度（post）,1.8333333333333333,事前勇気<4
73,1,葛藤あり,行動あり,3.25,post,葛藤尺度（post）,4.5,事前勇気>=4
74,1,葛藤あり,行動あり,4.75,post,葛藤尺度（post）,4.833333333333333,事前勇気>=4
75,1,葛藤あり,行動あり,4.5,post,葛藤尺度（post）,1.8333333333333333,事前勇気<4
76,1,葛藤あり,行動あり,5.0,post,葛藤尺度（post）,4.833333333333333,事前勇気>=4
77,1,葛藤あり,行動あり,6.75,post,葛藤尺度（post）,2.0,事前勇気<4
78,1,葛藤あり,行動あり,5.25,post,葛藤尺度（post）,4.166666666666667,事前勇気>=4
79,1,葛藤あり,行動あり,5.75,post,葛藤尺度（post）,4.5,事前勇気>=4
80,1,葛藤あり,行動あり,6.0,post,葛藤尺度（post）,4.166666666666667,事前勇気>=4
81,1,葛藤あり,行動あり,5.0,post,葛藤尺度（post）,4.333333333333333,事前勇気>=4
82,1,葛藤あり,行動あり,5.0,post,葛藤尺度（post）,3.5,事前勇気<4
83,1,葛藤あり,行動あり,5.75,post,葛藤尺度（post）,2.0,事前勇気<4
84,1,葛藤あり,行動あり,3.5,post,葛藤尺度（post）,1.8333333333333333,事前勇気<4
85,1,葛藤あり,行動あり,6.25,post,葛藤尺度（post）,2.5,事前勇気<4
86,1,葛藤あり,行動あり,4.0,post,葛藤尺度（post）,4.0,事前勇気>=4
87,1,葛藤あり,行動あり,3.0,post,葛藤尺度（post）,3.0,事前勇気<4
88,1,葛藤あり,行動あり,7.0,post,葛藤尺度（post）,3.6666666666666665,事前勇気<4
89,1,葛藤あり,行動あり,5.75,post,葛藤尺度（post）,7.0,事前勇気>=4
90,1,葛藤あり,行動あり,5.25,post,葛藤尺度（post）,5.833333333333333,事前勇気>=4
91,1,葛藤あり,行動あり,6.0,post,葛藤尺度（post）,4.833333333333333,事前勇気>=4
92,1,葛藤あり,行動あり,6.0,post,葛藤尺度（post）,5.0,事前勇気>=4
93,1,葛藤あり,行動あり,4.75,post,葛藤尺度（post）,4.0,事前勇気>=4
94,1,葛藤あり,行動あり,4.75,post,葛藤尺度（post）,2.3333333333333335,事前勇気<4
95,1,葛藤あり,行動あり,6.25,post,葛藤尺度（post）,3.5,事前勇気<4
96,1,葛藤あり,行動あり,6.0,post,葛藤尺度（post）,4.5,事前勇気>=4
97,1,葛藤あり,行動あり,5.25,post,葛藤尺度（post）,3.5,事前勇気<4
98,1,葛藤あり,行動あり,5.0,post,葛藤尺度（post）,3.3333333333333335,事前勇気<4
99,1,葛藤あり,行動あり,4.75,post,葛藤尺度（post）,3.5,事前勇気<4
100,1,葛藤あり,行動あり,5.0,post,葛藤尺度（post）,2.3333333333333335,事前勇気<4
101,1,葛藤あり,行動あり,5.0,post,葛藤尺度（post）,1.5,事前勇気<4
102,1,葛藤あり,行動あり,4.5,post,葛藤尺度（post）,4.666666666666667,事前勇気>=4
103,1,葛藤あり,行動あり,5.5,post,葛藤尺度（post）,3.6666666666666665,事前勇気<4
104,1,葛藤あり,行動あり,4.0,post,葛藤尺度（post）,4.0,事前勇気>=4
105,1,葛藤あり,行動あり,4.75,post,葛藤尺度（post）,4.333333333333333,事前勇気>=4
106,1,葛藤あり,行動あり,5.5,post,葛藤尺度（post）,4.666666666666667,事前勇気>=4
107,1,葛藤あり,行動あり,5.5,post,葛藤尺度（post）,2.6666666666666665,事前勇気<4
108,1,葛藤あり,行動あり,7.0,post,葛藤尺度（post）,2.5,事前勇気<4
109,1,葛藤あり,行動あり,6.0,post,葛藤尺度（post）,3.1666666666666665,事前勇気<4
110,1,葛藤あり,行動あり,5.0,post,葛藤尺度（post）,4.166666666666667,事前勇気>=4
111,1,葛藤あり,行動あり,3.25,post,葛藤尺度（post）,3.8333333333333335,事前勇気<4
112,1,葛藤あり,行動あり,6.0,post,葛藤尺度（post）,3.6666666666666665,事前勇気<4
113,1,葛藤あり,行動あり,4.0,post,葛藤尺度（post）,5.166666666666667,事前勇気>=4
114,1,葛藤あり,行動あり,5.5,post,葛藤尺度（post）,3.3333333333333335,事前勇気<4
115,1,葛藤あり,行動あり,4.25,post,葛藤尺度（post）,3.6666666666666665,事前勇気<4
116,1,葛藤あり,行動あり,6.0,post,葛藤尺度（post）,2.5,事前勇気<4
117,1,葛藤あり,行動あり,5.0,post,葛藤尺度（post）,3.6666666666666665,事前勇気<4
118,1,葛藤あり,行動あり,5.0,post,葛藤尺度（post）,2.3333333333333335,事前勇気<4
119,1,葛藤あり,行動あり,5.5,post,葛藤尺度（post）,2.5,事前勇気<4
120,1,葛藤あり,行動あり,4.75,post,葛藤尺度（post）,4.5,事前勇気>=4
121,1,葛藤あり,行動あり,5.75,post,葛藤尺度（post）,6.833333333333333,事前勇気>=4
122,1,葛藤あり,行動あり,5.5,post,葛藤尺度（post）,3.1666666666666665,事前勇気<4
123,1,葛藤あり,行動あり,4.5,post,葛藤尺度（post）,3.3333333333333335,事前勇気<4
124,1,葛藤あり,行動あり,5.5,post,葛藤尺度（post）,3.1666666666666665,事前勇気<4
125,1,葛藤あり,行動あり,5.0,post,葛藤尺度（post）,4.333333333333333,事前勇気>=4
126,1,葛藤あり,行動あり,4.0,post,葛藤尺度（post）,3.6666666666666665,事前勇気<4
1,2,葛藤あり,行動なし,5.0,post,葛藤尺度（post）,2.8333333333333335,事前勇気<4
2,2,葛藤あり,行動なし,4.75,post,葛藤尺度（post）,4.666666666666667,事前勇気>=4
3,2,葛藤あり,行動なし,5.0,post,葛藤尺度（post）,4.333333333333333,事前勇気>=4
4,2,葛藤あり,行動なし,5.5,post,葛藤尺度（post）,3.6666666666666665,事前勇気<4
5,2,葛藤あり,行動なし,4.75,post,葛藤尺度（post）,2.3333333333333335,事前勇気<4
6,2,葛藤あり,行動なし,6.25,post,葛藤尺度（post）,4.666666666666667,事前勇気>=4
7,2,葛藤あり,行動なし,5.75,post,葛藤尺度（post）,4.333333333333333,事前勇気>=4
8,2,葛藤あり,行動なし,6.75,post,葛藤尺度（post）,3.3333333333333335,事前勇気<4
9,2,葛藤あり,行動なし,5.0,post,葛藤尺度（post）,4.0,事前勇気>=4
10,2,葛藤あり,行動なし,4.75,post,葛藤尺度（post）,2.0,事前勇気<4
11,2,葛藤あり,行動なし,6.0,post,葛藤尺度（post）,6.333333333333333,事前勇気>=4
12,2,葛藤あり,行動なし,3.25,post,葛藤尺度（post）,4.0,事前勇気>=4
13,2,葛藤あり,行動なし,6.0,post,葛藤尺度（post）,3.1666666666666665,事前勇気<4
14,2,葛藤あり,行動なし,5.5,post,葛藤尺度（post）,5.166666666666667,事前勇気>=4
15,2,葛藤あり,行動なし,2.0,post,葛藤尺度（post）,2.1666666666666665,事前勇気<4
16,2,葛藤あり,行動なし,6.75,post,葛藤尺度（post）,5.666666666666667,事前勇気>=4
17,2,葛藤あり,行動なし,5.0,post,葛藤尺度（post）,4.5,事前勇気>=4
18,2,葛藤あり,行動なし,3.5,post,葛藤尺度（post）,2.8333333333333335,事前勇気<4
19,2,葛藤あり,行動なし,5.5,post,葛藤尺度（post）,2.8333333333333335,事前勇気<4
20,2,葛藤あり,行動なし,6.25,post,葛藤尺度（post）,4.5,事前勇気>=4
21,2,葛藤あり,行動なし,3.75,post,葛藤尺度（post）,3.5,事前勇気<4
22,2,葛藤あり,行動なし,6.0,post,葛藤尺度（post）,4.5,事前勇気>=4
23,2,葛藤あり,行動なし,5.25,post,葛藤尺度（post）,5.833333333333333,事前勇気>=4
24,2,葛藤あり,行動なし,2.5,post,葛藤尺度（post）,3.5,事前勇気<4
25,2,葛藤あり,行動なし,6.75,post,葛藤尺度（post）,4.166666666666667,事前勇気>=4
26,2,葛藤あり,行動なし,3.5,post,葛藤尺度（post）,3.6666666666666665,事前勇気<4
27,2,葛藤あり,行動なし,6.5,post,葛藤尺度（post）,1.3333333333333333,事前勇気<4
28,2,葛藤あり,行動なし,6.5,post,葛藤尺度（post）,5.333333333333333,事前勇気>=4
29,2,葛藤あり,行動なし,4.75,post,葛藤尺度（post）,6.0,事前勇気>=4
30,2,葛藤あり,行動なし,6.0,post,葛藤尺度（post）,1.8333333333333333,事前勇気<4
31,2,葛藤あり,行動なし,3.0,post,葛藤尺度（post）,3.5,事前勇気<4
32,2,葛藤あり,行動なし,6.0,post,葛藤尺度（post）,3.5,事前勇気<4
33,2,葛藤あり,行動なし,5.25,post,葛藤尺度（post）,5.5,事前勇気>=4
34,2,葛藤あり,行動なし,6.75,post,葛藤尺度（post）,5.166666666666667,事前勇気>=4
35,2,葛藤あり,行動なし,6.0,post,葛藤尺度（post）,5.166666666666667,事前勇気>=4
36,2,葛藤あり,行動なし,1.75,post,葛藤尺度（post）,2.6666666666666665,事前勇気<4
37,2,葛藤あり,行動なし,6.5,post,葛藤尺度（post）,3.5,事前勇気<4
38,2,葛藤あり,行動なし,6.25,post,葛藤尺度（post）,3.8333333333333335,事前勇気<4
39,2,葛藤あり,行動なし,3.75,post,葛藤尺度（post）,1.5,事前勇気<4
40,2,葛藤あり,行動なし,6.0,post,葛藤尺度（post）,2.3333333333333335,事前勇気<4
41,2,葛藤あり,行動なし,6.0,post,葛藤尺度（post）,3.8333333333333335,事前勇気<4
42,2,葛藤あり,行動なし,5.25,post,葛藤尺度（post）,2.8333333333333335,事前勇気<4
43,2,葛藤あり,行動なし,5.5,post,葛藤尺度（post）,3.5,事前勇気<4
44,2,葛藤あり,行動なし,3.0,post,葛藤尺度（post）,2.3333333333333335,事前勇気<4
45,2,葛藤あり,行動なし,3.5,post,葛藤尺度（post）,3.5,事前勇気<4
46,2,葛藤あり,行動なし,3.0,post,葛藤尺度（post）,3.3333333333333335,事前勇気<4
47,2,葛藤あり,行動なし,3.0,post,葛藤尺度（post）,5.166666666666667,事前勇気>=4
48,2,葛藤あり,行動なし,5.5,post,葛藤尺度（post）,4.5,事前勇気>=4
49,2,葛藤あり,行動なし,4.5,post,葛藤尺度（post）,3.6666666666666665,事前勇気<4
50,2,葛藤あり,行動なし,5.25,post,葛藤尺度（post）,4.5,事前勇気>=4
51,2,葛藤あり,行動なし,5.75,post,葛藤尺度（post）,2.0,事前勇気<4
52,2,葛藤あり,行動なし,6.0,post,葛藤尺度（post）,4.166666666666667,事前勇気>=4
53,2,葛藤あり,行動なし,4.0,post,葛藤尺度（post）,4.0,事前勇気>=4
54,2,葛藤あり,行動なし,5.0,post,葛藤尺度（post）,3.3333333333333335,事前勇気<4
55,2,葛藤あり,行動なし,6.25,post,葛藤尺度（post）,5.333333333333333,事前勇気>=4
56,2,葛藤あり,行動なし,5.5,post,葛藤尺度（post）,2.5,事前勇気<4
57,2,葛藤あり,行動なし,5.0,post,葛藤尺度（post）,2.5,事前勇気<4
58,2,葛藤あり,行動なし,5.5,post,葛藤尺度（post）,2.0,事前勇気<4
59,2,葛藤あり,行動なし,7.0,post,葛藤尺度（post）,2.0,事前勇気<4
60,2,葛藤あり,行動なし,6.0,post,葛藤尺度（post）,5.333333333333333,事前勇気>=4
61,2,葛藤あり,行動なし,4.0,post,葛藤尺度（post）,4.666666666666667,事前勇気>=4
62,2,葛藤あり,行動なし,5.0,post,葛藤尺度（post）,4.333333333333333,事前勇気>=4
63,2,葛藤あり,行動なし,6.5,post,葛藤尺度（post）,4.333333333333333,事前勇気>=4
64,2,葛藤あり,行動なし,6.5,post,葛藤尺度（post）,5.833333333333333,事前勇気>=4
65,2,葛藤あり,行動なし,3.5,post,葛藤尺度（post）,2.5,事前勇気<4
66,2,葛藤あり,行動なし,4.0,post,葛藤尺度（post）,4.5,事前勇気>=4
67,2,葛藤あり,行動なし,5.0,post,葛藤尺度（post）,3.8333333333333335,事前勇気<4
68,2,葛藤あり,行動なし,6.75,post,葛藤尺度（post）,4.166666666666667,事前勇気>=4
69,2,葛藤あり,行動なし,6.5,post,葛藤尺度（post）,4.833333333333333,事前勇気>=4
70,2,葛藤あり,行動なし,5.0,post,葛藤尺度（post）,2.6666666666666665,事前勇気<4
71,2,葛藤あり,行動なし,6.75,post,葛藤尺度（post）,4.666666666666667,事前勇気>=4
72,2,葛藤あり,行動なし,4.75,post,葛藤尺度（post）,1.8333333333333333,事前勇気<4
73,2,葛藤あり,行動なし,2.75,post,葛藤尺度（post）,4.5,事前勇気>=4
74,2,葛藤あり,行動なし,5.25,post,葛藤尺度（post）,4.833333333333333,事前勇気>=4
75,2,葛藤あり,行動なし,4.25,post,葛藤尺度（post）,1.8333333333333333,事前勇気<4
76,2,葛藤あり,行動なし,4.75,post,葛藤尺度（post）,4.833333333333333,事前勇気>=4
77,2,葛藤あり,行動なし,4.75,post,葛藤尺度（post）,2.0,事前勇気<4
78,2,葛藤あり,行動なし,5.25,post,葛藤尺度（post）,4.166666666666667,事前勇気>=4
79,2,葛藤あり,行動なし,5.75,post,葛藤尺度（post）,4.5,事前勇気>=4
80,2,葛藤あり,行動なし,6.0,post,葛藤尺度（post）,4.166666666666667,事前勇気>=4
81,2,葛藤あり,行動なし,5.5,post,葛藤尺度（post）,4.333333333333333,事前勇気>=4
82,2,葛藤あり,行動なし,5.0,post,葛藤尺度（post）,3.5,事前勇気<4
83,2,葛藤あり,行動なし,6.5,post,葛藤尺度（post）,2.0,事前勇気<4
84,2,葛藤あり,行動なし,2.75,post,葛藤尺度（post）,1.8333333333333333,事前勇気<4
85,2,葛藤あり,行動なし,6.25,post,葛藤尺度（post）,2.5,事前勇気<4
86,2,葛藤あり,行動なし,4.0,post,葛藤尺度（post）,4.0,事前勇気>=4
87,2,葛藤あり,行動なし,3.75,post,葛藤尺度（post）,3.0,事前勇気<4
88,2,葛藤あり,行動なし,7.0,post,葛藤尺度（post）,3.6666666666666665,事前勇気<4
89,2,葛藤あり,行動なし,5.75,post,葛藤尺度（post）,7.0,事前勇気>=4
90,2,葛藤あり,行動なし,6.0,post,葛藤尺度（post）,5.833333333333333,事前勇気>=4
91,2,葛藤あり,行動なし,3.5,post,葛藤尺度（post）,4.833333333333333,事前勇気>=4
92,2,葛藤あり,行動なし,6.0,post,葛藤尺度（post）,5.0,事前勇気>=4
93,2,葛藤あり,行動なし,4.75,post,葛藤尺度（post）,4.0,事前勇気>=4
94,2,葛藤あり,行動なし,5.5,post,葛藤尺度（post）,2.3333333333333335,事前勇気<4
95,2,葛藤あり,行動なし,5.0,post,葛藤尺度（post）,3.5,事前勇気<4
96,2,葛藤あり,行動なし,6.0,post,葛藤尺度（post）,4.5,事前勇気>=4
97,2,葛藤あり,行動なし,6.0,post,葛藤尺度（post）,3.5,事前勇気<4
98,2,葛藤あり,行動なし,5.0,post,葛藤尺度（post）,3.3333333333333335,事前勇気<4
99,2,葛藤あり,行動なし,6.25,post,葛藤尺度（post）,3.5,事前勇気<4
100,2,葛藤あり,行動なし,6.0,post,葛藤尺度（post）,2.3333333333333335,事前勇気<4
101,2,葛藤あり,行動なし,4.5,post,葛藤尺度（post）,1.5,事前勇気<4
102,2,葛藤あり,行動なし,4.75,post,葛藤尺度（post）,4.666666666666667,事前勇気>=4
103,2,葛藤あり,行動なし,5.75,post,葛藤尺度（post）,3.6666666666666665,事前勇気<4
104,2,葛藤あり,行動なし,4.0,post,葛藤尺度（post）,4.0,事前勇気>=4
105,2,葛藤あり,行動なし,4.5,post,葛藤尺度（post）,4.333333333333333,事前勇気>=4
106,2,葛藤あり,行動なし,5.5,post,葛藤尺度（post）,4.666666666666667,事前勇気>=4
107,2,葛藤あり,行動なし,6.25,post,葛藤尺度（post）,2.6666666666666665,事前勇気<4
108,2,葛藤あり,行動なし,7.0,post,葛藤尺度（post）,2.5,事前勇気<4
109,2,葛藤あり,行動なし,7.0,post,葛藤尺度（post）,3.1666666666666665,事前勇気<4
110,2,葛藤あり,行動なし,6.0,post,葛藤尺度（post）,4.166666666666667,事前勇気>=4
111,2,葛藤あり,行動なし,4.25,post,葛藤尺度（post）,3.8333333333333335,事前勇気<4
112,2,葛藤あり,行動なし,6.25,post,葛藤尺度（post）,3.6666666666666665,事前勇気<4
113,2,葛藤あり,行動なし,6.25,post,葛藤尺度（post）,5.166666666666667,事前勇気>=4
114,2,葛藤あり,行動なし,6.0,post,葛藤尺度（post）,3.3333333333333335,事前勇気<4
115,2,葛藤あり,行動なし,4.25,post,葛藤尺度（post）,3.6666666666666665,事前勇気<4
116,2,葛藤あり,行動なし,6.0,post,葛藤尺度（post）,2.5,事前勇気<4
117,2,葛藤あり,行動なし,6.0,post,葛藤尺度（post）,3.6666666666666665,事前勇気<4
118,2,葛藤あり,行動なし,5.0,post,葛藤尺度（post）,2.3333333333333335,事前勇気<4
119,2,葛藤あり,行動なし,5.75,post,葛藤尺度（post）,2.5,事前勇気<4
120,2,葛藤あり,行動なし,5.0,post,葛藤尺度（post）,4.5,事前勇気>=4
121,2,葛藤あり,行動なし,6.5,post,葛藤尺度（post）,6.833333333333333,事前勇気>=4
122,2,葛藤あり,行動なし,6.25,post,葛藤尺度（post）,3.1666666666666665,事前勇気<4
123,2,葛藤あり,行動なし,4.75,post,葛藤尺度（post）,3.3333333333333335,事前勇気<4
124,2,葛藤あり,行動なし,4.25,post,葛藤尺度（post）,3.1666666666666665,事前勇気<4
125,2,葛藤あり,行動なし,4.0,post,葛藤尺度（post）,4.333333333333333,事前勇気>=4
126,2,葛藤あり,行動なし,5.0,post,葛藤尺度（post）,3.6666666666666665,事前勇気<4
1,3,葛藤なし,行動あり,4.5,post,葛藤尺度（post）,2.8333333333333335,事前勇気<4
2,3,葛藤なし,行動あり,4.5,post,葛藤尺度（post）,4.666666666666667,事前勇気>=4
3,3,葛藤なし,行動あり,5.0,post,葛藤尺度（post）,4.333333333333333,事前勇気>=4
4,3,葛藤なし,行動あり,6.0,post,葛藤尺度（post）,3.6666666666666665,事前勇気<4
5,3,葛藤なし,行動あり,4.25,post,葛藤尺度（post）,2.3333333333333335,事前勇気<4
6,3,葛藤なし,行動あり,4.25,post,葛藤尺度（post）,4.666666666666667,事前勇気>=4
7,3,葛藤なし,行動あり,2.75,post,葛藤尺度（post）,4.333333333333333,事前勇気>=4
8,3,葛藤なし,行動あり,1.75,post,葛藤尺度（post）,3.3333333333333335,事前勇気<4
9,3,葛藤なし,行動あり,5.25,post,葛藤尺度（post）,4.0,事前勇気>=4
10,3,葛藤なし,行動あり,4.25,post,葛藤尺度（post）,2.0,事前勇気<4
11,3,葛藤なし,行動あり,1.5,post,葛藤尺度（post）,6.333333333333333,事前勇気>=4
12,3,葛藤なし,行動あり,2.75,post,葛藤尺度（post）,4.0,事前勇気>=4
13,3,葛藤なし,行動あり,3.5,post,葛藤尺度（post）,3.1666666666666665,事前勇気<4
14,3,葛藤なし,行動あり,2.25,post,葛藤尺度（post）,5.166666666666667,事前勇気>=4
15,3,葛藤なし,行動あり,2.5,post,葛藤尺度（post）,2.1666666666666665,事前勇気<4
16,3,葛藤なし,行動あり,6.5,post,葛藤尺度（post）,5.666666666666667,事前勇気>=4
17,3,葛藤なし,行動あり,2.25,post,葛藤尺度（post）,4.5,事前勇気>=4
18,3,葛藤なし,行動あり,3.75,post,葛藤尺度（post）,2.8333333333333335,事前勇気<4
19,3,葛藤なし,行動あり,5.25,post,葛藤尺度（post）,2.8333333333333335,事前勇気<4
20,3,葛藤なし,行動あり,5.5,post,葛藤尺度（post）,4.5,事前勇気>=4
21,3,葛藤なし,行動あり,3.5,post,葛藤尺度（post）,3.5,事前勇気<4
22,3,葛藤なし,行動あり,5.0,post,葛藤尺度（post）,4.5,事前勇気>=4
23,3,葛藤なし,行動あり,5.25,post,葛藤尺度（post）,5.833333333333333,事前勇気>=4
24,3,葛藤なし,行動あり,3.5,post,葛藤尺度（post）,3.5,事前勇気<4
25,3,葛藤なし,行動あり,3.5,post,葛藤尺度（post）,4.166666666666667,事前勇気>=4
26,3,葛藤なし,行動あり,4.25,post,葛藤尺度（post）,3.6666666666666665,事前勇気<4
27,3,葛藤なし,行動あり,3.0,post,葛藤尺度（post）,1.3333333333333333,事前勇気<4
28,3,葛藤なし,行動あり,3.5,post,葛藤尺度（post）,5.333333333333333,事前勇気>=4
29,3,葛藤なし,行動あり,1.75,post,葛藤尺度（post）,6.0,事前勇気>=4
30,3,葛藤なし,行動あり,6.0,post,葛藤尺度（post）,1.8333333333333333,事前勇気<4
31,3,葛藤なし,行動あり,2.75,post,葛藤尺度（post）,3.5,事前勇気<4
32,3,葛藤なし,行動あり,5.5,post,葛藤尺度（post）,3.5,事前勇気<4
33,3,葛藤なし,行動あり,5.5,post,葛藤尺度（post）,5.5,事前勇気>=4
34,3,葛藤なし,行動あり,7.0,post,葛藤尺度（post）,5.166666666666667,事前勇気>=4
35,3,葛藤なし,行動あり,5.5,post,葛藤尺度（post）,5.166666666666667,事前勇気>=4
36,3,葛藤なし,行動あり,5.0,post,葛藤尺度（post）,2.6666666666666665,事前勇気<4
37,3,葛藤なし,行動あり,2.75,post,葛藤尺度（post）,3.5,事前勇気<4
38,3,葛藤なし,行動あり,5.25,post,葛藤尺度（post）,3.8333333333333335,事前勇気<4
39,3,葛藤なし,行動あり,2.25,post,葛藤尺度（post）,1.5,事前勇気<4
40,3,葛藤なし,行動あり,6.0,post,葛藤尺度（post）,2.3333333333333335,事前勇気<4
41,3,葛藤なし,行動あり,3.0,post,葛藤尺度（post）,3.8333333333333335,事前勇気<4
42,3,葛藤なし,行動あり,4.25,post,葛藤尺度（post）,2.8333333333333335,事前勇気<4
43,3,葛藤なし,行動あり,5.25,post,葛藤尺度（post）,3.5,事前勇気<4
44,3,葛藤なし,行動あり,1.25,post,葛藤尺度（post）,2.3333333333333335,事前勇気<4
45,3,葛藤なし,行動あり,4.0,post,葛藤尺度（post）,3.5,事前勇気<4
46,3,葛藤なし,行動あり,3.0,post,葛藤尺度（post）,3.3333333333333335,事前勇気<4
47,3,葛藤なし,行動あり,1.5,post,葛藤尺度（post）,5.166666666666667,事前勇気>=4
48,3,葛藤なし,行動あり,4.75,post,葛藤尺度（post）,4.5,事前勇気>=4
49,3,葛藤なし,行動あり,3.75,post,葛藤尺度（post）,3.6666666666666665,事前勇気<4
50,3,葛藤なし,行動あり,5.25,post,葛藤尺度（post）,4.5,事前勇気>=4
51,3,葛藤なし,行動あり,6.0,post,葛藤尺度（post）,2.0,事前勇気<4
52,3,葛藤なし,行動あり,2.0,post,葛藤尺度（post）,4.166666666666667,事前勇気>=4
53,3,葛藤なし,行動あり,4.0,post,葛藤尺度（post）,4.0,事前勇気>=4
54,3,葛藤なし,行動あり,5.0,post,葛藤尺度（post）,3.3333333333333335,事前勇気<4
55,3,葛藤なし,行動あり,5.5,post,葛藤尺度（post）,5.333333333333333,事前勇気>=4
56,3,葛藤なし,行動あり,3.25,post,葛藤尺度（post）,2.5,事前勇気<4
57,3,葛藤なし,行動あり,3.75,post,葛藤尺度（post）,2.5,事前勇気<4
58,3,葛藤なし,行動あり,4.75,post,葛藤尺度（post）,2.0,事前勇気<4
59,3,葛藤なし,行動あり,5.0,post,葛藤尺度（post）,2.0,事前勇気<4
60,3,葛藤なし,行動あり,4.5,post,葛藤尺度（post）,5.333333333333333,事前勇気>=4
61,3,葛藤なし,行動あり,4.5,post,葛藤尺度（post）,4.666666666666667,事前勇気>=4
62,3,葛藤なし,行動あり,5.0,post,葛藤尺度（post）,4.333333333333333,事前勇気>=4
63,3,葛藤なし,行動あり,2.25,post,葛藤尺度（post）,4.333333333333333,事前勇気>=4
64,3,葛藤なし,行動あり,2.0,post,葛藤尺度（post）,5.833333333333333,事前勇気>=4
65,3,葛藤なし,行動あり,2.25,post,葛藤尺度（post）,2.5,事前勇気<4
66,3,葛藤なし,行動あり,4.0,post,葛藤尺度（post）,4.5,事前勇気>=4
67,3,葛藤なし,行動あり,4.75,post,葛藤尺度（post）,3.8333333333333335,事前勇気<4
68,3,葛藤なし,行動あり,3.5,post,葛藤尺度（post）,4.166666666666667,事前勇気>=4
69,3,葛藤なし,行動あり,1.5,post,葛藤尺度（post）,4.833333333333333,事前勇気>=4
70,3,葛藤なし,行動あり,5.0,post,葛藤尺度（post）,2.6666666666666665,事前勇気<4
71,3,葛藤なし,行動あり,1.75,post,葛藤尺度（post）,4.666666666666667,事前勇気>=4
72,3,葛藤なし,行動あり,4.5,post,葛藤尺度（post）,1.8333333333333333,事前勇気<4
73,3,葛藤なし,行動あり,3.25,post,葛藤尺度（post）,4.5,事前勇気>=4
74,3,葛藤なし,行動あり,2.75,post,葛藤尺度（post）,4.833333333333333,事前勇気>=4
75,3,葛藤なし,行動あり,4.25,post,葛藤尺度（post）,1.8333333333333333,事前勇気<4
76,3,葛藤なし,行動あり,4.75,post,葛藤尺度（post）,4.833333333333333,事前勇気>=4
77,3,葛藤なし,行動あり,5.25,post,葛藤尺度（post）,2.0,事前勇気<4
78,3,葛藤なし,行動あり,5.0,post,葛藤尺度（post）,4.166666666666667,事前勇気>=4
79,3,葛藤なし,行動あり,5.5,post,葛藤尺度（post）,4.5,事前勇気>=4
80,3,葛藤なし,行動あり,5.0,post,葛藤尺度（post）,4.166666666666667,事前勇気>=4
81,3,葛藤なし,行動あり,4.75,post,葛藤尺度（post）,4.333333333333333,事前勇気>=4
82,3,葛藤なし,行動あり,5.0,post,葛藤尺度（post）,3.5,事前勇気<4
83,3,葛藤なし,行動あり,4.5,post,葛藤尺度（post）,2.0,事前勇気<4
84,3,葛藤なし,行動あり,2.0,post,葛藤尺度（post）,1.8333333333333333,事前勇気<4
85,3,葛藤なし,行動あり,6.5,post,葛藤尺度（post）,2.5,事前勇気<4
86,3,葛藤なし,行動あり,4.0,post,葛藤尺度（post）,4.0,事前勇気>=4
87,3,葛藤なし,行動あり,3.75,post,葛藤尺度（post）,3.0,事前勇気<4
88,3,葛藤なし,行動あり,1.0,post,葛藤尺度（post）,3.6666666666666665,事前勇気<4
89,3,葛藤なし,行動あり,5.5,post,葛藤尺度（post）,7.0,事前勇気>=4
90,3,葛藤なし,行動あり,3.0,post,葛藤尺度（post）,5.833333333333333,事前勇気>=4
91,3,葛藤なし,行動あり,4.25,post,葛藤尺度（post）,4.833333333333333,事前勇気>=4
92,3,葛藤なし,行動あり,1.0,post,葛藤尺度（post）,5.0,事前勇気>=4
93,3,葛藤なし,行動あり,4.5,post,葛藤尺度（post）,4.0,事前勇気>=4
94,3,葛藤なし,行動あり,2.0,post,葛藤尺度（post）,2.3333333333333335,事前勇気<4
95,3,葛藤なし,行動あり,6.25,post,葛藤尺度（post）,3.5,事前勇気<4
96,3,葛藤なし,行動あり,6.0,post,葛藤尺度（post）,4.5,事前勇気>=4
97,3,葛藤なし,行動あり,3.75,post,葛藤尺度（post）,3.5,事前勇気<4
98,3,葛藤なし,行動あり,3.25,post,葛藤尺度（post）,3.3333333333333335,事前勇気<4
99,3,葛藤なし,行動あり,3.75,post,葛藤尺度（post）,3.5,事前勇気<4
100,3,葛藤なし,行動あり,1.75,post,葛藤尺度（post）,2.3333333333333335,事前勇気<4
101,3,葛藤なし,行動あり,4.75,post,葛藤尺度（post）,1.5,事前勇気<4
102,3,葛藤なし,行動あり,3.75,post,葛藤尺度（post）,4.666666666666667,事前勇気>=4
103,3,葛藤なし,行動あり,5.75,post,葛藤尺度（post）,3.6666666666666665,事前勇気<4
104,3,葛藤なし,行動あり,4.0,post,葛藤尺度（post）,4.0,事前勇気>=4
105,3,葛藤なし,行動あり,4.25,post,葛藤尺度（post）,4.333333333333333,事前勇気>=4
106,3,葛藤なし,行動あり,4.25,post,葛藤尺度（post）,4.666666666666667,事前勇気>=4
107,3,葛藤なし,行動あり,5.25,post,葛藤尺度（post）,2.6666666666666665,事前勇気<4
108,3,葛藤なし,行動あり,1.0,post,葛藤尺度（post）,2.5,事前勇気<4
109,3,葛藤なし,行動あり,5.75,post,葛藤尺度（post）,3.1666666666666665,事前勇気<4
110,3,葛藤なし,行動あり,4.5,post,葛藤尺度（post）,4.166666666666667,事前勇気>=4
111,3,葛藤なし,行動あり,3.75,post,葛藤尺度（post）,3.8333333333333335,事前勇気<4
112,3,葛藤なし,行動あり,6.25,post,葛藤尺度（post）,3.6666666666666665,事前勇気<4
113,3,葛藤なし,行動あり,2.0,post,葛藤尺度（post）,5.166666666666667,事前勇気>=4
114,3,葛藤なし,行動あり,1.0,post,葛藤尺度（post）,3.3333333333333335,事前勇気<4
115,3,葛藤なし,行動あり,4.5,post,葛藤尺度（post）,3.6666666666666665,事前勇気<4
116,3,葛藤なし,行動あり,6.0,post,葛藤尺度（post）,2.5,事前勇気<4
117,3,葛藤なし,行動あり,2.25,post,葛藤尺度（post）,3.6666666666666665,事前勇気<4
118,3,葛藤なし,行動あり,4.25,post,葛藤尺度（post）,2.3333333333333335,事前勇気<4
119,3,葛藤なし,行動あり,5.75,post,葛藤尺度（post）,2.5,事前勇気<4
120,3,葛藤なし,行動あり,5.5,post,葛藤尺度（post）,4.5,事前勇気>=4
121,3,葛藤なし,行動あり,6.75,post,葛藤尺度（post）,6.833333333333333,事前勇気>=4
122,3,葛藤なし,行動あり,5.75,post,葛藤尺度（post）,3.1666666666666665,事前勇気<4
123,3,葛藤なし,行動あり,5.0,post,葛藤尺度（post）,3.3333333333333335,事前勇気<4
124,3,葛藤なし,行動あり,3.25,post,葛藤尺度（post）,3.1666666666666665,事前勇気<4
125,3,葛藤なし,行動あり,4.75,post,葛藤尺度（post）,4.333333333333333,事前勇気>=4
126,3,葛藤なし,行動あり,4.25,post,葛藤尺度（post）,3.6666666666666665,事前勇気<4
1,4,葛藤なし,行動なし,3.0,post,葛藤尺度（post）,2.8333333333333335,事前勇気<4
2,4,葛藤なし,行動なし,4.5,post,葛藤尺度（post）,4.666666666666667,事前勇気>=4
3,4,葛藤なし,行動なし,5.25,post,葛藤尺度（post）,4.333333333333333,事前勇気>=4
4,4,葛藤なし,行動なし,5.75,post,葛藤尺度（post）,3.6666666666666665,事前勇気<4
5,4,葛藤なし,行動なし,3.75,post,葛藤尺度（post）,2.3333333333333335,事前勇気<4
6,4,葛藤なし,行動なし,6.25,post,葛藤尺度（post）,4.666666666666667,事前勇気>=4
7,4,葛藤なし,行動なし,2.75,post,葛藤尺度（post）,4.333333333333333,事前勇気>=4
8,4,葛藤なし,行動なし,3.75,post,葛藤尺度（post）,3.3333333333333335,事前勇気<4
9,4,葛藤なし,行動なし,5.0,post,葛藤尺度（post）,4.0,事前勇気>=4
10,4,葛藤なし,行動なし,4.75,post,葛藤尺度（post）,2.0,事前勇気<4
11,4,葛藤なし,行動なし,6.0,post,葛藤尺度（post）,6.333333333333333,事前勇気>=4
12,4,葛藤なし,行動なし,4.75,post,葛藤尺度（post）,4.0,事前勇気>=4
13,4,葛藤なし,行動なし,4.0,post,葛藤尺度（post）,3.1666666666666665,事前勇気<4
14,4,葛藤なし,行動なし,5.5,post,葛藤尺度（post）,5.166666666666667,事前勇気>=4
15,4,葛藤なし,行動なし,2.75,post,葛藤尺度（post）,2.1666666666666665,事前勇気<4
16,4,葛藤なし,行動なし,6.5,post,葛藤尺度（post）,5.666666666666667,事前勇気>=4
17,4,葛藤なし,行動なし,2.0,post,葛藤尺度（post）,4.5,事前勇気>=4
18,4,葛藤なし,行動なし,3.75,post,葛藤尺度（post）,2.8333333333333335,事前勇気<4
19,4,葛藤なし,行動なし,6.0,post,葛藤尺度（post）,2.8333333333333335,事前勇気<4
20,4,葛藤なし,行動なし,2.5,post,葛藤尺度（post）,4.5,事前勇気>=4
21,4,葛藤なし,行動なし,4.0,post,葛藤尺度（post）,3.5,事前勇気<4
22,4,葛藤なし,行動なし,5.0,post,葛藤尺度（post）,4.5,事前勇気>=4
23,4,葛藤なし,行動なし,4.25,post,葛藤尺度（post）,5.833333333333333,事前勇気>=4
24,4,葛藤なし,行動なし,3.25,post,葛藤尺度（post）,3.5,事前勇気<4
25,4,葛藤なし,行動なし,5.5,post,葛藤尺度（post）,4.166666666666667,事前勇気>=4
26,4,葛藤なし,行動なし,5.25,post,葛藤尺度（post）,3.6666666666666665,事前勇気<4
27,4,葛藤なし,行動なし,3.25,post,葛藤尺度（post）,1.3333333333333333,事前勇気<4
28,4,葛藤なし,行動なし,2.5,post,葛藤尺度（post）,5.333333333333333,事前勇気>=4
29,4,葛藤なし,行動なし,1.25,post,葛藤尺度（post）,6.0,事前勇気>=4
30,4,葛藤なし,行動なし,6.0,post,葛藤尺度（post）,1.8333333333333333,事前勇気<4
31,4,葛藤なし,行動なし,3.5,post,葛藤尺度（post）,3.5,事前勇気<4
32,4,葛藤なし,行動なし,6.75,post,葛藤尺度（post）,3.5,事前勇気<4
33,4,葛藤なし,行動なし,1.0,post,葛藤尺度（post）,5.5,事前勇気>=4
34,4,葛藤なし,行動なし,6.5,post,葛藤尺度（post）,5.166666666666667,事前勇気>=4
35,4,葛藤なし,行動なし,5.5,post,葛藤尺度（post）,5.166666666666667,事前勇気>=4
36,4,葛藤なし,行動なし,2.0,post,葛藤尺度（post）,2.6666666666666665,事前勇気<4
37,4,葛藤なし,行動なし,2.75,post,葛藤尺度（post）,3.5,事前勇気<4
38,4,葛藤なし,行動なし,6.25,post,葛藤尺度（post）,3.8333333333333335,事前勇気<4
39,4,葛藤なし,行動なし,2.0,post,葛藤尺度（post）,1.5,事前勇気<4
40,4,葛藤なし,行動なし,5.75,post,葛藤尺度（post）,2.3333333333333335,事前勇気<4
41,4,葛藤なし,行動なし,5.75,post,葛藤尺度（post）,3.8333333333333335,事前勇気<4
42,4,葛藤なし,行動なし,5.0,post,葛藤尺度（post）,2.8333333333333335,事前勇気<4
43,4,葛藤なし,行動なし,5.5,post,葛藤尺度（post）,3.5,事前勇気<4
44,4,葛藤なし,行動なし,1.0,post,葛藤尺度（post）,2.3333333333333335,事前勇気<4
45,4,葛藤なし,行動なし,4.25,post,葛藤尺度（post）,3.5,事前勇気<4
46,4,葛藤なし,行動なし,3.0,post,葛藤尺度（post）,3.3333333333333335,事前勇気<4
47,4,葛藤なし,行動なし,3.5,post,葛藤尺度（post）,5.166666666666667,事前勇気>=4
48,4,葛藤なし,行動なし,6.0,post,葛藤尺度（post）,4.5,事前勇気>=4
49,4,葛藤なし,行動なし,5.0,post,葛藤尺度（post）,3.6666666666666665,事前勇気<4
50,4,葛藤なし,行動なし,5.25,post,葛藤尺度（post）,4.5,事前勇気>=4
51,4,葛藤なし,行動なし,6.25,post,葛藤尺度（post）,2.0,事前勇気<4
52,4,葛藤なし,行動なし,3.5,post,葛藤尺度（post）,4.166666666666667,事前勇気>=4
53,4,葛藤なし,行動なし,4.0,post,葛藤尺度（post）,4.0,事前勇気>=4
54,4,葛藤なし,行動なし,5.0,post,葛藤尺度（post）,3.3333333333333335,事前勇気<4
55,4,葛藤なし,行動なし,3.75,post,葛藤尺度（post）,5.333333333333333,事前勇気>=4
56,4,葛藤なし,行動なし,5.5,post,葛藤尺度（post）,2.5,事前勇気<4
57,4,葛藤なし,行動なし,4.0,post,葛藤尺度（post）,2.5,事前勇気<4
58,4,葛藤なし,行動なし,4.75,post,葛藤尺度（post）,2.0,事前勇気<4
59,4,葛藤なし,行動なし,1.75,post,葛藤尺度（post）,2.0,事前勇気<4
60,4,葛藤なし,行動なし,5.0,post,葛藤尺度（post）,5.333333333333333,事前勇気>=4
61,4,葛藤なし,行動なし,4.0,post,葛藤尺度（post）,4.666666666666667,事前勇気>=4
62,4,葛藤なし,行動なし,5.0,post,葛藤尺度（post）,4.333333333333333,事前勇気>=4
63,4,葛藤なし,行動なし,5.0,post,葛藤尺度（post）,4.333333333333333,事前勇気>=4
64,4,葛藤なし,行動なし,2.75,post,葛藤尺度（post）,5.833333333333333,事前勇気>=4
65,4,葛藤なし,行動なし,2.5,post,葛藤尺度（post）,2.5,事前勇気<4
66,4,葛藤なし,行動なし,3.75,post,葛藤尺度（post）,4.5,事前勇気>=4
67,4,葛藤なし,行動なし,6.0,post,葛藤尺度（post）,3.8333333333333335,事前勇気<4
68,4,葛藤なし,行動なし,4.5,post,葛藤尺度（post）,4.166666666666667,事前勇気>=4
69,4,葛藤なし,行動なし,5.75,post,葛藤尺度（post）,4.833333333333333,事前勇気>=4
70,4,葛藤なし,行動なし,5.0,post,葛藤尺度（post）,2.6666666666666665,事前勇気<4
71,4,葛藤なし,行動なし,2.0,post,葛藤尺度（post）,4.666666666666667,事前勇気>=4
72,4,葛藤なし,行動なし,3.75,post,葛藤尺度（post）,1.8333333333333333,事前勇気<4
73,4,葛藤なし,行動なし,3.25,post,葛藤尺度（post）,4.5,事前勇気>=4
74,4,葛藤なし,行動なし,6.0,post,葛藤尺度（post）,4.833333333333333,事前勇気>=4
75,4,葛藤なし,行動なし,3.25,post,葛藤尺度（post）,1.8333333333333333,事前勇気<4
76,4,葛藤なし,行動なし,4.5,post,葛藤尺度（post）,4.833333333333333,事前勇気>=4
77,4,葛藤なし,行動なし,2.0,post,葛藤尺度（post）,2.0,事前勇気<4
78,4,葛藤なし,行動なし,5.0,post,葛藤尺度（post）,4.166666666666667,事前勇気>=4
79,4,葛藤なし,行動なし,5.75,post,葛藤尺度（post）,4.5,事前勇気>=4
80,4,葛藤なし,行動なし,3.5,post,葛藤尺度（post）,4.166666666666667,事前勇気>=4
81,4,葛藤なし,行動なし,4.75,post,葛藤尺度（post）,4.333333333333333,事前勇気>=4
82,4,葛藤なし,行動なし,5.0,post,葛藤尺度（post）,3.5,事前勇気<4
83,4,葛藤なし,行動なし,4.5,post,葛藤尺度（post）,2.0,事前勇気<4
84,4,葛藤なし,行動なし,2.5,post,葛藤尺度（post）,1.8333333333333333,事前勇気<4
85,4,葛藤なし,行動なし,6.5,post,葛藤尺度（post）,2.5,事前勇気<4
86,4,葛藤なし,行動なし,4.0,post,葛藤尺度（post）,4.0,事前勇気>=4
87,4,葛藤なし,行動なし,1.5,post,葛藤尺度（post）,3.0,事前勇気<4
88,4,葛藤なし,行動なし,1.0,post,葛藤尺度（post）,3.6666666666666665,事前勇気<4
89,4,葛藤なし,行動なし,7.0,post,葛藤尺度（post）,7.0,事前勇気>=4
90,4,葛藤なし,行動なし,3.0,post,葛藤尺度（post）,5.833333333333333,事前勇気>=4
91,4,葛藤なし,行動なし,4.0,post,葛藤尺度（post）,4.833333333333333,事前勇気>=4
92,4,葛藤なし,行動なし,1.75,post,葛藤尺度（post）,5.0,事前勇気>=4
93,4,葛藤なし,行動なし,5.25,post,葛藤尺度（post）,4.0,事前勇気>=4
94,4,葛藤なし,行動なし,5.5,post,葛藤尺度（post）,2.3333333333333335,事前勇気<4
95,4,葛藤なし,行動なし,6.25,post,葛藤尺度（post）,3.5,事前勇気<4
96,4,葛藤なし,行動なし,6.0,post,葛藤尺度（post）,4.5,事前勇気>=4
97,4,葛藤なし,行動なし,5.75,post,葛藤尺度（post）,3.5,事前勇気<4
98,4,葛藤なし,行動なし,5.25,post,葛藤尺度（post）,3.3333333333333335,事前勇気<4
99,4,葛藤なし,行動なし,5.25,post,葛藤尺度（post）,3.5,事前勇気<4
100,4,葛藤なし,行動なし,2.5,post,葛藤尺度（post）,2.3333333333333335,事前勇気<4
101,4,葛藤なし,行動なし,4.0,post,葛藤尺度（post）,1.5,事前勇気<4
102,4,葛藤なし,行動なし,3.5,post,葛藤尺度（post）,4.666666666666667,事前勇気>=4
103,4,葛藤なし,行動なし,4.25,post,葛藤尺度（post）,3.6666666666666665,事前勇気<4
104,4,葛藤なし,行動なし,4.0,post,葛藤尺度（post）,4.0,事前勇気>=4
105,4,葛藤なし,行動なし,4.0,post,葛藤尺度（post）,4.333333333333333,事前勇気>=4
106,4,葛藤なし,行動なし,5.5,post,葛藤尺度（post）,4.666666666666667,事前勇気>=4
107,4,葛藤なし,行動なし,5.0,post,葛藤尺度（post）,2.6666666666666665,事前勇気<4
108,4,葛藤なし,行動なし,1.0,post,葛藤尺度（post）,2.5,事前勇気<4
109,4,葛藤なし,行動なし,3.0,post,葛藤尺度（post）,3.1666666666666665,事前勇気<4
110,4,葛藤なし,行動なし,5.5,post,葛藤尺度（post）,4.166666666666667,事前勇気>=4
111,4,葛藤なし,行動なし,4.0,post,葛藤尺度（post）,3.8333333333333335,事前勇気<4
112,4,葛藤なし,行動なし,5.5,post,葛藤尺度（post）,3.6666666666666665,事前勇気<4
113,4,葛藤なし,行動なし,6.25,post,葛藤尺度（post）,5.166666666666667,事前勇気>=4
114,4,葛藤なし,行動なし,2.75,post,葛藤尺度（post）,3.3333333333333335,事前勇気<4
115,4,葛藤なし,行動なし,5.25,post,葛藤尺度（post）,3.6666666666666665,事前勇気<4
116,4,葛藤なし,行動なし,6.5,post,葛藤尺度（post）,2.5,事前勇気<4
117,4,葛藤なし,行動なし,2.5,post,葛藤尺度（post）,3.6666666666666665,事前勇気<4
118,4,葛藤なし,行動なし,5.0,post,葛藤尺度（post）,2.3333333333333335,事前勇気<4
119,4,葛藤なし,行動なし,6.25,post,葛藤尺度（post）,2.5,事前勇気<4
120,4,葛藤なし,行動なし,5.0,post,葛藤尺度（post）,4.5,事前勇気>=4
121,4,葛藤なし,行動なし,4.75,post,葛藤尺度（post）,6.833333333333333,事前勇気>=4
122,4,葛藤なし,行動なし,6.25,post,葛藤尺度（post）,3.1666666666666665,事前勇気<4
123,4,葛藤なし,行動なし,4.5,post,葛藤尺度（post）,3.3333333333333335,事前勇気<4
124,4,葛藤なし,行動なし,6.0,post,葛藤尺度（post）,3.1666666666666665,事前勇気<4
125,4,葛藤なし,行動なし,5.0,post,葛藤尺度（post）,4.333333333333333,事前勇気>=4
126,4,葛藤なし,行動なし,4.25,post,葛藤尺度（post）,3.6666666666666665,事前勇気<4
1,1,葛藤あり,行動あり,3.0,post,主観勇気評定（項目1+3平均）,2.8333333333333335,事前勇気<4
2,1,葛藤あり,行動あり,4.0,post,主観勇気評定（項目1+3平均）,4.666666666666667,事前勇気>=4
3,1,葛藤あり,行動あり,4.0,post,主観勇気評定（項目1+3平均）,4.333333333333333,事前勇気>=4
4,1,葛藤あり,行動あり,5.0,post,主観勇気評定（項目1+3平均）,3.6666666666666665,事前勇気<4
5,1,葛藤あり,行動あり,5.0,post,主観勇気評定（項目1+3平均）,2.3333333333333335,事前勇気<4
6,1,葛藤あり,行動あり,5.0,post,主観勇気評定（項目1+3平均）,4.666666666666667,事前勇気>=4
7,1,葛藤あり,行動あり,4.5,post,主観勇気評定（項目1+3平均）,4.333333333333333,事前勇気>=4
8,1,葛藤あり,行動あり,3.0,post,主観勇気評定（項目1+3平均）,3.3333333333333335,事前勇気<4
9,1,葛藤あり,行動あり,5.0,post,主観勇気評定（項目1+3平均）,4.0,事前勇気>=4
10,1,葛藤あり,行動あり,2.5,post,主観勇気評定（項目1+3平均）,2.0,事前勇気<4
11,1,葛藤あり,行動あり,3.5,post,主観勇気評定（項目1+3平均）,6.333333333333333,事前勇気>=4
12,1,葛藤あり,行動あり,5.0,post,主観勇気評定（項目1+3平均）,4.0,事前勇気>=4
13,1,葛藤あり,行動あり,4.0,post,主観勇気評定（項目1+3平均）,3.1666666666666665,事前勇気<4
14,1,葛藤あり,行動あり,5.0,post,主観勇気評定（項目1+3平均）,5.166666666666667,事前勇気>=4
15,1,葛藤あり,行動あり,2.5,post,主観勇気評定（項目1+3平均）,2.1666666666666665,事前勇気<4
16,1,葛藤あり,行動あり,5.0,post,主観勇気評定（項目1+3平均）,5.666666666666667,事前勇気>=4
17,1,葛藤あり,行動あり,3.0,post,主観勇気評定（項目1+3平均）,4.5,事前勇気>=4
18,1,葛藤あり,行動あり,3.5,post,主観勇気評定（項目1+3平均）,2.8333333333333335,事前勇気<4
19,1,葛藤あり,行動あり,4.5,post,主観勇気評定（項目1+3平均）,2.8333333333333335,事前勇気<4
20,1,葛藤あり,行動あり,6.0,post,主観勇気評定（項目1+3平均）,4.5,事前勇気>=4
21,1,葛藤あり,行動あり,3.5,post,主観勇気評定（項目1+3平均）,3.5,事前勇気<4
22,1,葛藤あり,行動あり,2.5,post,主観勇気評定（項目1+3平均）,4.5,事前勇気>=4
23,1,葛藤あり,行動あり,3.5,post,主観勇気評定（項目1+3平均）,5.833333333333333,事前勇気>=4
24,1,葛藤あり,行動あり,2.5,post,主観勇気評定（項目1+3平均）,3.5,事前勇気<4
25,1,葛藤あり,行動あり,5.5,post,主観勇気評定（項目1+3平均）,4.166666666666667,事前勇気>=4
26,1,葛藤あり,行動あり,4.5,post,主観勇気評定（項目1+3平均）,3.6666666666666665,事前勇気<4
27,1,葛藤あり,行動あり,2.0,post,主観勇気評定（項目1+3平均）,1.3333333333333333,事前勇気<4
28,1,葛藤あり,行動あり,1.0,post,主観勇気評定（項目1+3平均）,5.333333333333333,事前勇気>=4
29,1,葛藤あり,行動あり,4.0,post,主観勇気評定（項目1+3平均）,6.0,事前勇気>=4
30,1,葛藤あり,行動あり,5.0,post,主観勇気評定（項目1+3平均）,1.8333333333333333,事前勇気<4
31,1,葛藤あり,行動あり,2.5,post,主観勇気評定（項目1+3平均）,3.5,事前勇気<4
32,1,葛藤あり,行動あり,5.5,post,主観勇気評定（項目1+3平均）,3.5,事前勇気<4
33,1,葛藤あり,行動あり,5.0,post,主観勇気評定（項目1+3平均）,5.5,事前勇気>=4
34,1,葛藤あり,行動あり,6.5,post,主観勇気評定（項目1+3平均）,5.166666666666667,事前勇気>=4
35,1,葛藤あり,行動あり,5.0,post,主観勇気評定（項目1+3平均）,5.166666666666667,事前勇気>=4
36,1,葛藤あり,行動あり,3.0,post,主観勇気評定（項目1+3平均）,2.6666666666666665,事前勇気<4
37,1,葛藤あり,行動あり,3.0,post,主観勇気評定（項目1+3平均）,3.5,事前勇気<4
38,1,葛藤あり,行動あり,5.0,post,主観勇気評定（項目1+3平均）,3.8333333333333335,事前勇気<4
39,1,葛藤あり,行動あり,1.5,post,主観勇気評定（項目1+3平均）,1.5,事前勇気<4
40,1,葛藤あり,行動あり,3.0,post,主観勇気評定（項目1+3平均）,2.3333333333333335,事前勇気<4
41,1,葛藤あり,行動あり,5.0,post,主観勇気評定（項目1+3平均）,3.8333333333333335,事前勇気<4
42,1,葛藤あり,行動あり,5.0,post,主観勇気評定（項目1+3平均）,2.8333333333333335,事前勇気<4
43,1,葛藤あり,行動あり,2.0,post,主観勇気評定（項目1+3平均）,3.5,事前勇気<4
44,1,葛藤あり,行動あり,2.5,post,主観勇気評定（項目1+3平均）,2.3333333333333335,事前勇気<4
45,1,葛藤あり,行動あり,5.5,post,主観勇気評定（項目1+3平均）,3.5,事前勇気<4
46,1,葛藤あり,行動あり,4.0,post,主観勇気評定（項目1+3平均）,3.3333333333333335,事前勇気<4
47,1,葛藤あり,行動あり,2.0,post,主観勇気評定（項目1+3平均）,5.166666666666667,事前勇気>=4
48,1,葛藤あり,行動あり,5.0,post,主観勇気評定（項目1+3平均）,4.5,事前勇気>=4
49,1,葛藤あり,行動あり,5.0,post,主観勇気評定（項目1+3平均）,3.6666666666666665,事前勇気<4
50,1,葛藤あり,行動あり,4.5,post,主観勇気評定（項目1+3平均）,4.5,事前勇気>=4
51,1,葛藤あり,行動あり,3.0,post,主観勇気評定（項目1+3平均）,2.0,事前勇気<4
52,1,葛藤あり,行動あり,4.5,post,主観勇気評定（項目1+3平均）,4.166666666666667,事前勇気>=4
53,1,葛藤あり,行動あり,5.0,post,主観勇気評定（項目1+3平均）,4.0,事前勇気>=4
54,1,葛藤あり,行動あり,4.0,post,主観勇気評定（項目1+3平均）,3.3333333333333335,事前勇気<4
55,1,葛藤あり,行動あり,4.5,post,主観勇気評定（項目1+3平均）,5.333333333333333,事前勇気>=4
56,1,葛藤あり,行動あり,3.0,post,主観勇気評定（項目1+3平均）,2.5,事前勇気<4
57,1,葛藤あり,行動あり,4.5,post,主観勇気評定（項目1+3平均）,2.5,事前勇気<4
58,1,葛藤あり,行動あり,4.0,post,主観勇気評定（項目1+3平均）,2.0,事前勇気<4
59,1,葛藤あり,行動あり,4.0,post,主観勇気評定（項目1+3平均）,2.0,事前勇気<4
60,1,葛藤あり,行動あり,6.0,post,主観勇気評定（項目1+3平均）,5.333333333333333,事前勇気>=4
61,1,葛藤あり,行動あり,4.0,post,主観勇気評定（項目1+3平均）,4.666666666666667,事前勇気>=4
62,1,葛藤あり,行動あり,2.5,post,主観勇気評定（項目1+3平均）,4.333333333333333,事前勇気>=4
63,1,葛藤あり,行動あり,6.5,post,主観勇気評定（項目1+3平均）,4.333333333333333,事前勇気>=4
64,1,葛藤あり,行動あり,3.0,post,主観勇気評定（項目1+3平均）,5.833333333333333,事前勇気>=4
65,1,葛藤あり,行動あり,3.0,post,主観勇気評定（項目1+3平均）,2.5,事前勇気<4
66,1,葛藤あり,行動あり,3.5,post,主観勇気評定（項目1+3平均）,4.5,事前勇気>=4
67,1,葛藤あり,行動あり,3.5,post,主観勇気評定（項目1+3平均）,3.8333333333333335,事前勇気<4
68,1,葛藤あり,行動あり,4.0,post,主観勇気評定（項目1+3平均）,4.166666666666667,事前勇気>=4
69,1,葛藤あり,行動あり,6.5,post,主観勇気評定（項目1+3平均）,4.833333333333333,事前勇気>=4
70,1,葛藤あり,行動あり,3.5,post,主観勇気評定（項目1+3平均）,2.6666666666666665,事前勇気<4
71,1,葛藤あり,行動あり,2.0,post,主観勇気評定（項目1+3平均）,4.666666666666667,事前勇気>=4
72,1,葛藤あり,行動あり,1.0,post,主観勇気評定（項目1+3平均）,1.8333333333333333,事前勇気<4
73,1,葛藤あり,行動あり,4.0,post,主観勇気評定（項目1+3平均）,4.5,事前勇気>=4
74,1,葛藤あり,行動あり,5.5,post,主観勇気評定（項目1+3平均）,4.833333333333333,事前勇気>=4
75,1,葛藤あり,行動あり,3.0,post,主観勇気評定（項目1+3平均）,1.8333333333333333,事前勇気<4
76,1,葛藤あり,行動あり,5.0,post,主観勇気評定（項目1+3平均）,4.833333333333333,事前勇気>=4
77,1,葛藤あり,行動あり,5.0,post,主観勇気評定（項目1+3平均）,2.0,事前勇気<4
78,1,葛藤あり,行動あり,4.5,post,主観勇気評定（項目1+3平均）,4.166666666666667,事前勇気>=4
79,1,葛藤あり,行動あり,6.0,post,主観勇気評定（項目1+3平均）,4.5,事前勇気>=4
80,1,葛藤あり,行動あり,4.0,post,主観勇気評定（項目1+3平均）,4.166666666666667,事前勇気>=4
81,1,葛藤あり,行動あり,5.0,post,主観勇気評定（項目1+3平均）,4.333333333333333,事前勇気>=4
82,1,葛藤あり,行動あり,5.0,post,主観勇気評定（項目1+3平均）,3.5,事前勇気<4
83,1,葛藤あり,行動あり,4.0,post,主観勇気評定（項目1+3平均）,2.0,事前勇気<4
84,1,葛藤あり,行動あり,1.0,post,主観勇気評定（項目1+3平均）,1.8333333333333333,事前勇気<4
85,1,葛藤あり,行動あり,3.5,post,主観勇気評定（項目1+3平均）,2.5,事前勇気<4
86,1,葛藤あり,行動あり,4.0,post,主観勇気評定（項目1+3平均）,4.0,事前勇気>=4
87,1,葛藤あり,行動あり,4.0,post,主観勇気評定（項目1+3平均）,3.0,事前勇気<4
88,1,葛藤あり,行動あり,5.5,post,主観勇気評定（項目1+3平均）,3.6666666666666665,事前勇気<4
89,1,葛藤あり,行動あり,1.0,post,主観勇気評定（項目1+3平均）,7.0,事前勇気>=4
90,1,葛藤あり,行動あり,5.0,post,主観勇気評定（項目1+3平均）,5.833333333333333,事前勇気>=4
91,1,葛藤あり,行動あり,5.5,post,主観勇気評定（項目1+3平均）,4.833333333333333,事前勇気>=4
92,1,葛藤あり,行動あり,4.0,post,主観勇気評定（項目1+3平均）,5.0,事前勇気>=4
93,1,葛藤あり,行動あり,5.0,post,主観勇気評定（項目1+3平均）,4.0,事前勇気>=4
94,1,葛藤あり,行動あり,2.0,post,主観勇気評定（項目1+3平均）,2.3333333333333335,事前勇気<4
95,1,葛藤あり,行動あり,1.5,post,主観勇気評定（項目1+3平均）,3.5,事前勇気<4
96,1,葛藤あり,行動あり,1.0,post,主観勇気評定（項目1+3平均）,4.5,事前勇気>=4
97,1,葛藤あり,行動あり,6.0,post,主観勇気評定（項目1+3平均）,3.5,事前勇気<4
98,1,葛藤あり,行動あり,5.0,post,主観勇気評定（項目1+3平均）,3.3333333333333335,事前勇気<4
99,1,葛藤あり,行動あり,2.5,post,主観勇気評定（項目1+3平均）,3.5,事前勇気<4
100,1,葛藤あり,行動あり,3.0,post,主観勇気評定（項目1+3平均）,2.3333333333333335,事前勇気<4
101,1,葛藤あり,行動あり,5.0,post,主観勇気評定（項目1+3平均）,1.5,事前勇気<4
102,1,葛藤あり,行動あり,4.0,post,主観勇気評定（項目1+3平均）,4.666666666666667,事前勇気>=4
103,1,葛藤あり,行動あり,4.5,post,主観勇気評定（項目1+3平均）,3.6666666666666665,事前勇気<4
104,1,葛藤あり,行動あり,3.5,post,主観勇気評定（項目1+3平均）,4.0,事前勇気>=4
105,1,葛藤あり,行動あり,4.5,post,主観勇気評定（項目1+3平均）,4.333333333333333,事前勇気>=4
106,1,葛藤あり,行動あり,5.5,post,主観勇気評定（項目1+3平均）,4.666666666666667,事前勇気>=4
107,1,葛藤あり,行動あり,1.5,post,主観勇気評定（項目1+3平均）,2.6666666666666665,事前勇気<4
108,1,葛藤あり,行動あり,4.5,post,主観勇気評定（項目1+3平均）,2.5,事前勇気<4
109,1,葛藤あり,行動あり,2.0,post,主観勇気評定（項目1+3平均）,3.1666666666666665,事前勇気<4
110,1,葛藤あり,行動あり,5.0,post,主観勇気評定（項目1+3平均）,4.166666666666667,事前勇気>=4
111,1,葛藤あり,行動あり,4.0,post,主観勇気評定（項目1+3平均）,3.8333333333333335,事前勇気<4
112,1,葛藤あり,行動あり,4.0,post,主観勇気評定（項目1+3平均）,3.6666666666666665,事前勇気<4
113,1,葛藤あり,行動あり,5.0,post,主観勇気評定（項目1+3平均）,5.166666666666667,事前勇気>=4
114,1,葛藤あり,行動あり,3.0,post,主観勇気評定（項目1+3平均）,3.3333333333333335,事前勇気<4
115,1,葛藤あり,行動あり,4.0,post,主観勇気評定（項目1+3平均）,3.6666666666666665,事前勇気<4
116,1,葛藤あり,行動あり,3.0,post,主観勇気評定（項目1+3平均）,2.5,事前勇気<4
117,1,葛藤あり,行動あり,5.0,post,主観勇気評定（項目1+3平均）,3.6666666666666665,事前勇気<4
118,1,葛藤あり,行動あり,3.5,post,主観勇気評定（項目1+3平均）,2.3333333333333335,事前勇気<4
119,1,葛藤あり,行動あり,3.0,post,主観勇気評定（項目1+3平均）,2.5,事前勇気<4
120,1,葛藤あり,行動あり,3.5,post,主観勇気評定（項目1+3平均）,4.5,事前勇気>=4
121,1,葛藤あり,行動あり,7.0,post,主観勇気評定（項目1+3平均）,6.833333333333333,事前勇気>=4
122,1,葛藤あり,行動あり,1.5,post,主観勇気評定（項目1+3平均）,3.1666666666666665,事前勇気<4
123,1,葛藤あり,行動あり,4.5,post,主観勇気評定（項目1+3平均）,3.3333333333333335,事前勇気<4
124,1,葛藤あり,行動あり,4.0,post,主観勇気評定（項目1+3平均）,3.1666666666666665,事前勇気<4
125,1,葛藤あり,行動あり,5.5,post,主観勇気評定（項目1+3平均）,4.333333333333333,事前勇気>=4
126,1,葛藤あり,行動あり,4.0,post,主観勇気評定（項目1+3平均）,3.6666666666666665,事前勇気<4
1,2,葛藤あり,行動なし,3.0,post,主観勇気評定（項目1+3平均）,2.8333333333333335,事前勇気<4
2,2,葛藤あり,行動なし,4.5,post,主観勇気評定（項目1+3平均）,4.666666666666667,事前勇気>=4
3,2,葛藤あり,行動なし,4.0,post,主観勇気評定（項目1+3平均）,4.333333333333333,事前勇気>=4
4,2,葛藤あり,行動なし,5.0,post,主観勇気評定（項目1+3平均）,3.6666666666666665,事前勇気<4
5,2,葛藤あり,行動なし,4.5,post,主観勇気評定（項目1+3平均）,2.3333333333333335,事前勇気<4
6,2,葛藤あり,行動なし,2.0,post,主観勇気評定（項目1+3平均）,4.666666666666667,事前勇気>=4
7,2,葛藤あり,行動なし,1.0,post,主観勇気評定（項目1+3平均）,4.333333333333333,事前勇気>=4
8,2,葛藤あり,行動なし,1.0,post,主観勇気評定（項目1+3平均）,3.3333333333333335,事前勇気<4
9,2,葛藤あり,行動なし,4.5,post,主観勇気評定（項目1+3平均）,4.0,事前勇気>=4
10,2,葛藤あり,行動なし,3.0,post,主観勇気評定（項目1+3平均）,2.0,事前勇気<4
11,2,葛藤あり,行動なし,3.0,post,主観勇気評定（項目1+3平均）,6.333333333333333,事前勇気>=4
12,2,葛藤あり,行動なし,5.0,post,主観勇気評定（項目1+3平均）,4.0,事前勇気>=4
13,2,葛藤あり,行動なし,3.5,post,主観勇気評定（項目1+3平均）,3.1666666666666665,事前勇気<4
14,2,葛藤あり,行動なし,4.5,post,主観勇気評定（項目1+3平均）,5.166666666666667,事前勇気>=4
15,2,葛藤あり,行動なし,2.0,post,主観勇気評定（項目1+3平均）,2.1666666666666665,事前勇気<4
16,2,葛藤あり,行動なし,7.0,post,主観勇気評定（項目1+3平均）,5.666666666666667,事前勇気>=4
17,2,葛藤あり,行動なし,5.0,post,主観勇気評定（項目1+3平均）,4.5,事前勇気>=4
18,2,葛藤あり,行動なし,3.5,post,主観勇気評定（項目1+3平均）,2.8333333333333335,事前勇気<4
19,2,葛藤あり,行動なし,2.0,post,主観勇気評定（項目1+3平均）,2.8333333333333335,事前勇気<4
20,2,葛藤あり,行動なし,6.0,post,主観勇気評定（項目1+3平均）,4.5,事前勇気>=4
21,2,葛藤あり,行動なし,3.5,post,主観勇気評定（項目1+3平均）,3.5,事前勇気<4
22,2,葛藤あり,行動なし,1.5,post,主観勇気評定（項目1+3平均）,4.5,事前勇気>=4
23,2,葛藤あり,行動なし,4.0,post,主観勇気評定（項目1+3平均）,5.833333333333333,事前勇気>=4
24,2,葛藤あり,行動なし,2.5,post,主観勇気評定（項目1+3平均）,3.5,事前勇気<4
25,2,葛藤あり,行動なし,1.5,post,主観勇気評定（項目1+3平均）,4.166666666666667,事前勇気>=4
26,2,葛藤あり,行動なし,3.5,post,主観勇気評定（項目1+3平均）,3.6666666666666665,事前勇気<4
27,2,葛藤あり,行動なし,1.0,post,主観勇気評定（項目1+3平均）,1.3333333333333333,事前勇気<4
28,2,葛藤あり,行動なし,1.0,post,主観勇気評定（項目1+3平均）,5.333333333333333,事前勇気>=4
29,2,葛藤あり,行動なし,4.0,post,主観勇気評定（項目1+3平均）,6.0,事前勇気>=4
30,2,葛藤あり,行動なし,5.0,post,主観勇気評定（項目1+3平均）,1.8333333333333333,事前勇気<4
31,2,葛藤あり,行動なし,3.5,post,主観勇気評定（項目1+3平均）,3.5,事前勇気<4
32,2,葛藤あり,行動なし,5.5,post,主観勇気評定（項目1+3平均）,3.5,事前勇気<4
33,2,葛藤あり,行動なし,1.5,post,主観勇気評定（項目1+3平均）,5.5,事前勇気>=4
34,2,葛藤あり,行動なし,6.5,post,主観勇気評定（項目1+3平均）,5.166666666666667,事前勇気>=4
35,2,葛藤あり,行動なし,5.0,post,主観勇気評定（項目1+3平均）,5.166666666666667,事前勇気>=4
36,2,葛藤あり,行動なし,2.0,post,主観勇気評定（項目1+3平均）,2.6666666666666665,事前勇気<4
37,2,葛藤あり,行動なし,2.5,post,主観勇気評定（項目1+3平均）,3.5,事前勇気<4
38,2,葛藤あり,行動なし,2.0,post,主観勇気評定（項目1+3平均）,3.8333333333333335,事前勇気<4
39,2,葛藤あり,行動なし,2.0,post,主観勇気評定（項目1+3平均）,1.5,事前勇気<4
40,2,葛藤あり,行動なし,3.0,post,主観勇気評定（項目1+3平均）,2.3333333333333335,事前勇気<4
41,2,葛藤あり,行動なし,2.5,post,主観勇気評定（項目1+3平均）,3.8333333333333335,事前勇気<4
42,2,葛藤あり,行動なし,2.0,post,主観勇気評定（項目1+3平均）,2.8333333333333335,事前勇気<4
43,2,葛藤あり,行動なし,2.0,post,主観勇気評定（項目1+3平均）,3.5,事前勇気<4
44,2,葛藤あり,行動なし,1.0,post,主観勇気評定（項目1+3平均）,2.3333333333333335,事前勇気<4
45,2,葛藤あり,行動なし,4.0,post,主観勇気評定（項目1+3平均）,3.5,事前勇気<4
46,2,葛藤あり,行動なし,2.5,post,主観勇気評定（項目1+3平均）,3.3333333333333335,事前勇気<4
47,2,葛藤あり,行動なし,1.0,post,主観勇気評定（項目1+3平均）,5.166666666666667,事前勇気>=4
48,2,葛藤あり,行動なし,5.0,post,主観勇気評定（項目1+3平均）,4.5,事前勇気>=4
49,2,葛藤あり,行動なし,4.0,post,主観勇気評定（項目1+3平均）,3.6666666666666665,事前勇気<4
50,2,葛藤あり,行動なし,5.0,post,主観勇気評定（項目1+3平均）,4.5,事前勇気>=4
51,2,葛藤あり,行動なし,5.0,post,主観勇気評定（項目1+3平均）,2.0,事前勇気<4
52,2,葛藤あり,行動なし,2.5,post,主観勇気評定（項目1+3平均）,4.166666666666667,事前勇気>=4
53,2,葛藤あり,行動なし,3.0,post,主観勇気評定（項目1+3平均）,4.0,事前勇気>=4
54,2,葛藤あり,行動なし,4.0,post,主観勇気評定（項目1+3平均）,3.3333333333333335,事前勇気<4
55,2,葛藤あり,行動なし,5.0,post,主観勇気評定（項目1+3平均）,5.333333333333333,事前勇気>=4
56,2,葛藤あり,行動なし,2.0,post,主観勇気評定（項目1+3平均）,2.5,事前勇気<4
57,2,葛藤あり,行動なし,3.0,post,主観勇気評定（項目1+3平均）,2.5,事前勇気<4
58,2,葛藤あり,行動なし,4.0,post,主観勇気評定（項目1+3平均）,2.0,事前勇気<4
59,2,葛藤あり,行動なし,1.0,post,主観勇気評定（項目1+3平均）,2.0,事前勇気<4
60,2,葛藤あり,行動なし,3.0,post,主観勇気評定（項目1+3平均）,5.333333333333333,事前勇気>=4
61,2,葛藤あり,行動なし,3.0,post,主観勇気評定（項目1+3平均）,4.666666666666667,事前勇気>=4
62,2,葛藤あり,行動なし,4.5,post,主観勇気評定（項目1+3平均）,4.333333333333333,事前勇気>=4
63,2,葛藤あり,行動なし,3.0,post,主観勇気評定（項目1+3平均）,4.333333333333333,事前勇気>=4
64,2,葛藤あり,行動なし,2.0,post,主観勇気評定（項目1+3平均）,5.833333333333333,事前勇気>=4
65,2,葛藤あり,行動なし,3.5,post,主観勇気評定（項目1+3平均）,2.5,事前勇気<4
66,2,葛藤あり,行動なし,2.0,post,主観勇気評定（項目1+3平均）,4.5,事前勇気>=4
67,2,葛藤あり,行動なし,2.0,post,主観勇気評定（項目1+3平均）,3.8333333333333335,事前勇気<4
68,2,葛藤あり,行動なし,1.0,post,主観勇気評定（項目1+3平均）,4.166666666666667,事前勇気>=4
69,2,葛藤あり,行動なし,6.5,post,主観勇気評定（項目1+3平均）,4.833333333333333,事前勇気>=4
70,2,葛藤あり,行動なし,2.5,post,主観勇気評定（項目1+3平均）,2.6666666666666665,事前勇気<4
71,2,葛藤あり,行動なし,1.5,post,主観勇気評定（項目1+3平均）,4.666666666666667,事前勇気>=4
72,2,葛藤あり,行動なし,1.0,post,主観勇気評定（項目1+3平均）,1.8333333333333333,事前勇気<4
73,2,葛藤あり,行動なし,3.5,post,主観勇気評定（項目1+3平均）,4.5,事前勇気>=4
74,2,葛藤あり,行動なし,2.0,post,主観勇気評定（項目1+3平均）,4.833333333333333,事前勇気>=4
75,2,葛藤あり,行動なし,4.0,post,主観勇気評定（項目1+3平均）,1.8333333333333333,事前勇気<4
76,2,葛藤あり,行動なし,4.0,post,主観勇気評定（項目1+3平均）,4.833333333333333,事前勇気>=4
77,2,葛藤あり,行動なし,1.5,post,主観勇気評定（項目1+3平均）,2.0,事前勇気<4
78,2,葛藤あり,行動なし,1.5,post,主観勇気評定（項目1+3平均）,4.166666666666667,事前勇気>=4
79,2,葛藤あり,行動なし,2.0,post,主観勇気評定（項目1+3平均）,4.5,事前勇気>=4
80,2,葛藤あり,行動なし,2.0,post,主観勇気評定（項目1+3平均）,4.166666666666667,事前勇気>=4
81,2,葛藤あり,行動なし,2.0,post,主観勇気評定（項目1+3平均）,4.333333333333333,事前勇気>=4
82,2,葛藤あり,行動なし,5.0,post,主観勇気評定（項目1+3平均）,3.5,事前勇気<4
83,2,葛藤あり,行動なし,1.5,post,主観勇気評定（項目1+3平均）,2.0,事前勇気<4
84,2,葛藤あり,行動なし,1.0,post,主観勇気評定（項目1+3平均）,1.8333333333333333,事前勇気<4
85,2,葛藤あり,行動なし,2.5,post,主観勇気評定（項目1+3平均）,2.5,事前勇気<4
86,2,葛藤あり,行動なし,4.0,post,主観勇気評定（項目1+3平均）,4.0,事前勇気>=4
87,2,葛藤あり,行動なし,3.0,post,主観勇気評定（項目1+3平均）,3.0,事前勇気<4
88,2,葛藤あり,行動なし,1.0,post,主観勇気評定（項目1+3平均）,3.6666666666666665,事前勇気<4
89,2,葛藤あり,行動なし,1.0,post,主観勇気評定（項目1+3平均）,7.0,事前勇気>=4
90,2,葛藤あり,行動なし,3.0,post,主観勇気評定（項目1+3平均）,5.833333333333333,事前勇気>=4
91,2,葛藤あり,行動なし,1.5,post,主観勇気評定（項目1+3平均）,4.833333333333333,事前勇気>=4
92,2,葛藤あり,行動なし,1.0,post,主観勇気評定（項目1+3平均）,5.0,事前勇気>=4
93,2,葛藤あり,行動なし,4.5,post,主観勇気評定（項目1+3平均）,4.0,事前勇気>=4
94,2,葛藤あり,行動なし,1.0,post,主観勇気評定（項目1+3平均）,2.3333333333333335,事前勇気<4
95,2,葛藤あり,行動なし,1.5,post,主観勇気評定（項目1+3平均）,3.5,事前勇気<4
96,2,葛藤あり,行動なし,1.0,post,主観勇気評定（項目1+3平均）,4.5,事前勇気>=4
97,2,葛藤あり,行動なし,2.0,post,主観勇気評定（項目1+3平均）,3.5,事前勇気<4
98,2,葛藤あり,行動なし,2.5,post,主観勇気評定（項目1+3平均）,3.3333333333333335,事前勇気<4
99,2,葛藤あり,行動なし,1.5,post,主観勇気評定（項目1+3平均）,3.5,事前勇気<4
100,2,葛藤あり,行動なし,1.0,post,主観勇気評定（項目1+3平均）,2.3333333333333335,事前勇気<4
101,2,葛藤あり,行動なし,3.0,post,主観勇気評定（項目1+3平均）,1.5,事前勇気<4
102,2,葛藤あり,行動なし,4.5,post,主観勇気評定（項目1+3平均）,4.666666666666667,事前勇気>=4
103,2,葛藤あり,行動なし,3.0,post,主観勇気評定（項目1+3平均）,3.6666666666666665,事前勇気<4
104,2,葛藤あり,行動なし,4.0,post,主観勇気評定（項目1+3平均）,4.0,事前勇気>=4
105,2,葛藤あり,行動なし,4.0,post,主観勇気評定（項目1+3平均）,4.333333333333333,事前勇気>=4
106,2,葛藤あり,行動なし,2.5,post,主観勇気評定（項目1+3平均）,4.666666666666667,事前勇気>=4
107,2,葛藤あり,行動なし,2.0,post,主観勇気評定（項目1+3平均）,2.6666666666666665,事前勇気<4
108,2,葛藤あり,行動なし,2.5,post,主観勇気評定（項目1+3平均）,2.5,事前勇気<4
109,2,葛藤あり,行動なし,2.0,post,主観勇気評定（項目1+3平均）,3.1666666666666665,事前勇気<4
110,2,葛藤あり,行動なし,4.0,post,主観勇気評定（項目1+3平均）,4.166666666666667,事前勇気>=4
111,2,葛藤あり,行動なし,4.0,post,主観勇気評定（項目1+3平均）,3.8333333333333335,事前勇気<4
112,2,葛藤あり,行動なし,4.0,post,主観勇気評定（項目1+3平均）,3.6666666666666665,事前勇気<4
113,2,葛藤あり,行動なし,4.5,post,主観勇気評定（項目1+3平均）,5.166666666666667,事前勇気>=4
114,2,葛藤あり,行動なし,3.0,post,主観勇気評定（項目1+3平均）,3.3333333333333335,事前勇気<4
115,2,葛藤あり,行動なし,4.0,post,主観勇気評定（項目1+3平均）,3.6666666666666665,事前勇気<4
116,2,葛藤あり,行動なし,1.0,post,主観勇気評定（項目1+3平均）,2.5,事前勇気<4
117,2,葛藤あり,行動なし,3.0,post,主観勇気評定（項目1+3平均）,3.6666666666666665,事前勇気<4
118,2,葛藤あり,行動なし,4.0,post,主観勇気評定（項目1+3平均）,2.3333333333333335,事前勇気<4
119,2,葛藤あり,行動なし,2.5,post,主観勇気評定（項目1+3平均）,2.5,事前勇気<4
120,2,葛藤あり,行動なし,5.0,post,主観勇気評定（項目1+3平均）,4.5,事前勇気>=4
121,2,葛藤あり,行動なし,4.5,post,主観勇気評定（項目1+3平均）,6.833333333333333,事前勇気>=4
122,2,葛藤あり,行動なし,1.0,post,主観勇気評定（項目1+3平均）,3.1666666666666665,事前勇気<4
123,2,葛藤あり,行動なし,4.5,post,主観勇気評定（項目1+3平均）,3.3333333333333335,事前勇気<4
124,2,葛藤あり,行動なし,4.0,post,主観勇気評定（項目1+3平均）,3.1666666666666665,事前勇気<4
125,2,葛藤あり,行動なし,5.0,post,主観勇気評定（項目1+3平均）,4.333333333333333,事前勇気>=4
126,2,葛藤あり,行動なし,4.5,post,主観勇気評定（項目1+3平均）,3.6666666666666665,事前勇気<4
1,3,葛藤なし,行動あり,4.0,post,主観勇気評定（項目1+3平均）,2.8333333333333335,事前勇気<4
2,3,葛藤なし,行動あり,5.0,post,主観勇気評定（項目1+3平均）,4.666666666666667,事前勇気>=4
3,3,葛藤なし,行動あり,4.0,post,主観勇気評定（項目1+3平均）,4.333333333333333,事前勇気>=4
4,3,葛藤なし,行動あり,5.0,post,主観勇気評定（項目1+3平均）,3.6666666666666665,事前勇気<4
5,3,葛藤なし,行動あり,5.0,post,主観勇気評定（項目1+3平均）,2.3333333333333335,事前勇気<4
6,3,葛藤なし,行動あり,5.5,post,主観勇気評定（項目1+3平均）,4.666666666666667,事前勇気>=4
7,3,葛藤なし,行動あり,2.0,post,主観勇気評定（項目1+3平均）,4.333333333333333,事前勇気>=4
8,3,葛藤なし,行動あり,2.5,post,主観勇気評定（項目1+3平均）,3.3333333333333335,事前勇気<4
9,3,葛藤なし,行動あり,5.0,post,主観勇気評定（項目1+3平均）,4.0,事前勇気>=4
10,3,葛藤なし,行動あり,2.0,post,主観勇気評定（項目1+3平均）,2.0,事前勇気<4
11,3,葛藤なし,行動あり,7.0,post,主観勇気評定（項目1+3平均）,6.333333333333333,事前勇気>=4
12,3,葛藤なし,行動あり,5.0,post,主観勇気評定（項目1+3平均）,4.0,事前勇気>=4
13,3,葛藤なし,行動あり,4.5,post,主観勇気評定（項目1+3平均）,3.1666666666666665,事前勇気<4
14,3,葛藤なし,行動あり,5.5,post,主観勇気評定（項目1+3平均）,5.166666666666667,事前勇気>=4
15,3,葛藤なし,行動あり,2.0,post,主観勇気評定（項目1+3平均）,2.1666666666666665,事前勇気<4
16,3,葛藤なし,行動あり,7.0,post,主観勇気評定（項目1+3平均）,5.666666666666667,事前勇気>=4
17,3,葛藤なし,行動あり,4.5,post,主観勇気評定（項目1+3平均）,4.5,事前勇気>=4
18,3,葛藤なし,行動あり,3.5,post,主観勇気評定（項目1+3平均）,2.8333333333333335,事前勇気<4
19,3,葛藤なし,行動あり,4.5,post,主観勇気評定（項目1+3平均）,2.8333333333333335,事前勇気<4
20,3,葛藤なし,行動あり,5.5,post,主観勇気評定（項目1+3平均）,4.5,事前勇気>=4
21,3,葛藤なし,行動あり,4.0,post,主観勇気評定（項目1+3平均）,3.5,事前勇気<4
22,3,葛藤なし,行動あり,3.5,post,主観勇気評定（項目1+3平均）,4.5,事前勇気>=4
23,3,葛藤なし,行動あり,5.0,post,主観勇気評定（項目1+3平均）,5.833333333333333,事前勇気>=4
24,3,葛藤なし,行動あり,3.5,post,主観勇気評定（項目1+3平均）,3.5,事前勇気<4
25,3,葛藤なし,行動あり,5.0,post,主観勇気評定（項目1+3平均）,4.166666666666667,事前勇気>=4
26,3,葛藤なし,行動あり,3.0,post,主観勇気評定（項目1+3平均）,3.6666666666666665,事前勇気<4
27,3,葛藤なし,行動あり,3.5,post,主観勇気評定（項目1+3平均）,1.3333333333333333,事前勇気<4
28,3,葛藤なし,行動あり,1.0,post,主観勇気評定（項目1+3平均）,5.333333333333333,事前勇気>=4
29,3,葛藤なし,行動あり,4.0,post,主観勇気評定（項目1+3平均）,6.0,事前勇気>=4
30,3,葛藤なし,行動あり,5.0,post,主観勇気評定（項目1+3平均）,1.8333333333333333,事前勇気<4
31,3,葛藤なし,行動あり,3.0,post,主観勇気評定（項目1+3平均）,3.5,事前勇気<4
32,3,葛藤なし,行動あり,5.5,post,主観勇気評定（項目1+3平均）,3.5,事前勇気<4
33,3,葛藤なし,行動あり,6.0,post,主観勇気評定（項目1+3平均）,5.5,事前勇気>=4
34,3,葛藤なし,行動あり,6.0,post,主観勇気評定（項目1+3平均）,5.166666666666667,事前勇気>=4
35,3,葛藤なし,行動あり,5.0,post,主観勇気評定（項目1+3平均）,5.166666666666667,事前勇気>=4
36,3,葛藤なし,行動あり,3.0,post,主観勇気評定（項目1+3平均）,2.6666666666666665,事前勇気<4
37,3,葛藤なし,行動あり,5.0,post,主観勇気評定（項目1+3平均）,3.5,事前勇気<4
38,3,葛藤なし,行動あり,5.0,post,主観勇気評定（項目1+3平均）,3.8333333333333335,事前勇気<4
39,3,葛藤なし,行動あり,1.0,post,主観勇気評定（項目1+3平均）,1.5,事前勇気<4
40,3,葛藤なし,行動あり,3.0,post,主観勇気評定（項目1+3平均）,2.3333333333333335,事前勇気<4
41,3,葛藤なし,行動あり,5.5,post,主観勇気評定（項目1+3平均）,3.8333333333333335,事前勇気<4
42,3,葛藤なし,行動あり,5.0,post,主観勇気評定（項目1+3平均）,2.8333333333333335,事前勇気<4
43,3,葛藤なし,行動あり,3.0,post,主観勇気評定（項目1+3平均）,3.5,事前勇気<4
44,3,葛藤なし,行動あり,3.5,post,主観勇気評定（項目1+3平均）,2.3333333333333335,事前勇気<4
45,3,葛藤なし,行動あり,4.5,post,主観勇気評定（項目1+3平均）,3.5,事前勇気<4
46,3,葛藤なし,行動あり,2.0,post,主観勇気評定（項目1+3平均）,3.3333333333333335,事前勇気<4
47,3,葛藤なし,行動あり,5.0,post,主観勇気評定（項目1+3平均）,5.166666666666667,事前勇気>=4
48,3,葛藤なし,行動あり,5.0,post,主観勇気評定（項目1+3平均）,4.5,事前勇気>=4
49,3,葛藤なし,行動あり,3.0,post,主観勇気評定（項目1+3平均）,3.6666666666666665,事前勇気<4
50,3,葛藤なし,行動あり,4.0,post,主観勇気評定（項目1+3平均）,4.5,事前勇気>=4
51,3,葛藤なし,行動あり,3.0,post,主観勇気評定（項目1+3平均）,2.0,事前勇気<4
52,3,葛藤なし,行動あり,4.5,post,主観勇気評定（項目1+3平均）,4.166666666666667,事前勇気>=4
53,3,葛藤なし,行動あり,4.0,post,主観勇気評定（項目1+3平均）,4.0,事前勇気>=4
54,3,葛藤なし,行動あり,3.0,post,主観勇気評定（項目1+3平均）,3.3333333333333335,事前勇気<4
55,3,葛藤なし,行動あり,5.5,post,主観勇気評定（項目1+3平均）,5.333333333333333,事前勇気>=4
56,3,葛藤なし,行動あり,2.0,post,主観勇気評定（項目1+3平均）,2.5,事前勇気<4
57,3,葛藤なし,行動あり,4.5,post,主観勇気評定（項目1+3平均）,2.5,事前勇気<4
58,3,葛藤なし,行動あり,4.0,post,主観勇気評定（項目1+3平均）,2.0,事前勇気<4
59,3,葛藤なし,行動あり,4.0,post,主観勇気評定（項目1+3平均）,2.0,事前勇気<4
60,3,葛藤なし,行動あり,6.0,post,主観勇気評定（項目1+3平均）,5.333333333333333,事前勇気>=4
61,3,葛藤なし,行動あり,4.5,post,主観勇気評定（項目1+3平均）,4.666666666666667,事前勇気>=4
62,3,葛藤なし,行動あり,4.0,post,主観勇気評定（項目1+3平均）,4.333333333333333,事前勇気>=4
63,3,葛藤なし,行動あり,7.0,post,主観勇気評定（項目1+3平均）,4.333333333333333,事前勇気>=4
64,3,葛藤なし,行動あり,4.0,post,主観勇気評定（項目1+3平均）,5.833333333333333,事前勇気>=4
65,3,葛藤なし,行動あり,3.0,post,主観勇気評定（項目1+3平均）,2.5,事前勇気<4
66,3,葛藤なし,行動あり,3.0,post,主観勇気評定（項目1+3平均）,4.5,事前勇気>=4
67,3,葛藤なし,行動あり,2.0,post,主観勇気評定（項目1+3平均）,3.8333333333333335,事前勇気<4
68,3,葛藤なし,行動あり,4.0,post,主観勇気評定（項目1+3平均）,4.166666666666667,事前勇気>=4
69,3,葛藤なし,行動あり,6.5,post,主観勇気評定（項目1+3平均）,4.833333333333333,事前勇気>=4
70,3,葛藤なし,行動あり,3.0,post,主観勇気評定（項目1+3平均）,2.6666666666666665,事前勇気<4
71,3,葛藤なし,行動あり,6.0,post,主観勇気評定（項目1+3平均）,4.666666666666667,事前勇気>=4
72,3,葛藤なし,行動あり,1.0,post,主観勇気評定（項目1+3平均）,1.8333333333333333,事前勇気<4
73,3,葛藤なし,行動あり,2.5,post,主観勇気評定（項目1+3平均）,4.5,事前勇気>=4
74,3,葛藤なし,行動あり,6.0,post,主観勇気評定（項目1+3平均）,4.833333333333333,事前勇気>=4
75,3,葛藤なし,行動あり,4.0,post,主観勇気評定（項目1+3平均）,1.8333333333333333,事前勇気<4
76,3,葛藤なし,行動あり,4.5,post,主観勇気評定（項目1+3平均）,4.833333333333333,事前勇気>=4
77,3,葛藤なし,行動あり,7.0,post,主観勇気評定（項目1+3平均）,2.0,事前勇気<4
78,3,葛藤なし,行動あり,5.0,post,主観勇気評定（項目1+3平均）,4.166666666666667,事前勇気>=4
79,3,葛藤なし,行動あり,5.0,post,主観勇気評定（項目1+3平均）,4.5,事前勇気>=4
80,3,葛藤なし,行動あり,5.0,post,主観勇気評定（項目1+3平均）,4.166666666666667,事前勇気>=4
81,3,葛藤なし,行動あり,5.5,post,主観勇気評定（項目1+3平均）,4.333333333333333,事前勇気>=4
82,3,葛藤なし,行動あり,5.0,post,主観勇気評定（項目1+3平均）,3.5,事前勇気<4
83,3,葛藤なし,行動あり,3.5,post,主観勇気評定（項目1+3平均）,2.0,事前勇気<4
84,3,葛藤なし,行動あり,1.5,post,主観勇気評定（項目1+3平均）,1.8333333333333333,事前勇気<4
85,3,葛藤なし,行動あり,3.0,post,主観勇気評定（項目1+3平均）,2.5,事前勇気<4
86,3,葛藤なし,行動あり,4.0,post,主観勇気評定（項目1+3平均）,4.0,事前勇気>=4
87,3,葛藤なし,行動あり,3.5,post,主観勇気評定（項目1+3平均）,3.0,事前勇気<4
88,3,葛藤なし,行動あり,5.5,post,主観勇気評定（項目1+3平均）,3.6666666666666665,事前勇気<4
89,3,葛藤なし,行動あり,1.0,post,主観勇気評定（項目1+3平均）,7.0,事前勇気>=4
90,3,葛藤なし,行動あり,5.0,post,主観勇気評定（項目1+3平均）,5.833333333333333,事前勇気>=4
91,3,葛藤なし,行動あり,7.0,post,主観勇気評定（項目1+3平均）,4.833333333333333,事前勇気>=4
92,3,葛藤なし,行動あり,5.0,post,主観勇気評定（項目1+3平均）,5.0,事前勇気>=4
93,3,葛藤なし,行動あり,5.5,post,主観勇気評定（項目1+3平均）,4.0,事前勇気>=4
94,3,葛藤なし,行動あり,2.0,post,主観勇気評定（項目1+3平均）,2.3333333333333335,事前勇気<4
95,3,葛藤なし,行動あり,2.0,post,主観勇気評定（項目1+3平均）,3.5,事前勇気<4
96,3,葛藤なし,行動あり,1.0,post,主観勇気評定（項目1+3平均）,4.5,事前勇気>=4
97,3,葛藤なし,行動あり,4.5,post,主観勇気評定（項目1+3平均）,3.5,事前勇気<4
98,3,葛藤なし,行動あり,5.0,post,主観勇気評定（項目1+3平均）,3.3333333333333335,事前勇気<4
99,3,葛藤なし,行動あり,2.0,post,主観勇気評定（項目1+3平均）,3.5,事前勇気<4
100,3,葛藤なし,行動あり,2.5,post,主観勇気評定（項目1+3平均）,2.3333333333333335,事前勇気<4
101,3,葛藤なし,行動あり,4.0,post,主観勇気評定（項目1+3平均）,1.5,事前勇気<4
102,3,葛藤なし,行動あり,5.5,post,主観勇気評定（項目1+3平均）,4.666666666666667,事前勇気>=4
103,3,葛藤なし,行動あり,5.0,post,主観勇気評定（項目1+3平均）,3.6666666666666665,事前勇気<4
104,3,葛藤なし,行動あり,4.0,post,主観勇気評定（項目1+3平均）,4.0,事前勇気>=4
105,3,葛藤なし,行動あり,4.0,post,主観勇気評定（項目1+3平均）,4.333333333333333,事前勇気>=4
106,3,葛藤なし,行動あり,6.0,post,主観勇気評定（項目1+3平均）,4.666666666666667,事前勇気>=4
107,3,葛藤なし,行動あり,2.5,post,主観勇気評定（項目1+3平均）,2.6666666666666665,事前勇気<4
108,3,葛藤なし,行動あり,7.0,post,主観勇気評定（項目1+3平均）,2.5,事前勇気<4
109,3,葛藤なし,行動あり,4.0,post,主観勇気評定（項目1+3平均）,3.1666666666666665,事前勇気<4
110,3,葛藤なし,行動あり,5.5,post,主観勇気評定（項目1+3平均）,4.166666666666667,事前勇気>=4
111,3,葛藤なし,行動あり,4.0,post,主観勇気評定（項目1+3平均）,3.8333333333333335,事前勇気<4
112,3,葛藤なし,行動あり,4.0,post,主観勇気評定（項目1+3平均）,3.6666666666666665,事前勇気<4
113,3,葛藤なし,行動あり,7.0,post,主観勇気評定（項目1+3平均）,5.166666666666667,事前勇気>=4
114,3,葛藤なし,行動あり,3.0,post,主観勇気評定（項目1+3平均）,3.3333333333333335,事前勇気<4
115,3,葛藤なし,行動あり,3.5,post,主観勇気評定（項目1+3平均）,3.6666666666666665,事前勇気<4
116,3,葛藤なし,行動あり,2.0,post,主観勇気評定（項目1+3平均）,2.5,事前勇気<4
117,3,葛藤なし,行動あり,6.0,post,主観勇気評定（項目1+3平均）,3.6666666666666665,事前勇気<4
118,3,葛藤なし,行動あり,4.0,post,主観勇気評定（項目1+3平均）,2.3333333333333335,事前勇気<4
119,3,葛藤なし,行動あり,3.5,post,主観勇気評定（項目1+3平均）,2.5,事前勇気<4
120,3,葛藤なし,行動あり,5.0,post,主観勇気評定（項目1+3平均）,4.5,事前勇気>=4
121,3,葛藤なし,行動あり,6.5,post,主観勇気評定（項目1+3平均）,6.833333333333333,事前勇気>=4
122,3,葛藤なし,行動あり,1.5,post,主観勇気評定（項目1+3平均）,3.1666666666666665,事前勇気<4
123,3,葛藤なし,行動あり,4.5,post,主観勇気評定（項目1+3平均）,3.3333333333333335,事前勇気<4
124,3,葛藤なし,行動あり,2.5,post,主観勇気評定（項目1+3平均）,3.1666666666666665,事前勇気<4
125,3,葛藤なし,行動あり,4.0,post,主観勇気評定（項目1+3平均）,4.333333333333333,事前勇気>=4
126,3,葛藤なし,行動あり,5.0,post,主観勇気評定（項目1+3平均）,3.6666666666666665,事前勇気<4
1,4,葛藤なし,行動なし,3.0,post,主観勇気評定（項目1+3平均）,2.8333333333333335,事前勇気<4
2,4,葛藤なし,行動なし,4.5,post,主観勇気評定（項目1+3平均）,4.666666666666667,事前勇気>=4
3,4,葛藤なし,行動なし,4.0,post,主観勇気評定（項目1+3平均）,4.333333333333333,事前勇気>=4
4,4,葛藤なし,行動なし,5.0,post,主観勇気評定（項目1+3平均）,3.6666666666666665,事前勇気<4
5,4,葛藤なし,行動なし,2.0,post,主観勇気評定（項目1+3平均）,2.3333333333333335,事前勇気<4
6,4,葛藤なし,行動なし,2.0,post,主観勇気評定（項目1+3平均）,4.666666666666667,事前勇気>=4
7,4,葛藤なし,行動なし,1.0,post,主観勇気評定（項目1+3平均）,4.333333333333333,事前勇気>=4
8,4,葛藤なし,行動なし,2.0,post,主観勇気評定（項目1+3平均）,3.3333333333333335,事前勇気<4
9,4,葛藤なし,行動なし,4.0,post,主観勇気評定（項目1+3平均）,4.0,事前勇気>=4
10,4,葛藤なし,行動なし,2.0,post,主観勇気評定（項目1+3平均）,2.0,事前勇気<4
11,4,葛藤なし,行動なし,5.0,post,主観勇気評定（項目1+3平均）,6.333333333333333,事前勇気>=4
12,4,葛藤なし,行動なし,4.0,post,主観勇気評定（項目1+3平均）,4.0,事前勇気>=4
13,4,葛藤なし,行動なし,3.0,post,主観勇気評定（項目1+3平均）,3.1666666666666665,事前勇気<4
14,4,葛藤なし,行動なし,1.5,post,主観勇気評定（項目1+3平均）,5.166666666666667,事前勇気>=4
15,4,葛藤なし,行動なし,2.0,post,主観勇気評定（項目1+3平均）,2.1666666666666665,事前勇気<4
16,4,葛藤なし,行動なし,6.5,post,主観勇気評定（項目1+3平均）,5.666666666666667,事前勇気>=4
17,4,葛藤なし,行動なし,2.0,post,主観勇気評定（項目1+3平均）,4.5,事前勇気>=4
18,4,葛藤なし,行動なし,4.0,post,主観勇気評定（項目1+3平均）,2.8333333333333335,事前勇気<4
19,4,葛藤なし,行動なし,1.0,post,主観勇気評定（項目1+3平均）,2.8333333333333335,事前勇気<4
20,4,葛藤なし,行動なし,5.5,post,主観勇気評定（項目1+3平均）,4.5,事前勇気>=4
21,4,葛藤なし,行動なし,3.5,post,主観勇気評定（項目1+3平均）,3.5,事前勇気<4
22,4,葛藤なし,行動なし,2.0,post,主観勇気評定（項目1+3平均）,4.5,事前勇気>=4
23,4,葛藤なし,行動なし,4.0,post,主観勇気評定（項目1+3平均）,5.833333333333333,事前勇気>=4
24,4,葛藤なし,行動なし,3.0,post,主観勇気評定（項目1+3平均）,3.5,事前勇気<4
25,4,葛藤なし,行動なし,1.0,post,主観勇気評定（項目1+3平均）,4.166666666666667,事前勇気>=4
26,4,葛藤なし,行動なし,4.0,post,主観勇気評定（項目1+3平均）,3.6666666666666665,事前勇気<4
27,4,葛藤なし,行動なし,1.0,post,主観勇気評定（項目1+3平均）,1.3333333333333333,事前勇気<4
28,4,葛藤なし,行動なし,1.0,post,主観勇気評定（項目1+3平均）,5.333333333333333,事前勇気>=4
29,4,葛藤なし,行動なし,4.0,post,主観勇気評定（項目1+3平均）,6.0,事前勇気>=4
30,4,葛藤なし,行動なし,5.0,post,主観勇気評定（項目1+3平均）,1.8333333333333333,事前勇気<4
31,4,葛藤なし,行動なし,3.0,post,主観勇気評定（項目1+3平均）,3.5,事前勇気<4
32,4,葛藤なし,行動なし,6.0,post,主観勇気評定（項目1+3平均）,3.5,事前勇気<4
33,4,葛藤なし,行動なし,1.0,post,主観勇気評定（項目1+3平均）,5.5,事前勇気>=4
34,4,葛藤なし,行動なし,6.5,post,主観勇気評定（項目1+3平均）,5.166666666666667,事前勇気>=4
35,4,葛藤なし,行動なし,5.0,post,主観勇気評定（項目1+3平均）,5.166666666666667,事前勇気>=4
36,4,葛藤なし,行動なし,2.0,post,主観勇気評定（項目1+3平均）,2.6666666666666665,事前勇気<4
37,4,葛藤なし,行動なし,2.0,post,主観勇気評定（項目1+3平均）,3.5,事前勇気<4
38,4,葛藤なし,行動なし,2.0,post,主観勇気評定（項目1+3平均）,3.8333333333333335,事前勇気<4
39,4,葛藤なし,行動なし,1.0,post,主観勇気評定（項目1+3平均）,1.5,事前勇気<4
40,4,葛藤なし,行動なし,3.0,post,主観勇気評定（項目1+3平均）,2.3333333333333335,事前勇気<4
41,4,葛藤なし,行動なし,3.0,post,主観勇気評定（項目1+3平均）,3.8333333333333335,事前勇気<4
42,4,葛藤なし,行動なし,3.5,post,主観勇気評定（項目1+3平均）,2.8333333333333335,事前勇気<4
43,4,葛藤なし,行動なし,2.0,post,主観勇気評定（項目1+3平均）,3.5,事前勇気<4
44,4,葛藤なし,行動なし,1.0,post,主観勇気評定（項目1+3平均）,2.3333333333333335,事前勇気<4
45,4,葛藤なし,行動なし,4.0,post,主観勇気評定（項目1+3平均）,3.5,事前勇気<4
46,4,葛藤なし,行動なし,3.0,post,主観勇気評定（項目1+3平均）,3.3333333333333335,事前勇気<4
47,4,葛藤なし,行動なし,3.0,post,主観勇気評定（項目1+3平均）,5.166666666666667,事前勇気>=4
48,4,葛藤なし,行動なし,1.5,post,主観勇気評定（項目1+3平均）,4.5,事前勇気>=4
49,4,葛藤なし,行動なし,4.5,post,主観勇気評定（項目1+3平均）,3.6666666666666665,事前勇気<4
50,4,葛藤なし,行動なし,3.5,post,主観勇気評定（項目1+3平均）,4.5,事前勇気>=4
51,4,葛藤なし,行動なし,1.5,post,主観勇気評定（項目1+3平均）,2.0,事前勇気<4
52,4,葛藤なし,行動なし,1.0,post,主観勇気評定（項目1+3平均）,4.166666666666667,事前勇気>=4
53,4,葛藤なし,行動なし,3.0,post,主観勇気評定（項目1+3平均）,4.0,事前勇気>=4
54,4,葛藤なし,行動なし,3.0,post,主観勇気評定（項目1+3平均）,3.3333333333333335,事前勇気<4
55,4,葛藤なし,行動なし,6.0,post,主観勇気評定（項目1+3平均）,5.333333333333333,事前勇気>=4
56,4,葛藤なし,行動なし,2.0,post,主観勇気評定（項目1+3平均）,2.5,事前勇気<4
57,4,葛藤なし,行動なし,3.0,post,主観勇気評定（項目1+3平均）,2.5,事前勇気<4
58,4,葛藤なし,行動なし,3.5,post,主観勇気評定（項目1+3平均）,2.0,事前勇気<4
59,4,葛藤なし,行動なし,1.0,post,主観勇気評定（項目1+3平均）,2.0,事前勇気<4
60,4,葛藤なし,行動なし,3.5,post,主観勇気評定（項目1+3平均）,5.333333333333333,事前勇気>=4
61,4,葛藤なし,行動なし,1.5,post,主観勇気評定（項目1+3平均）,4.666666666666667,事前勇気>=4
62,4,葛藤なし,行動なし,4.0,post,主観勇気評定（項目1+3平均）,4.333333333333333,事前勇気>=4
63,4,葛藤なし,行動なし,1.0,post,主観勇気評定（項目1+3平均）,4.333333333333333,事前勇気>=4
64,4,葛藤なし,行動なし,1.0,post,主観勇気評定（項目1+3平均）,5.833333333333333,事前勇気>=4
65,4,葛藤なし,行動なし,2.0,post,主観勇気評定（項目1+3平均）,2.5,事前勇気<4
66,4,葛藤なし,行動なし,3.0,post,主観勇気評定（項目1+3平均）,4.5,事前勇気>=4
67,4,葛藤なし,行動なし,2.5,post,主観勇気評定（項目1+3平均）,3.8333333333333335,事前勇気<4
68,4,葛藤なし,行動なし,1.0,post,主観勇気評定（項目1+3平均）,4.166666666666667,事前勇気>=4
69,4,葛藤なし,行動なし,3.0,post,主観勇気評定（項目1+3平均）,4.833333333333333,事前勇気>=4
70,4,葛藤なし,行動なし,2.5,post,主観勇気評定（項目1+3平均）,2.6666666666666665,事前勇気<4
71,4,葛藤なし,行動なし,1.0,post,主観勇気評定（項目1+3平均）,4.666666666666667,事前勇気>=4
72,4,葛藤なし,行動なし,1.0,post,主観勇気評定（項目1+3平均）,1.8333333333333333,事前勇気<4
73,4,葛藤なし,行動なし,3.0,post,主観勇気評定（項目1+3平均）,4.5,事前勇気>=4
74,4,葛藤なし,行動なし,1.5,post,主観勇気評定（項目1+3平均）,4.833333333333333,事前勇気>=4
75,4,葛藤なし,行動なし,3.0,post,主観勇気評定（項目1+3平均）,1.8333333333333333,事前勇気<4
76,4,葛藤なし,行動なし,5.0,post,主観勇気評定（項目1+3平均）,4.833333333333333,事前勇気>=4
77,4,葛藤なし,行動なし,1.0,post,主観勇気評定（項目1+3平均）,2.0,事前勇気<4
78,4,葛藤なし,行動なし,2.0,post,主観勇気評定（項目1+3平均）,4.166666666666667,事前勇気>=4
79,4,葛藤なし,行動なし,1.0,post,主観勇気評定（項目1+3平均）,4.5,事前勇気>=4
80,4,葛藤なし,行動なし,2.5,post,主観勇気評定（項目1+3平均）,4.166666666666667,事前勇気>=4
81,4,葛藤なし,行動なし,3.0,post,主観勇気評定（項目1+3平均）,4.333333333333333,事前勇気>=4
82,4,葛藤なし,行動なし,5.0,post,主観勇気評定（項目1+3平均）,3.5,事前勇気<4
83,4,葛藤なし,行動なし,1.0,post,主観勇気評定（項目1+3平均）,2.0,事前勇気<4
84,4,葛藤なし,行動なし,1.0,post,主観勇気評定（項目1+3平均）,1.8333333333333333,事前勇気<4
85,4,葛藤なし,行動なし,2.0,post,主観勇気評定（項目1+3平均）,2.5,事前勇気<4
86,4,葛藤なし,行動なし,4.0,post,主観勇気評定（項目1+3平均）,4.0,事前勇気>=4
87,4,葛藤なし,行動なし,3.0,post,主観勇気評定（項目1+3平均）,3.0,事前勇気<4
88,4,葛藤なし,行動なし,1.0,post,主観勇気評定（項目1+3平均）,3.6666666666666665,事前勇気<4
89,4,葛藤なし,行動なし,1.0,post,主観勇気評定（項目1+3平均）,7.0,事前勇気>=4
90,4,葛藤なし,行動なし,2.0,post,主観勇気評定（項目1+3平均）,5.833333333333333,事前勇気>=4
91,4,葛藤なし,行動なし,4.0,post,主観勇気評定（項目1+3平均）,4.833333333333333,事前勇気>=4
92,4,葛藤なし,行動なし,1.0,post,主観勇気評定（項目1+3平均）,5.0,事前勇気>=4
93,4,葛藤なし,行動なし,4.5,post,主観勇気評定（項目1+3平均）,4.0,事前勇気>=4
94,4,葛藤なし,行動なし,1.0,post,主観勇気評定（項目1+3平均）,2.3333333333333335,事前勇気<4
95,4,葛藤なし,行動なし,6.5,post,主観勇気評定（項目1+3平均）,3.5,事前勇気<4
96,4,葛藤なし,行動なし,1.0,post,主観勇気評定（項目1+3平均）,4.5,事前勇気>=4
97,4,葛藤なし,行動なし,2.0,post,主観勇気評定（項目1+3平均）,3.5,事前勇気<4
98,4,葛藤なし,行動なし,2.0,post,主観勇気評定（項目1+3平均）,3.3333333333333335,事前勇気<4
99,4,葛藤なし,行動なし,1.0,post,主観勇気評定（項目1+3平均）,3.5,事前勇気<4
100,4,葛藤なし,行動なし,1.5,post,主観勇気評定（項目1+3平均）,2.3333333333333335,事前勇気<4
101,4,葛藤なし,行動なし,4.5,post,主観勇気評定（項目1+3平均）,1.5,事前勇気<4
102,4,葛藤なし,行動なし,4.5,post,主観勇気評定（項目1+3平均）,4.666666666666667,事前勇気>=4
103,4,葛藤なし,行動なし,2.5,post,主観勇気評定（項目1+3平均）,3.6666666666666665,事前勇気<4
104,4,葛藤なし,行動なし,4.0,post,主観勇気評定（項目1+3平均）,4.0,事前勇気>=4
105,4,葛藤なし,行動なし,4.5,post,主観勇気評定（項目1+3平均）,4.333333333333333,事前勇気>=4
106,4,葛藤なし,行動なし,3.5,post,主観勇気評定（項目1+3平均）,4.666666666666667,事前勇気>=4
107,4,葛藤なし,行動なし,2.0,post,主観勇気評定（項目1+3平均）,2.6666666666666665,事前勇気<4
108,4,葛藤なし,行動なし,1.0,post,主観勇気評定（項目1+3平均）,2.5,事前勇気<4
109,4,葛藤なし,行動なし,1.5,post,主観勇気評定（項目1+3平均）,3.1666666666666665,事前勇気<4
110,4,葛藤なし,行動なし,4.0,post,主観勇気評定（項目1+3平均）,4.166666666666667,事前勇気>=4
111,4,葛藤なし,行動なし,2.0,post,主観勇気評定（項目1+3平均）,3.8333333333333335,事前勇気<4
112,4,葛藤なし,行動なし,4.0,post,主観勇気評定（項目1+3平均）,3.6666666666666665,事前勇気<4
113,4,葛藤なし,行動なし,5.5,post,主観勇気評定（項目1+3平均）,5.166666666666667,事前勇気>=4
114,4,葛藤なし,行動なし,3.0,post,主観勇気評定（項目1+3平均）,3.3333333333333335,事前勇気<4
115,4,葛藤なし,行動なし,5.0,post,主観勇気評定（項目1+3平均）,3.6666666666666665,事前勇気<4
116,4,葛藤なし,行動なし,1.0,post,主観勇気評定（項目1+3平均）,2.5,事前勇気<4
117,4,葛藤なし,行動なし,2.0,post,主観勇気評定（項目1+3平均）,3.6666666666666665,事前勇気<4
118,4,葛藤なし,行動なし,4.0,post,主観勇気評定（項目1+3平均）,2.3333333333333335,事前勇気<4
119,4,葛藤なし,行動なし,2.0,post,主観勇気評定（項目1+3平均）,2.5,事前勇気<4
120,4,葛藤なし,行動なし,4.0,post,主観勇気評定（項目1+3平均）,4.5,事前勇気>=4
121,4,葛藤なし,行動なし,1.0,post,主観勇気評定（項目1+3平均）,6.833333333333333,事前勇気>=4
122,4,葛藤なし,行動なし,1.5,post,主観勇気評定（項目1+3平均）,3.1666666666666665,事前勇気<4
123,4,葛藤なし,行動なし,4.5,post,主観勇気評定（項目1+3平均）,3.3333333333333335,事前勇気<4
124,4,葛藤なし,行動なし,3.5,post,主観勇気評定（項目1+3平均）,3.1666666666666665,事前勇気<4
125,4,葛藤なし,行動なし,4.0,post,主観勇気評定（項目1+3平均）,4.333333333333333,事前勇気>=4
126,4,葛藤なし,行動なし,5.0,post,主観勇気評定（項目1+3平均）,3.6666666666666665,事前勇気<4
